{
  "anncomplete": true,
  "annotatable": {
    "parts": [
      "s1h1",
      "s2h1",
      "s2p1"
    ]
  },
  "entities": [
    {
      "classId": "e_1",
      "confidence": {
        "prob": 1.0,
        "state": "",
        "who": [
          "ml:GNormPlus"
        ]
      },
      "fields": {},
      "normalizations": {
        "n_6": {
          "confidence": {
            "prob": 1.0,
            "state": "",
            "who": [
              "ml:GNormPlus"
            ]
          },
          "recName": "ZMIZ2",
          "source": {
            "id": "83637",
            "name": "gene",
            "url": "http://www.ncbi.nlm.nih.gov/gene/83637"
          }
        },
        "n_7": {
          "confidence": {
            "prob": 1.0,
            "state": "",
            "who": [
              "user:Ashish"
            ]
          },
          "recName": "Zinc finger MIZ domain-containing protein 2",
          "source": {
            "id": "Q8NF64",
            "name": "protein",
            "url": "http://www.uniprot.org/uniprot/Q8NF64"
          }
        }
      },
      "offsets": [
        {
          "start": 0,
          "text": "hZimp7"
        }
      ],
      "part": "s1h1"
    },
    {
      "classId": "e_2",
      "confidence": {
        "prob": 1.0,
        "state": "",
        "who": [
          "ml:GNormPlus"
        ]
      },
      "fields": {},
      "normalizations": {
        "n_6": {
          "confidence": {
            "prob": 1.0,
            "state": "",
            "who": [
              "ml:GNormPlus"
            ]
          },
          "recName": "AR",
          "source": {
            "id": "367",
            "name": "gene",
            "url": "http://www.ncbi.nlm.nih.gov/gene/367"
          }
        },
        "n_7": {
          "confidence": {
            "prob": 1.0,
            "state": "",
            "who": [
              "user:Ashish"
            ]
          },
          "recName": "Androgen receptor",
          "source": {
            "id": "P10275",
            "name": "protein",
            "url": "http://www.uniprot.org/uniprot/P10275"
          }
        }
      },
      "offsets": [
        {
          "start": 44,
          "text": "androgen receptor"
        }
      ],
      "part": "s1h1"
    },
    {
      "classId": "e_1",
      "confidence": {
        "prob": 1.0,
        "state": "",
        "who": [
          "ml:GNormPlus"
        ]
      },
      "fields": {},
      "normalizations": {
        "n_6": {
          "confidence": {
            "prob": 1.0,
            "state": "",
            "who": [
              "ml:GNormPlus"
            ]
          },
          "recName": "ZMIZ2",
          "source": {
            "id": "83637",
            "name": "gene",
            "url": "http://www.ncbi.nlm.nih.gov/gene/83637"
          }
        },
        "n_7": {
          "confidence": {
            "prob": 1.0,
            "state": "",
            "who": [
              "user:Ashish"
            ]
          },
          "recName": "Zinc finger MIZ domain-containing protein 2",
          "source": {
            "id": "P10275",
            "name": "protein",
            "url": "http://www.uniprot.org/uniprot/P10275"
          }
        }
      },
      "offsets": [
        {
          "start": 543,
          "text": "hZimp7"
        }
      ],
      "part": "s2p1"
    },
    {
      "classId": "e_1",
      "confidence": {
        "prob": 1.0,
        "state": "",
        "who": [
          "ml:GNormPlus"
        ]
      },
      "fields": {},
      "normalizations": {
        "n_6": {
          "confidence": {
            "prob": 1.0,
            "state": "",
            "who": [
              "ml:GNormPlus"
            ]
          },
          "recName": "ZMIZ1",
          "source": {
            "id": "57178",
            "name": "gene",
            "url": "http://www.ncbi.nlm.nih.gov/gene/57178"
          }
        },
        "n_7": {
          "confidence": {
            "prob": 1.0,
            "state": "",
            "who": [
              "user:Ashish"
            ]
          },
          "recName": "Zinc finger MIZ domain-containing protein 1",
          "source": {
            "id": "Q9ULJ6",
            "name": "protein",
            "url": "http://www.uniprot.org/uniprot/Q9ULJ6"
          }
        }
      },
      "offsets": [
        {
          "start": 606,
          "text": "hZimp10"
        }
      ],
      "part": "s2p1"
    },
    {
      "classId": "e_2",
      "confidence": {
        "prob": 1.0,
        "state": "",
        "who": [
          "ml:GNormPlus"
        ]
      },
      "fields": {},
      "normalizations": {
        "n_6": {
          "confidence": {
            "prob": 1.0,
            "state": "",
            "who": [
              "ml:GNormPlus"
            ]
          },
          "recName": "PIAS2",
          "source": {
            "id": "9063",
            "name": "gene",
            "url": "http://www.ncbi.nlm.nih.gov/gene/9063"
          }
        },
        "n_7": {
          "confidence": {
            "prob": 1.0,
            "state": "",
            "who": [
              "user:Ashish"
            ]
          },
          "recName": "E3 SUMO-protein ligase PIAS2",
          "source": {
            "id": "O75928",
            "name": "protein",
            "url": "http://www.uniprot.org/uniprot/O75928"
          }
        }
      },
      "offsets": [
        {
          "start": 645,
          "text": "Miz1"
        }
      ],
      "part": "s2p1"
    },
    {
      "classId": "e_1",
      "confidence": {
        "prob": 1.0,
        "state": "",
        "who": [
          "ml:GNormPlus"
        ]
      },
      "fields": {},
      "normalizations": {
        "n_6": {
          "confidence": {
            "prob": 1.0,
            "state": "",
            "who": [
              "ml:GNormPlus"
            ]
          },
          "recName": "ZMIZ2",
          "source": {
            "id": "83637",
            "name": "gene",
            "url": "http://www.ncbi.nlm.nih.gov/gene/83637"
          }
        },
        "n_7": {
          "confidence": {
            "prob": 1.0,
            "state": "",
            "who": [
              "user:Ashish"
            ]
          },
          "recName": "Zinc finger MIZ domain-containing protein 2",
          "source": {
            "id": "O75928",
            "name": "protein",
            "url": "http://www.uniprot.org/uniprot/O75928"
          }
        }
      },
      "offsets": [
        {
          "start": 688,
          "text": "hZimp7"
        }
      ],
      "part": "s2p1"
    },
    {
      "classId": "e_2",
      "confidence": {
        "prob": 1.0,
        "state": "",
        "who": [
          "ml:GNormPlus"
        ]
      },
      "fields": {},
      "normalizations": {
        "n_6": {
          "confidence": {
            "prob": 1.0,
            "state": "",
            "who": [
              "ml:GNormPlus"
            ]
          },
          "recName": "PIAS2",
          "source": {
            "id": "9063",
            "name": "gene",
            "url": "http://www.ncbi.nlm.nih.gov/gene/9063"
          }
        },
        "n_7": {
          "confidence": {
            "prob": 1.0,
            "state": "",
            "who": [
              "user:Ashish"
            ]
          },
          "recName": "E3 SUMO-protein ligase PIAS2",
          "source": {
            "id": "O75928",
            "name": "protein",
            "url": "http://www.uniprot.org/uniprot/O75928"
          }
        }
      },
      "offsets": [
        {
          "start": 726,
          "text": "Miz1"
        }
      ],
      "part": "s2p1"
    },
    {
      "classId": "e_1",
      "confidence": {
        "prob": 1.0,
        "state": "",
        "who": [
          "ml:GNormPlus"
        ]
      },
      "fields": {},
      "normalizations": {
        "n_6": {
          "confidence": {
            "prob": 1.0,
            "state": "",
            "who": [
              "ml:GNormPlus"
            ]
          },
          "recName": "ZMIZ2",
          "source": {
            "id": "83637",
            "name": "gene",
            "url": "http://www.ncbi.nlm.nih.gov/gene/83637"
          }
        },
        "n_7": {
          "confidence": {
            "prob": 1.0,
            "state": "",
            "who": [
              "user:Ashish"
            ]
          },
          "recName": "Zinc finger MIZ domain-containing protein 2",
          "source": {
            "id": "O75928",
            "name": "protein",
            "url": "http://www.uniprot.org/uniprot/O75928"
          }
        }
      },
      "offsets": [
        {
          "start": 1005,
          "text": "hZimp7"
        }
      ],
      "part": "s2p1"
    },
    {
      "classId": "e_1",
      "confidence": {
        "prob": 1.0,
        "state": "",
        "who": [
          "ml:GNormPlus"
        ]
      },
      "fields": {},
      "normalizations": {
        "n_6": {
          "confidence": {
            "prob": 1.0,
            "state": "",
            "who": [
              "ml:GNormPlus"
            ]
          },
          "recName": "ZMIZ2",
          "source": {
            "id": "83637",
            "name": "gene",
            "url": "http://www.ncbi.nlm.nih.gov/gene/83637"
          }
        },
        "n_7": {
          "confidence": {
            "prob": 1.0,
            "state": "",
            "who": [
              "user:Ashish"
            ]
          },
          "recName": "Zinc finger MIZ domain-containing protein 2",
          "source": {
            "id": "O75928",
            "name": "protein",
            "url": "http://www.uniprot.org/uniprot/O75928"
          }
        }
      },
      "offsets": [
        {
          "start": 1169,
          "text": "hZimp7"
        }
      ],
      "part": "s2p1"
    },
    {
      "classId": "e_2",
      "confidence": {
        "prob": 1.0,
        "state": "",
        "who": [
          "ml:GNormPlus"
        ]
      },
      "fields": {},
      "normalizations": {
        "n_6": {
          "confidence": {
            "prob": 1.0,
            "state": "",
            "who": [
              "ml:GNormPlus"
            ]
          },
          "recName": "AR",
          "source": {
            "id": "367",
            "name": "gene",
            "url": "http://www.ncbi.nlm.nih.gov/gene/367"
          }
        },
        "n_7": {
          "confidence": {
            "prob": 1.0,
            "state": "",
            "who": [
              "user:Ashish"
            ]
          },
          "recName": "Androgen receptor",
          "source": {
            "id": "O75928",
            "name": "protein",
            "url": "http://www.uniprot.org/uniprot/O75928"
          }
        }
      },
      "offsets": [
        {
          "start": 1259,
          "text": "androgen receptor"
        }
      ],
      "part": "s2p1"
    },
    {
      "classId": "e_2",
      "confidence": {
        "prob": 1,
        "state": "",
        "who": [
          "user:Ashish"
        ]
      },
      "fields": {},
      "normalizations": {
        "n_6": {
          "confidence": {
            "prob": 1.0,
            "state": "",
            "who": [
              "ml:GNormPlus"
            ]
          },
          "recName": "AR",
          "source": {
            "id": "367",
            "name": "gene",
            "url": "http://www.ncbi.nlm.nih.gov/gene/367"
          }
        },
        "n_7": {
          "confidence": {
            "prob": 1.0,
            "state": "",
            "who": [
              "user:Ashish"
            ]
          },
          "recName": "Androgen receptor",
          "source": {
            "id": "O75928",
            "name": "protein",
            "url": "http://www.uniprot.org/uniprot/O75928"
          }
        }
      },
      "offsets": [
        {
          "start": 1278,
          "text": "AR"
        }
      ],
      "part": "s2p1"
    },
    {
      "classId": "e_1",
      "confidence": {
        "prob": 1.0,
        "state": "",
        "who": [
          "ml:GNormPlus"
        ]
      },
      "fields": {},
      "normalizations": {
        "n_6": {
          "confidence": {
            "prob": 1.0,
            "state": "",
            "who": [
              "ml:GNormPlus"
            ]
          },
          "recName": "ZMIZ2",
          "source": {
            "id": "83637",
            "name": "gene",
            "url": "http://www.ncbi.nlm.nih.gov/gene/83637"
          }
        },
        "n_7": {
          "confidence": {
            "prob": 1.0,
            "state": "",
            "who": [
              "user:Ashish"
            ]
          },
          "recName": "Zinc finger MIZ domain-containing protein 2",
          "source": {
            "id": "O75928",
            "name": "protein",
            "url": "http://www.uniprot.org/uniprot/O75928"
          }
        }
      },
      "offsets": [
        {
          "start": 1303,
          "text": "hZimp7"
        }
      ],
      "part": "s2p1"
    },
    {
      "classId": "e_1",
      "confidence": {
        "prob": 1.0,
        "state": "",
        "who": [
          "ml:GNormPlus"
        ]
      },
      "fields": {},
      "normalizations": {
        "n_6": {
          "confidence": {
            "prob": 1.0,
            "state": "",
            "who": [
              "ml:GNormPlus"
            ]
          },
          "recName": "ZMIZ2",
          "source": {
            "id": "83637",
            "name": "gene",
            "url": "http://www.ncbi.nlm.nih.gov/gene/83637"
          }
        },
        "n_7": {
          "confidence": {
            "prob": 1.0,
            "state": "",
            "who": [
              "user:Ashish"
            ]
          },
          "recName": "Zinc finger MIZ domain-containing protein 2",
          "source": {
            "id": "O75928",
            "name": "protein",
            "url": "http://www.uniprot.org/uniprot/O75928"
          }
        }
      },
      "offsets": [
        {
          "start": 1349,
          "text": "hZimp7"
        }
      ],
      "part": "s2p1"
    },
    {
      "classId": "e_2",
      "confidence": {
        "prob": 1,
        "state": "pre-added",
        "who": [
          "user:Ashish"
        ]
      },
      "fields": {},
      "normalizations": {
        "n_6": {
          "confidence": {
            "prob": 1.0,
            "state": "",
            "who": [
              "ml:GNormPlus"
            ]
          },
          "recName": "AR",
          "source": {
            "id": "367",
            "name": "gene",
            "url": "http://www.ncbi.nlm.nih.gov/gene/367"
          }
        },
        "n_7": {
          "confidence": {
            "prob": 1.0,
            "state": "",
            "who": [
              "user:Ashish"
            ]
          },
          "recName": "Androgen receptor",
          "source": {
            "id": "O75928",
            "name": "protein",
            "url": "http://www.uniprot.org/uniprot/O75928"
          }
        }
      },
      "offsets": [
        {
          "start": 1364,
          "text": "AR"
        }
      ],
      "part": "s2p1"
    },
    {
      "classId": "e_1",
      "confidence": {
        "prob": 1.0,
        "state": "",
        "who": [
          "ml:GNormPlus"
        ]
      },
      "fields": {},
      "normalizations": {
        "n_6": {
          "confidence": {
            "prob": 1.0,
            "state": "",
            "who": [
              "ml:GNormPlus"
            ]
          },
          "recName": "ZMIZ2",
          "source": {
            "id": "83637",
            "name": "gene",
            "url": "http://www.ncbi.nlm.nih.gov/gene/83637"
          }
        },
        "n_7": {
          "confidence": {
            "prob": 1.0,
            "state": "",
            "who": [
              "user:Ashish"
            ]
          },
          "recName": "Zinc finger MIZ domain-containing protein 2",
          "source": {
            "id": "O75928",
            "name": "protein",
            "url": "http://www.uniprot.org/uniprot/O75928"
          }
        }
      },
      "offsets": [
        {
          "start": 1492,
          "text": "hZimp7"
        }
      ],
      "part": "s2p1"
    },
    {
      "classId": "e_2",
      "confidence": {
        "prob": 1,
        "state": "pre-added",
        "who": [
          "user:Ashish"
        ]
      },
      "fields": {},
      "normalizations": {
        "n_6": {
          "confidence": {
            "prob": 1.0,
            "state": "",
            "who": [
              "ml:GNormPlus"
            ]
          },
          "recName": "AR",
          "source": {
            "id": "367",
            "name": "gene",
            "url": "http://www.ncbi.nlm.nih.gov/gene/367"
          }
        },
        "n_7": {
          "confidence": {
            "prob": 1.0,
            "state": "",
            "who": [
              "user:Ashish"
            ]
          },
          "recName": "Androgen receptor",
          "source": {
            "id": "O75928",
            "name": "protein",
            "url": "http://www.uniprot.org/uniprot/O75928"
          }
        }
      },
      "offsets": [
        {
          "start": 1544,
          "text": "AR"
        }
      ],
      "part": "s2p1"
    },
    {
      "classId": "e_1",
      "confidence": {
        "prob": 1.0,
        "state": "",
        "who": [
          "ml:GNormPlus"
        ]
      },
      "fields": {},
      "normalizations": {
        "n_6": {
          "confidence": {
            "prob": 1.0,
            "state": "",
            "who": [
              "ml:GNormPlus"
            ]
          },
          "recName": "ZMIZ2",
          "source": {
            "id": "83637",
            "name": "gene",
            "url": "http://www.ncbi.nlm.nih.gov/gene/83637"
          }
        },
        "n_7": {
          "confidence": {
            "prob": 1.0,
            "state": "",
            "who": [
              "user:Ashish"
            ]
          },
          "recName": "Zinc finger MIZ domain-containing protein 2",
          "source": {
            "id": "O75928",
            "name": "protein",
            "url": "http://www.uniprot.org/uniprot/O75928"
          }
        }
      },
      "offsets": [
        {
          "start": 1621,
          "text": "hZimp7"
        }
      ],
      "part": "s2p1"
    },
    {
      "classId": "e_2",
      "confidence": {
        "prob": 1,
        "state": "",
        "who": [
          "user:Ashish"
        ]
      },
      "fields": {},
      "normalizations": {
        "n_6": {
          "confidence": {
            "prob": 1.0,
            "state": "",
            "who": [
              "ml:GNormPlus"
            ]
          },
          "recName": "AR",
          "source": {
            "id": "367",
            "name": "gene",
            "url": "http://www.ncbi.nlm.nih.gov/gene/367"
          }
        },
        "n_7": {
          "confidence": {
            "prob": 1.0,
            "state": "",
            "who": [
              "user:Ashish"
            ]
          },
          "recName": "Androgen receptor",
          "source": {
            "id": "O75928",
            "name": "protein",
            "url": "http://www.uniprot.org/uniprot/O75928"
          }
        }
      },
      "offsets": [
        {
          "start": 1677,
          "text": "AR"
        }
      ],
      "part": "s2p1"
    },
    {
      "classId": "e_1",
      "confidence": {
        "prob": 1.0,
        "state": "",
        "who": [
          "ml:GNormPlus"
        ]
      },
      "fields": {},
      "normalizations": {
        "n_6": {
          "confidence": {
            "prob": 1.0,
            "state": "",
            "who": [
              "ml:GNormPlus"
            ]
          },
          "recName": "ZMIZ2",
          "source": {
            "id": "83637",
            "name": "gene",
            "url": "http://www.ncbi.nlm.nih.gov/gene/83637"
          }
        },
        "n_7": {
          "confidence": {
            "prob": 1.0,
            "state": "",
            "who": [
              "user:Ashish"
            ]
          },
          "recName": "Zinc finger MIZ domain-containing protein 2",
          "source": {
            "id": "O75928",
            "name": "protein",
            "url": "http://www.uniprot.org/uniprot/O75928"
          }
        }
      },
      "offsets": [
        {
          "start": 1732,
          "text": "hZimp7"
        }
      ],
      "part": "s2p1"
    },
    {
      "classId": "e_1",
      "confidence": {
        "prob": 1.0,
        "state": "",
        "who": [
          "ml:GNormPlus"
        ]
      },
      "fields": {},
      "normalizations": {
        "n_6": {
          "confidence": {
            "prob": 1.0,
            "state": "",
            "who": [
              "ml:GNormPlus"
            ]
          },
          "recName": "SMARCA4",
          "source": {
            "id": "6597",
            "name": "gene",
            "url": "http://www.ncbi.nlm.nih.gov/gene/6597"
          }
        },
        "n_7": {
          "confidence": {
            "prob": 1.0,
            "state": "",
            "who": [
              "user:Ashish"
            ]
          },
          "recName": "Transcription activator BRG1",
          "source": {
            "id": "P51532",
            "name": "protein",
            "url": "http://www.uniprot.org/uniprot/P51532"
          }
        }
      },
      "offsets": [
        {
          "start": 1766,
          "text": "Brg1"
        }
      ],
      "part": "s2p1"
    },
    {
      "classId": "e_1",
      "confidence": {
        "prob": 1.0,
        "state": "",
        "who": [
          "ml:GNormPlus"
        ]
      },
      "fields": {},
      "normalizations": {
        "n_6": {
          "confidence": {
            "prob": 1.0,
            "state": "",
            "who": [
              "ml:GNormPlus"
            ]
          },
          "recName": "SMARCE1",
          "source": {
            "id": "6605",
            "name": "gene",
            "url": "http://www.ncbi.nlm.nih.gov/gene/6605"
          }
        },
        "n_7": {
          "confidence": {
            "prob": 1.0,
            "state": "",
            "who": [
              "user:Ashish"
            ]
          },
          "recName": "SWI/SNF-related matrix-associated actin-dependent regulator of chromatin subfamily E member 1",
          "source": {
            "id": "Q969G3",
            "name": "protein",
            "url": "http://www.uniprot.org/uniprot/Q969G3"
          }
        }
      },
      "offsets": [
        {
          "start": 1775,
          "text": "BAF57"
        }
      ],
      "part": "s2p1"
    },
    {
      "classId": "e_1",
      "confidence": {
        "prob": 1,
        "state": "",
        "who": [
          "ml:GNormPlus"
        ]
      },
      "fields": {},
      "normalizations": {
        "n_6": {
          "confidence": {
            "prob": 1.0,
            "state": "",
            "who": [
              "ml:GNormPlus"
            ]
          },
          "recName": "ZMIZ2",
          "source": {
            "id": "83637",
            "name": "gene",
            "url": "http://www.ncbi.nlm.nih.gov/gene/83637"
          }
        },
        "n_7": {
          "confidence": {
            "prob": 1.0,
            "state": "",
            "who": [
              "user:Ashish"
            ]
          },
          "recName": "Zinc finger MIZ domain-containing protein 2",
          "source": {
            "id": "P10275",
            "name": "protein",
            "url": "http://www.uniprot.org/uniprot/P10275"
          }
        }
      },
      "offsets": [
        {
          "start": 1920,
          "text": "hZimp7"
        }
      ],
      "part": "s2p1"
    },
    {
      "classId": "e_2",
      "confidence": {
        "prob": 1,
        "state": "",
        "who": [
          "user:Ashish"
        ]
      },
      "fields": {},
      "normalizations": {
        "n_6": {
          "confidence": {
            "prob": 1.0,
            "state": "",
            "who": [
              "ml:GNormPlus"
            ]
          },
          "recName": "AR",
          "source": {
            "id": "367",
            "name": "gene",
            "url": "http://www.ncbi.nlm.nih.gov/gene/367"
          }
        },
        "n_7": {
          "confidence": {
            "prob": 1.0,
            "state": "",
            "who": [
              "user:Ashish"
            ]
          },
          "recName": "Androgen receptor",
          "source": {
            "id": "O75928",
            "name": "protein",
            "url": "http://www.uniprot.org/uniprot/O75928"
          }
        }
      },
      "offsets": [
        {
          "start": 1944,
          "text": "AR"
        }
      ],
      "part": "s2p1"
    }
  ],
  "metas": {},
  "relations": [
    {
      "classId": "r_4",
      "confidence": {
        "prob": 1,
        "state": "",
        "who": [
          "user:Ashish"
        ]
      },
      "directed": false,
      "entities": [
        "s1h1|0,6",
        "s1h1|44,61"
      ],
      "type": "linked"
    },
    {
      "classId": "r_4",
      "confidence": {
        "prob": 1,
        "state": "",
        "who": [
          "user:Ashish"
        ]
      },
      "directed": false,
      "entities": [
        "s2p1|1169,1175",
        "s2p1|1259,1276"
      ],
      "type": "linked"
    }
  ],
  "sources": [
    {
      "id": "16051670",
      "name": "MEDLINE",
      "url": "http://ncbi.nlm.nih.gov/pubmed/16051670"
    },
    {
      "id": "16051670",
      "name": "PMID",
      "url": "http://www.ncbi.nlm.nih.gov/pubmed/16051670"
    }
  ]
}