{
  "anncomplete": true,
  "annotatable": {
    "parts": [
      "s1h1",
      "s2h1",
      "s2p1"
    ]
  },
  "entities": [
    {
      "classId": "e_1",
      "confidence": {
        "prob": 1,
        "state": "",
        "who": [
          "ml:GNormPlus"
        ]
      },
      "fields": {},
      "normalizations": {
        "n_6": {
          "confidence": {
            "prob": 1.0,
            "state": "",
            "who": [
              "ml:GNormPlus"
            ]
          },
          "recName": "MMP1",
          "source": {
            "id": "4312",
            "name": "gene",
            "url": "http://www.ncbi.nlm.nih.gov/gene/4312"
          }
        },
        "n_7": {
          "confidence": {
            "prob": 1.0,
            "state": "",
            "who": [
              "user:Ashish"
            ]
          },
          "recName": "Interstitial collagenase",
          "source": {
            "id": "P03956",
            "name": "protein",
            "url": "http://www.uniprot.org/uniprot/P03956"
          }
        }
      },
      "offsets": [
        {
          "start": 30,
          "text": "MMP-1"
        }
      ],
      "part": "s1h1"
    },
    {
      "classId": "e_2",
      "confidence": {
        "prob": 1.0,
        "state": "",
        "who": [
          "ml:GNormPlus"
        ]
      },
      "fields": {},
      "normalizations": {
        "n_6": {
          "confidence": {
            "prob": 1.0,
            "state": "",
            "who": [
              "ml:GNormPlus"
            ]
          },
          "recName": "BATF3",
          "source": {
            "id": "55509",
            "name": "gene",
            "url": "http://www.ncbi.nlm.nih.gov/gene/55509"
          }
        },
        "n_7": {
          "confidence": {
            "prob": 1.0,
            "state": "",
            "who": [
              "user:Ashish"
            ]
          },
          "recName": "Basic leucine zipper transcriptional factor ATF-like 3",
          "source": {
            "id": "Q9NR55",
            "name": "protein",
            "url": "http://www.uniprot.org/uniprot/Q9NR55"
          }
        }
      },
      "offsets": [
        {
          "start": 39,
          "text": "p21SNFT"
        }
      ],
      "part": "s1h1"
    },
    {
      "classId": "e_2",
      "confidence": {
        "prob": 1.0,
        "state": "",
        "who": [
          "ml:GNormPlus"
        ]
      },
      "fields": {},
      "normalizations": {
        "n_6": {
          "confidence": {
            "prob": 1.0,
            "state": "",
            "who": [
              "ml:GNormPlus"
            ]
          },
          "recName": "BATF3",
          "source": {
            "id": "55509",
            "name": "gene",
            "url": "http://www.ncbi.nlm.nih.gov/gene/55509"
          }
        },
        "n_7": {
          "confidence": {
            "prob": 1.0,
            "state": "",
            "who": [
              "user:Ashish"
            ]
          },
          "recName": "Basic leucine zipper transcriptional factor ATF-like 3",
          "source": {
            "id": "Q9NR55",
            "name": "protein",
            "url": "http://www.uniprot.org/uniprot/Q9NR55"
          }
        }
      },
      "offsets": [
        {
          "start": 0,
          "text": "p21SNFT"
        }
      ],
      "part": "s2p1"
    },
    {
      "classId": "e_2",
      "confidence": {
        "prob": 1.0,
        "state": "",
        "who": [
          "ml:GNormPlus"
        ]
      },
      "fields": {},
      "normalizations": {
        "n_6": {
          "confidence": {
            "prob": 1.0,
            "state": "",
            "who": [
              "ml:GNormPlus"
            ]
          },
          "recName": "BATF3",
          "source": {
            "id": "55509",
            "name": "gene",
            "url": "http://www.ncbi.nlm.nih.gov/gene/55509"
          }
        },
        "n_7": {
          "confidence": {
            "prob": 1.0,
            "state": "",
            "who": [
              "user:Ashish"
            ]
          },
          "recName": "Basic leucine zipper transcriptional factor ATF-like 3",
          "source": {
            "id": "Q9NR55",
            "name": "protein",
            "url": "http://www.uniprot.org/uniprot/Q9NR55"
          }
        }
      },
      "offsets": [
        {
          "start": 195,
          "text": "p21SNFT"
        }
      ],
      "part": "s2p1"
    },
    {
      "classId": "e_1",
      "confidence": {
        "prob": 1.0,
        "state": "",
        "who": [
          "ml:GNormPlus"
        ]
      },
      "fields": {},
      "normalizations": {
        "n_6": {
          "confidence": {
            "prob": 1.0,
            "state": "",
            "who": [
              "ml:GNormPlus"
            ]
          },
          "recName": "MMP1",
          "source": {
            "id": "4312",
            "name": "gene",
            "url": "http://www.ncbi.nlm.nih.gov/gene/4312"
          }
        },
        "n_7": {
          "confidence": {
            "prob": 1.0,
            "state": "",
            "who": [
              "user:Ashish"
            ]
          },
          "recName": "Interstitial collagenase",
          "source": {
            "id": "P03956",
            "name": "protein",
            "url": "http://www.uniprot.org/uniprot/P03956"
          }
        }
      },
      "offsets": [
        {
          "start": 241,
          "text": "matrix metalloproteinase-1"
        }
      ],
      "part": "s2p1"
    },
    {
      "classId": "e_2",
      "confidence": {
        "prob": 1.0,
        "state": "",
        "who": [
          "ml:GNormPlus"
        ]
      },
      "fields": {},
      "normalizations": {
        "n_6": {
          "confidence": {
            "prob": 1.0,
            "state": "",
            "who": [
              "ml:GNormPlus"
            ]
          },
          "recName": "BATF3",
          "source": {
            "id": "55509",
            "name": "gene",
            "url": "http://www.ncbi.nlm.nih.gov/gene/55509"
          }
        },
        "n_7": {
          "confidence": {
            "prob": 1.0,
            "state": "",
            "who": [
              "user:Ashish"
            ]
          },
          "recName": "Basic leucine zipper transcriptional factor ATF-like 3",
          "source": {
            "id": "P03956",
            "name": "protein",
            "url": "http://www.uniprot.org/uniprot/P03956"
          }
        }
      },
      "offsets": [
        {
          "start": 279,
          "text": "p21SNFT"
        }
      ],
      "part": "s2p1"
    },
    {
      "classId": "e_1",
      "confidence": {
        "prob": 1.0,
        "state": "",
        "who": [
          "ml:GNormPlus"
        ]
      },
      "fields": {},
      "normalizations": {
        "n_6": {
          "confidence": {
            "prob": 1.0,
            "state": "",
            "who": [
              "ml:GNormPlus"
            ]
          },
          "recName": "MMP1",
          "source": {
            "id": "4312",
            "name": "gene",
            "url": "http://www.ncbi.nlm.nih.gov/gene/4312"
          }
        },
        "n_7": {
          "confidence": {
            "prob": 1.0,
            "state": "",
            "who": [
              "user:Ashish"
            ]
          },
          "recName": "Interstitial collagenase",
          "source": {
            "id": "P03956",
            "name": "protein",
            "url": "http://www.uniprot.org/uniprot/P03956"
          }
        }
      },
      "offsets": [
        {
          "start": 314,
          "text": "matrix metalloproteinase-1"
        }
      ],
      "part": "s2p1"
    },
    {
      "classId": "e_2",
      "confidence": {
        "prob": 1.0,
        "state": "",
        "who": [
          "ml:GNormPlus"
        ]
      },
      "fields": {},
      "normalizations": {
        "n_6": {
          "confidence": {
            "prob": 1.0,
            "state": "",
            "who": [
              "ml:GNormPlus"
            ]
          },
          "recName": "FOS",
          "source": {
            "id": "2353",
            "name": "gene",
            "url": "http://www.ncbi.nlm.nih.gov/gene/2353"
          }
        },
        "n_7": {
          "confidence": {
            "prob": 1.0,
            "state": "",
            "who": [
              "user:Ashish"
            ]
          },
          "recName": "Proto-oncogene c-Fos",
          "source": {
            "id": "P01100",
            "name": "protein",
            "url": "http://www.uniprot.org/uniprot/P01100"
          }
        }
      },
      "offsets": [
        {
          "start": 447,
          "text": "Fos"
        }
      ],
      "part": "s2p1"
    },
    {
      "classId": "e_2",
      "confidence": {
        "prob": 1.0,
        "state": "",
        "who": [
          "ml:GNormPlus"
        ]
      },
      "fields": {},
      "normalizations": {
        "n_6": {
          "confidence": {
            "prob": 1.0,
            "state": "",
            "who": [
              "ml:GNormPlus"
            ]
          },
          "recName": "BATF3",
          "source": {
            "id": "55509",
            "name": "gene",
            "url": "http://www.ncbi.nlm.nih.gov/gene/55509"
          }
        },
        "n_7": {
          "confidence": {
            "prob": 1.0,
            "state": "",
            "who": [
              "user:Ashish"
            ]
          },
          "recName": "Basic leucine zipper transcriptional factor ATF-like 3",
          "source": {
            "id": "P01100",
            "name": "protein",
            "url": "http://www.uniprot.org/uniprot/P01100"
          }
        }
      },
      "offsets": [
        {
          "start": 474,
          "text": "p21SNFT"
        }
      ],
      "part": "s2p1"
    },
    {
      "classId": "e_2",
      "confidence": {
        "prob": 1.0,
        "state": "",
        "who": [
          "ml:GNormPlus"
        ]
      },
      "fields": {},
      "normalizations": {
        "n_6": {
          "confidence": {
            "prob": 1.0,
            "state": "",
            "who": [
              "ml:GNormPlus"
            ]
          },
          "recName": "FOS",
          "source": {
            "id": "2353",
            "name": "gene",
            "url": "http://www.ncbi.nlm.nih.gov/gene/2353"
          }
        },
        "n_7": {
          "confidence": {
            "prob": 1.0,
            "state": "",
            "who": [
              "user:Ashish"
            ]
          },
          "recName": "Proto-oncogene c-Fos",
          "source": {
            "id": "P01100",
            "name": "protein",
            "url": "http://www.uniprot.org/uniprot/P01100"
          }
        }
      },
      "offsets": [
        {
          "start": 575,
          "text": "Fos"
        }
      ],
      "part": "s2p1"
    },
    {
      "classId": "e_2",
      "confidence": {
        "prob": 1.0,
        "state": "",
        "who": [
          "ml:GNormPlus"
        ]
      },
      "fields": {},
      "normalizations": {
        "n_6": {
          "confidence": {
            "prob": 1.0,
            "state": "",
            "who": [
              "ml:GNormPlus"
            ]
          },
          "recName": "BATF3",
          "source": {
            "id": "55509",
            "name": "gene",
            "url": "http://www.ncbi.nlm.nih.gov/gene/55509"
          }
        },
        "n_7": {
          "confidence": {
            "prob": 1.0,
            "state": "",
            "who": [
              "user:Ashish"
            ]
          },
          "recName": "Basic leucine zipper transcriptional factor ATF-like 3",
          "source": {
            "id": "P01100",
            "name": "protein",
            "url": "http://www.uniprot.org/uniprot/P01100"
          }
        }
      },
      "offsets": [
        {
          "start": 662,
          "text": "p21SNFT"
        }
      ],
      "part": "s2p1"
    },
    {
      "classId": "e_2",
      "confidence": {
        "prob": 1.0,
        "state": "",
        "who": [
          "ml:GNormPlus"
        ]
      },
      "fields": {},
      "normalizations": {
        "n_6": {
          "confidence": {
            "prob": 1.0,
            "state": "",
            "who": [
              "ml:GNormPlus"
            ]
          },
          "recName": "FOS",
          "source": {
            "id": "2353",
            "name": "gene",
            "url": "http://www.ncbi.nlm.nih.gov/gene/2353"
          }
        },
        "n_7": {
          "confidence": {
            "prob": 1.0,
            "state": "",
            "who": [
              "user:Ashish"
            ]
          },
          "recName": "Proto-oncogene c-Fos",
          "source": {
            "id": "P01100",
            "name": "protein",
            "url": "http://www.uniprot.org/uniprot/P01100"
          }
        }
      },
      "offsets": [
        {
          "start": 685,
          "text": "Fos"
        }
      ],
      "part": "s2p1"
    },
    {
      "classId": "e_1",
      "confidence": {
        "prob": 1.0,
        "state": "",
        "who": [
          "ml:GNormPlus"
        ]
      },
      "fields": {},
      "normalizations": {
        "n_6": {
          "confidence": {
            "prob": 1.0,
            "state": "",
            "who": [
              "ml:GNormPlus"
            ]
          },
          "recName": "MMP1",
          "source": {
            "id": "4312",
            "name": "gene",
            "url": "http://www.ncbi.nlm.nih.gov/gene/4312"
          }
        },
        "n_7": {
          "confidence": {
            "prob": 1.0,
            "state": "",
            "who": [
              "user:Ashish"
            ]
          },
          "recName": "Interstitial collagenase",
          "source": {
            "id": "P01100",
            "name": "protein",
            "url": "http://www.uniprot.org/uniprot/P01100"
          }
        }
      },
      "offsets": [
        {
          "start": 752,
          "text": "matrix metalloproteinase-1"
        }
      ],
      "part": "s2p1"
    },
    {
      "classId": "e_2",
      "confidence": {
        "prob": 1.0,
        "state": "",
        "who": [
          "ml:GNormPlus"
        ]
      },
      "fields": {},
      "normalizations": {
        "n_6": {
          "confidence": {
            "prob": 1.0,
            "state": "",
            "who": [
              "ml:GNormPlus"
            ]
          },
          "recName": "BATF3",
          "source": {
            "id": "55509",
            "name": "gene",
            "url": "http://www.ncbi.nlm.nih.gov/gene/55509"
          }
        },
        "n_7": {
          "confidence": {
            "prob": 1.0,
            "state": "",
            "who": [
              "user:Ashish"
            ]
          },
          "recName": "Basic leucine zipper transcriptional factor ATF-like 3",
          "source": {
            "id": "P01100",
            "name": "protein",
            "url": "http://www.uniprot.org/uniprot/P01100"
          }
        }
      },
      "offsets": [
        {
          "start": 782,
          "text": "p21SNFT"
        }
      ],
      "part": "s2p1"
    },
    {
      "classId": "e_2",
      "confidence": {
        "prob": 1.0,
        "state": "",
        "who": [
          "ml:GNormPlus"
        ]
      },
      "fields": {},
      "normalizations": {
        "n_6": {
          "confidence": {
            "prob": 1.0,
            "state": "",
            "who": [
              "ml:GNormPlus"
            ]
          },
          "recName": "BATF3",
          "source": {
            "id": "55509",
            "name": "gene",
            "url": "http://www.ncbi.nlm.nih.gov/gene/55509"
          }
        },
        "n_7": {
          "confidence": {
            "prob": 1.0,
            "state": "",
            "who": [
              "user:Ashish"
            ]
          },
          "recName": "Basic leucine zipper transcriptional factor ATF-like 3",
          "source": {
            "id": "P01100",
            "name": "protein",
            "url": "http://www.uniprot.org/uniprot/P01100"
          }
        }
      },
      "offsets": [
        {
          "start": 809,
          "text": "p21SNFT"
        }
      ],
      "part": "s2p1"
    },
    {
      "classId": "e_1",
      "confidence": {
        "prob": 1.0,
        "state": "",
        "who": [
          "ml:GNormPlus"
        ]
      },
      "fields": {},
      "normalizations": {
        "n_6": {
          "confidence": {
            "prob": 1.0,
            "state": "",
            "who": [
              "ml:GNormPlus"
            ]
          },
          "recName": "MMP1",
          "source": {
            "id": "4312",
            "name": "gene",
            "url": "http://www.ncbi.nlm.nih.gov/gene/4312"
          }
        },
        "n_7": {
          "confidence": {
            "prob": 1.0,
            "state": "",
            "who": [
              "user:Ashish"
            ]
          },
          "recName": "Interstitial collagenase",
          "source": {
            "id": "P01100",
            "name": "protein",
            "url": "http://www.uniprot.org/uniprot/P01100"
          }
        }
      },
      "offsets": [
        {
          "start": 993,
          "text": "matrix metalloproteinase-1"
        }
      ],
      "part": "s2p1"
    },
    {
      "classId": "e_1",
      "confidence": {
        "prob": 1.0,
        "state": "",
        "who": [
          "ml:GNormPlus"
        ]
      },
      "fields": {},
      "normalizations": {
        "n_6": {
          "confidence": {
            "prob": 1.0,
            "state": "",
            "who": [
              "ml:GNormPlus"
            ]
          },
          "recName": "MMP1",
          "source": {
            "id": "4312",
            "name": "gene",
            "url": "http://www.ncbi.nlm.nih.gov/gene/4312"
          }
        },
        "n_7": {
          "confidence": {
            "prob": 1.0,
            "state": "",
            "who": [
              "user:Ashish"
            ]
          },
          "recName": "Interstitial collagenase",
          "source": {
            "id": "P01100",
            "name": "protein",
            "url": "http://www.uniprot.org/uniprot/P01100"
          }
        }
      },
      "offsets": [
        {
          "start": 1078,
          "text": "matrix metalloproteinase-1"
        }
      ],
      "part": "s2p1"
    },
    {
      "classId": "e_2",
      "confidence": {
        "prob": 1.0,
        "state": "",
        "who": [
          "ml:GNormPlus"
        ]
      },
      "fields": {},
      "normalizations": {
        "n_6": {
          "confidence": {
            "prob": 1.0,
            "state": "",
            "who": [
              "ml:GNormPlus"
            ]
          },
          "recName": "BATF3",
          "source": {
            "id": "55509",
            "name": "gene",
            "url": "http://www.ncbi.nlm.nih.gov/gene/55509"
          }
        },
        "n_7": {
          "confidence": {
            "prob": 1.0,
            "state": "",
            "who": [
              "user:Ashish"
            ]
          },
          "recName": "Basic leucine zipper transcriptional factor ATF-like 3",
          "source": {
            "id": "P01100",
            "name": "protein",
            "url": "http://www.uniprot.org/uniprot/P01100"
          }
        }
      },
      "offsets": [
        {
          "start": 1108,
          "text": "p21SNFT"
        }
      ],
      "part": "s2p1"
    }
  ],
  "metas": {},
  "relations": [
    {
      "classId": "r_4",
      "confidence": {
        "prob": 1,
        "state": "",
        "who": [
          "user:Ashish"
        ]
      },
      "directed": false,
      "entities": [
        "s1h1|30,35",
        "s1h1|39,46"
      ],
      "type": "linked"
    },
    {
      "classId": "r_4",
      "confidence": {
        "prob": 1,
        "state": "",
        "who": [
          "user:Ashish"
        ]
      },
      "directed": false,
      "entities": [
        "s2p1|195,202",
        "s2p1|241,267"
      ],
      "type": "linked"
    }
  ],
  "sources": [
    {
      "id": "15467742",
      "name": "MEDLINE",
      "url": "http://ncbi.nlm.nih.gov/pubmed/15467742"
    },
    {
      "id": "15467742",
      "name": "PMID",
      "url": "http://www.ncbi.nlm.nih.gov/pubmed/15467742"
    }
  ]
}
