{
  "anncomplete": true,
  "annotatable": {
    "parts": [
      "s1h1",
      "s2h1",
      "s2p1"
    ]
  },
  "entities": [
    {
      "classId": "e_2",
      "confidence": {
        "prob": 1.0,
        "state": "",
        "who": [
          "ml:GNormPlus"
        ]
      },
      "fields": {},
      "normalizations": {
        "n_6": {
          "confidence": {
            "prob": 1.0,
            "state": "",
            "who": [
              "ml:GNormPlus"
            ]
          },
          "recName": "ATF7",
          "source": {
            "id": "11016",
            "name": "gene",
            "url": "http://www.ncbi.nlm.nih.gov/gene/11016"
          }
        },
        "n_7": {
          "confidence": {
            "prob": 1.0,
            "state": "",
            "who": [
              "user:Ashish"
            ]
          },
          "recName": "Cyclic AMP-dependent transcription factor ATF-7",
          "source": {
            "id": "P17544",
            "name": "protein",
            "url": "http://www.uniprot.org/uniprot/P17544"
          }
        }
      },
      "offsets": [
        {
          "start": 33,
          "text": "ATF7"
        }
      ],
      "part": "s1h1"
    },
    {
      "classId": "e_2",
      "confidence": {
        "prob": 1.0,
        "state": "",
        "who": [
          "ml:GNormPlus"
        ]
      },
      "fields": {},
      "normalizations": {
        "n_6": {
          "confidence": {
            "prob": 1.0,
            "state": "",
            "who": [
              "ml:GNormPlus"
            ]
          },
          "recName": "TAF4",
          "source": {
            "id": "6874",
            "name": "gene",
            "url": "http://www.ncbi.nlm.nih.gov/gene/6874"
          }
        },
        "n_7": {
          "confidence": {
            "prob": 1.0,
            "state": "",
            "who": [
              "user:Ashish"
            ]
          },
          "recName": "Transcription initiation factor TFIID subunit 4",
          "source": {
            "id": "O00268",
            "name": "protein",
            "url": "http://www.uniprot.org/uniprot/O00268"
          }
        }
      },
      "offsets": [
        {
          "start": 69,
          "text": "TAF4"
        }
      ],
      "part": "s1h1"
    },
    {
      "classId": "e_2",
      "confidence": {
        "prob": 1.0,
        "state": "",
        "who": [
          "ml:GNormPlus"
        ]
      },
      "fields": {},
      "normalizations": {
        "n_6": {
          "confidence": {
            "prob": 1.0,
            "state": "",
            "who": [
              "ml:GNormPlus"
            ]
          },
          "recName": "ATF7",
          "source": {
            "id": "11016",
            "name": "gene",
            "url": "http://www.ncbi.nlm.nih.gov/gene/11016"
          }
        },
        "n_7": {
          "confidence": {
            "prob": 1.0,
            "state": "",
            "who": [
              "user:Ashish"
            ]
          },
          "recName": "Cyclic AMP-dependent transcription factor ATF-7",
          "source": {
            "id": "O00268",
            "name": "protein",
            "url": "http://www.uniprot.org/uniprot/O00268"
          }
        }
      },
      "offsets": [
        {
          "start": 4,
          "text": "ATF7"
        }
      ],
      "part": "s2p1"
    },
    {
      "classId": "e_2",
      "confidence": {
        "prob": 1,
        "state": "",
        "who": [
          "ml:GNormPlus"
        ]
      },
      "fields": {},
      "normalizations": {
        "n_6": {
          "confidence": {
            "prob": 1.0,
            "state": "",
            "who": [
              "ml:GNormPlus"
            ]
          },
          "recName": "JUN",
          "source": {
            "id": "3725",
            "name": "gene",
            "url": "http://www.ncbi.nlm.nih.gov/gene/3725"
          }
        },
        "n_7": {
          "confidence": {
            "prob": 1.0,
            "state": "",
            "who": [
              "user:Ashish"
            ]
          },
          "recName": "Transcription factor AP-1",
          "source": {
            "id": "P05412",
            "name": "protein",
            "url": "http://www.uniprot.org/uniprot/P05412"
          }
        }
      },
      "offsets": [
        {
          "start": 328,
          "text": "Jun"
        }
      ],
      "part": "s2p1"
    },
    {
      "classId": "e_2",
      "confidence": {
        "prob": 1,
        "state": "",
        "who": [
          "ml:GNormPlus"
        ]
      },
      "fields": {},
      "normalizations": {
        "n_6": {
          "confidence": {
            "prob": 1.0,
            "state": "",
            "who": [
              "ml:GNormPlus"
            ]
          },
          "recName": "FOS",
          "source": {
            "id": "2353",
            "name": "gene",
            "url": "http://www.ncbi.nlm.nih.gov/gene/2353"
          }
        },
        "n_7": {
          "confidence": {
            "prob": 1.0,
            "state": "",
            "who": [
              "user:Ashish"
            ]
          },
          "recName": "Proto-oncogene c-Fos",
          "source": {
            "id": "P01100",
            "name": "protein",
            "url": "http://www.uniprot.org/uniprot/P01100"
          }
        }
      },
      "offsets": [
        {
          "start": 333,
          "text": "Fos"
        }
      ],
      "part": "s2p1"
    },
    {
      "classId": "e_1",
      "confidence": {
        "prob": 1.0,
        "state": "",
        "who": [
          "ml:GNormPlus"
        ]
      },
      "fields": {},
      "normalizations": {
        "n_6": {
          "confidence": {
            "prob": 1.0,
            "state": "",
            "who": [
              "ml:GNormPlus"
            ]
          },
          "recName": "MAPK9",
          "source": {
            "id": "5601",
            "name": "gene",
            "url": "http://www.ncbi.nlm.nih.gov/gene/5601"
          }
        },
        "n_7": {
          "confidence": {
            "prob": 1.0,
            "state": "",
            "who": [
              "user:Ashish"
            ]
          },
          "recName": "Mitogen-activated protein kinase 9",
          "source": {
            "id": "P45984",
            "name": "protein",
            "url": "http://www.uniprot.org/uniprot/P45984"
          }
        }
      },
      "offsets": [
        {
          "start": 487,
          "text": "JNK2"
        }
      ],
      "part": "s2p1"
    },
    {
      "classId": "e_2",
      "confidence": {
        "prob": 1.0,
        "state": "",
        "who": [
          "ml:GNormPlus"
        ]
      },
      "fields": {},
      "normalizations": {
        "n_6": {
          "confidence": {
            "prob": 1.0,
            "state": "",
            "who": [
              "ml:GNormPlus"
            ]
          },
          "recName": "ATF7",
          "source": {
            "id": "11016",
            "name": "gene",
            "url": "http://www.ncbi.nlm.nih.gov/gene/11016"
          }
        },
        "n_7": {
          "confidence": {
            "prob": 1.0,
            "state": "",
            "who": [
              "user:Ashish"
            ]
          },
          "recName": "Cyclic AMP-dependent transcription factor ATF-7",
          "source": {
            "id": "P45984",
            "name": "protein",
            "url": "http://www.uniprot.org/uniprot/P45984"
          }
        }
      },
      "offsets": [
        {
          "start": 563,
          "text": "ATF7"
        }
      ],
      "part": "s2p1"
    },
    {
      "classId": "e_2",
      "confidence": {
        "prob": 1.0,
        "state": "",
        "who": [
          "ml:GNormPlus"
        ]
      },
      "fields": {},
      "normalizations": {
        "n_6": {
          "confidence": {
            "prob": 1.0,
            "state": "",
            "who": [
              "ml:GNormPlus"
            ]
          },
          "recName": "ATF7",
          "source": {
            "id": "11016",
            "name": "gene",
            "url": "http://www.ncbi.nlm.nih.gov/gene/11016"
          }
        },
        "n_7": {
          "confidence": {
            "prob": 1.0,
            "state": "",
            "who": [
              "user:Ashish"
            ]
          },
          "recName": "Cyclic AMP-dependent transcription factor ATF-7",
          "source": {
            "id": "P45984",
            "name": "protein",
            "url": "http://www.uniprot.org/uniprot/P45984"
          }
        }
      },
      "offsets": [
        {
          "start": 754,
          "text": "ATF7"
        }
      ],
      "part": "s2p1"
    },
    {
      "classId": "e_2",
      "confidence": {
        "prob": 1.0,
        "state": "",
        "who": [
          "ml:GNormPlus"
        ]
      },
      "fields": {},
      "normalizations": {
        "n_6": {
          "confidence": {
            "prob": 1.0,
            "state": "",
            "who": [
              "ml:GNormPlus"
            ]
          },
          "recName": "ATF7",
          "source": {
            "id": "11016",
            "name": "gene",
            "url": "http://www.ncbi.nlm.nih.gov/gene/11016"
          }
        },
        "n_7": {
          "confidence": {
            "prob": 1.0,
            "state": "",
            "who": [
              "user:Ashish"
            ]
          },
          "recName": "Cyclic AMP-dependent transcription factor ATF-7",
          "source": {
            "id": "P45984",
            "name": "protein",
            "url": "http://www.uniprot.org/uniprot/P45984"
          }
        }
      },
      "offsets": [
        {
          "start": 826,
          "text": "ATF7"
        }
      ],
      "part": "s2p1"
    },
    {
      "classId": "e_2",
      "confidence": {
        "prob": 1.0,
        "state": "",
        "who": [
          "ml:GNormPlus"
        ]
      },
      "fields": {},
      "normalizations": {
        "n_6": {
          "confidence": {
            "prob": 1.0,
            "state": "",
            "who": [
              "ml:GNormPlus"
            ]
          },
          "recName": "ATF7",
          "source": {
            "id": "11016",
            "name": "gene",
            "url": "http://www.ncbi.nlm.nih.gov/gene/11016"
          }
        },
        "n_7": {
          "confidence": {
            "prob": 1.0,
            "state": "",
            "who": [
              "user:Ashish"
            ]
          },
          "recName": "Cyclic AMP-dependent transcription factor ATF-7",
          "source": {
            "id": "P45984",
            "name": "protein",
            "url": "http://www.uniprot.org/uniprot/P45984"
          }
        }
      },
      "offsets": [
        {
          "start": 881,
          "text": "ATF7"
        }
      ],
      "part": "s2p1"
    },
    {
      "classId": "e_2",
      "confidence": {
        "prob": 1.0,
        "state": "",
        "who": [
          "ml:GNormPlus"
        ]
      },
      "fields": {},
      "normalizations": {
        "n_6": {
          "confidence": {
            "prob": 1.0,
            "state": "",
            "who": [
              "ml:GNormPlus"
            ]
          },
          "recName": "ATF7",
          "source": {
            "id": "11016",
            "name": "gene",
            "url": "http://www.ncbi.nlm.nih.gov/gene/11016"
          }
        },
        "n_7": {
          "confidence": {
            "prob": 1.0,
            "state": "",
            "who": [
              "user:Ashish"
            ]
          },
          "recName": "Cyclic AMP-dependent transcription factor ATF-7",
          "source": {
            "id": "P45984",
            "name": "protein",
            "url": "http://www.uniprot.org/uniprot/P45984"
          }
        }
      },
      "offsets": [
        {
          "start": 987,
          "text": "ATF7"
        }
      ],
      "part": "s2p1"
    },
    {
      "classId": "e_2",
      "confidence": {
        "prob": 1.0,
        "state": "",
        "who": [
          "ml:GNormPlus"
        ]
      },
      "fields": {},
      "normalizations": {
        "n_6": {
          "confidence": {
            "prob": 1.0,
            "state": "",
            "who": [
              "ml:GNormPlus"
            ]
          },
          "recName": "ATF7",
          "source": {
            "id": "11016",
            "name": "gene",
            "url": "http://www.ncbi.nlm.nih.gov/gene/11016"
          }
        },
        "n_7": {
          "confidence": {
            "prob": 1.0,
            "state": "",
            "who": [
              "user:Ashish"
            ]
          },
          "recName": "Cyclic AMP-dependent transcription factor ATF-7",
          "source": {
            "id": "P45984",
            "name": "protein",
            "url": "http://www.uniprot.org/uniprot/P45984"
          }
        }
      },
      "offsets": [
        {
          "start": 1009,
          "text": "ATF7"
        }
      ],
      "part": "s2p1"
    },
    {
      "classId": "e_2",
      "confidence": {
        "prob": 1.0,
        "state": "",
        "who": [
          "ml:GNormPlus"
        ]
      },
      "fields": {},
      "normalizations": {
        "n_6": {
          "confidence": {
            "prob": 1.0,
            "state": "",
            "who": [
              "ml:GNormPlus"
            ]
          },
          "recName": "TAF4",
          "source": {
            "id": "6874",
            "name": "gene",
            "url": "http://www.ncbi.nlm.nih.gov/gene/6874"
          }
        },
        "n_7": {
          "confidence": {
            "prob": 1.0,
            "state": "",
            "who": [
              "user:Ashish"
            ]
          },
          "recName": "Transcription initiation factor TFIID subunit 4",
          "source": {
            "id": "P45984",
            "name": "protein",
            "url": "http://www.uniprot.org/uniprot/P45984"
          }
        }
      },
      "offsets": [
        {
          "start": 1196,
          "text": "TAF4"
        }
      ],
      "part": "s2p1"
    },
    {
      "classId": "e_1",
      "confidence": {
        "prob": 1.0,
        "state": "",
        "who": [
          "ml:GNormPlus"
        ]
      },
      "fields": {},
      "normalizations": {
        "n_6": {
          "confidence": {
            "prob": 1.0,
            "state": "",
            "who": [
              "ml:GNormPlus"
            ]
          },
          "recName": "TAF12",
          "source": {
            "id": "6883",
            "name": "gene",
            "url": "http://www.ncbi.nlm.nih.gov/gene/6883"
          }
        },
        "n_7": {
          "confidence": {
            "prob": 1.0,
            "state": "",
            "who": [
              "user:Ashish"
            ]
          },
          "recName": "Transcription initiation factor TFIID subunit 12",
          "source": {
            "id": "Q16514",
            "name": "protein",
            "url": "http://www.uniprot.org/uniprot/Q16514"
          }
        }
      },
      "offsets": [
        {
          "start": 1257,
          "text": "TAF(II)20"
        }
      ],
      "part": "s2p1"
    },
    {
      "classId": "e_2",
      "confidence": {
        "prob": 1.0,
        "state": "",
        "who": [
          "ml:GNormPlus"
        ]
      },
      "fields": {},
      "normalizations": {
        "n_6": {
          "confidence": {
            "prob": 1.0,
            "state": "",
            "who": [
              "ml:GNormPlus"
            ]
          },
          "recName": "ATF7",
          "source": {
            "id": "11016",
            "name": "gene",
            "url": "http://www.ncbi.nlm.nih.gov/gene/11016"
          }
        },
        "n_7": {
          "confidence": {
            "prob": 1.0,
            "state": "",
            "who": [
              "user:Ashish"
            ]
          },
          "recName": "Cyclic AMP-dependent transcription factor ATF-7",
          "source": {
            "id": "Q16514",
            "name": "protein",
            "url": "http://www.uniprot.org/uniprot/Q16514"
          }
        }
      },
      "offsets": [
        {
          "start": 1300,
          "text": "ATF7"
        }
      ],
      "part": "s2p1"
    }
  ],
  "metas": {},
  "relations": [
    {
      "classId": "r_4",
      "confidence": {
        "prob": 1,
        "state": "",
        "who": [
          "user:Ashish"
        ]
      },
      "directed": false,
      "entities": [
        "s2p1|1257,1266",
        "s2p1|1300,1304"
      ],
      "type": "linked"
    }
  ],
  "sources": [
    {
      "id": "15735663",
      "name": "MEDLINE",
      "url": "http://ncbi.nlm.nih.gov/pubmed/15735663"
    },
    {
      "id": "15735663",
      "name": "PMID",
      "url": "http://www.ncbi.nlm.nih.gov/pubmed/15735663"
    }
  ]
}
