{
  "anncomplete": true,
  "annotatable": {
    "parts": [
      "s1h1",
      "s2h1",
      "s2p1"
    ]
  },
  "entities": [
    {
      "classId": "e_1",
      "confidence": {
        "prob": 1.0,
        "state": "",
        "who": [
          "ml:GNormPlus"
        ]
      },
      "fields": {},
      "normalizations": {
        "n_6": {
          "confidence": {
            "prob": 1.0,
            "state": "",
            "who": [
              "ml:GNormPlus"
            ]
          },
          "recName": "AKAP13",
          "source": {
            "id": "11214",
            "name": "gene",
            "url": "http://www.ncbi.nlm.nih.gov/gene/11214"
          }
        },
        "n_7": {
          "confidence": {
            "prob": 1.0,
            "state": "",
            "who": [
              "user:Ashish"
            ]
          },
          "recName": "A-kinase anchor protein 13",
          "source": {
            "id": "Q12802",
            "name": "protein",
            "url": "http://www.uniprot.org/uniprot/Q12802"
          }
        }
      },
      "offsets": [
        {
          "start": 20,
          "text": "Brx"
        }
      ],
      "part": "s1h1"
    },
    {
      "classId": "e_2",
      "confidence": {
        "prob": 1.0,
        "state": "",
        "who": [
          "ml:GNormPlus"
        ]
      },
      "fields": {},
      "normalizations": {
        "n_6": {
          "confidence": {
            "prob": 1.0,
            "state": "",
            "who": [
              "ml:GNormPlus"
            ]
          },
          "recName": "ESR1",
          "source": {
            "id": "2099",
            "name": "gene",
            "url": "http://www.ncbi.nlm.nih.gov/gene/2099"
          }
        },
        "n_7": {
          "confidence": {
            "prob": 1.0,
            "state": "",
            "who": [
              "user:Ashish"
            ]
          },
          "recName": "Estrogen receptor",
          "source": {
            "id": "P03372",
            "name": "protein",
            "url": "http://www.uniprot.org/uniprot/P03372"
          }
        }
      },
      "offsets": [
        {
          "start": 66,
          "text": "estrogen receptor"
        }
      ],
      "part": "s1h1"
    },
    {
      "classId": "e_2",
      "confidence": {
        "prob": 1.0,
        "state": "",
        "who": [
          "ml:GNormPlus"
        ]
      },
      "fields": {},
      "normalizations": {
        "n_6": {
          "confidence": {
            "prob": 1.0,
            "state": "",
            "who": [
              "ml:GNormPlus"
            ]
          },
          "recName": "ESR1",
          "source": {
            "id": "2099",
            "name": "gene",
            "url": "http://www.ncbi.nlm.nih.gov/gene/2099"
          }
        },
        "n_7": {
          "confidence": {
            "prob": 1.0,
            "state": "",
            "who": [
              "user:Ashish"
            ]
          },
          "recName": "Estrogen receptor",
          "source": {
            "id": "P03372",
            "name": "protein",
            "url": "http://www.uniprot.org/uniprot/P03372"
          }
        }
      },
      "offsets": [
        {
          "start": 37,
          "text": "estrogen receptor"
        }
      ],
      "part": "s2p1"
    },
    {
      "classId": "e_2",
      "confidence": {
        "prob": 1,
        "state": "",
        "who": [
          "user:Ashish"
        ]
      },
      "fields": {},
      "normalizations": {
        "n_6": {
          "confidence": {
            "prob": 1.0,
            "state": "",
            "who": [
              "ml:GNormPlus"
            ]
          },
          "recName": "GPER1",
          "source": {
            "id": "2852",
            "name": "gene",
            "url": "http://www.ncbi.nlm.nih.gov/gene/2852"
          }
        },
        "n_7": {
          "confidence": {
            "prob": 1.0,
            "state": "",
            "who": [
              "user:Ashish"
            ]
          },
          "recName": "G-protein coupled estrogen receptor 1",
          "source": {
            "id": "P01135",
            "name": "protein",
            "url": "http://www.uniprot.org/uniprot/P01135"
          }
        }
      },
      "offsets": [
        {
          "start": 56,
          "text": "ER"
        }
      ],
      "part": "s2p1"
    },
    {
      "classId": "e_2",
      "confidence": {
        "prob": 1,
        "state": "",
        "who": [
          "ml:GNormPlus"
        ]
      },
      "fields": {},
      "normalizations": {
        "n_6": {
          "confidence": {
            "prob": 1.0,
            "state": "",
            "who": [
              "ml:GNormPlus"
            ]
          },
          "recName": "JUN",
          "source": {
            "id": "3725",
            "name": "gene",
            "url": "http://www.ncbi.nlm.nih.gov/gene/3725"
          }
        },
        "n_7": {
          "confidence": {
            "prob": 1.0,
            "state": "",
            "who": [
              "user:Ashish"
            ]
          },
          "recName": "Transcription factor AP-1",
          "source": {
            "id": "P05412",
            "name": "protein",
            "url": "http://www.uniprot.org/uniprot/P05412"
          }
        }
      },
      "offsets": [
        {
          "start": 138,
          "text": "Jun"
        }
      ],
      "part": "s2p1"
    },
    {
      "classId": "e_1",
      "confidence": {
        "prob": 1.0,
        "state": "",
        "who": [
          "ml:GNormPlus"
        ]
      },
      "fields": {},
      "normalizations": {
        "n_6": {
          "confidence": {
            "prob": 1.0,
            "state": "",
            "who": [
              "ml:GNormPlus"
            ]
          },
          "recName": "AKAP13",
          "source": {
            "id": "11214",
            "name": "gene",
            "url": "http://www.ncbi.nlm.nih.gov/gene/11214"
          }
        },
        "n_7": {
          "confidence": {
            "prob": 1.0,
            "state": "",
            "who": [
              "user:Ashish"
            ]
          },
          "recName": "A-kinase anchor protein 13",
          "source": {
            "id": "P03372",
            "name": "protein",
            "url": "http://www.uniprot.org/uniprot/P03372"
          }
        }
      },
      "offsets": [
        {
          "start": 260,
          "text": "Brx"
        }
      ],
      "part": "s2p1"
    },
    {
      "classId": "e_1",
      "confidence": {
        "prob": 1.0,
        "state": "",
        "who": [
          "ml:GNormPlus"
        ]
      },
      "fields": {},
      "normalizations": {
        "n_6": {
          "confidence": {
            "prob": 1.0,
            "state": "",
            "who": [
              "ml:GNormPlus"
            ]
          },
          "recName": "AKAP13",
          "source": {
            "id": "11214",
            "name": "gene",
            "url": "http://www.ncbi.nlm.nih.gov/gene/11214"
          }
        },
        "n_7": {
          "confidence": {
            "prob": 1.0,
            "state": "",
            "who": [
              "user:Ashish"
            ]
          },
          "recName": "A-kinase anchor protein 13",
          "source": {
            "id": "P03372",
            "name": "protein",
            "url": "http://www.uniprot.org/uniprot/P03372"
          }
        }
      },
      "offsets": [
        {
          "start": 367,
          "text": "Lbc"
        }
      ],
      "part": "s2p1"
    },
    {
      "classId": "e_2",
      "confidence": {
        "prob": 1,
        "state": "pre-added",
        "who": [
          "user:Ashish"
        ]
      },
      "fields": {},
      "normalizations": {
        "n_6": {
          "confidence": {
            "prob": 1.0,
            "state": "",
            "who": [
              "ml:GNormPlus"
            ]
          },
          "recName": "GPER1",
          "source": {
            "id": "2852",
            "name": "gene",
            "url": "http://www.ncbi.nlm.nih.gov/gene/2852"
          }
        },
        "n_7": {
          "confidence": {
            "prob": 1.0,
            "state": "",
            "who": [
              "user:Ashish"
            ]
          },
          "recName": "G-protein coupled estrogen receptor 1",
          "source": {
            "id": "P01135",
            "name": "protein",
            "url": "http://www.uniprot.org/uniprot/P01135"
          }
        }
      },
      "offsets": [
        {
          "start": 455,
          "text": "ER"
        }
      ],
      "part": "s2p1"
    },
    {
      "classId": "e_1",
      "confidence": {
        "prob": 1.0,
        "state": "",
        "who": [
          "ml:GNormPlus"
        ]
      },
      "fields": {},
      "normalizations": {
        "n_6": {
          "confidence": {
            "prob": 1.0,
            "state": "",
            "who": [
              "ml:GNormPlus"
            ]
          },
          "recName": "AKAP13",
          "source": {
            "id": "11214",
            "name": "gene",
            "url": "http://www.ncbi.nlm.nih.gov/gene/11214"
          }
        },
        "n_7": {
          "confidence": {
            "prob": 1.0,
            "state": "",
            "who": [
              "user:Ashish"
            ]
          },
          "recName": "A-kinase anchor protein 13",
          "source": {
            "id": "P03372",
            "name": "protein",
            "url": "http://www.uniprot.org/uniprot/P03372"
          }
        }
      },
      "offsets": [
        {
          "start": 507,
          "text": "Brx"
        }
      ],
      "part": "s2p1"
    },
    {
      "classId": "e_1",
      "confidence": {
        "prob": 1.0,
        "state": "",
        "who": [
          "ml:GNormPlus"
        ]
      },
      "fields": {},
      "normalizations": {
        "n_6": {
          "confidence": {
            "prob": 1.0,
            "state": "",
            "who": [
              "ml:GNormPlus"
            ]
          },
          "recName": "AKAP13",
          "source": {
            "id": "11214",
            "name": "gene",
            "url": "http://www.ncbi.nlm.nih.gov/gene/11214"
          }
        },
        "n_7": {
          "confidence": {
            "prob": 1.0,
            "state": "",
            "who": [
              "user:Ashish"
            ]
          },
          "recName": "A-kinase anchor protein 13",
          "source": {
            "id": "P03372",
            "name": "protein",
            "url": "http://www.uniprot.org/uniprot/P03372"
          }
        }
      },
      "offsets": [
        {
          "start": 608,
          "text": "Brx"
        }
      ],
      "part": "s2p1"
    },
    {
      "classId": "e_2",
      "confidence": {
        "prob": 1,
        "state": "pre-added",
        "who": [
          "user:Ashish"
        ]
      },
      "fields": {},
      "normalizations": {
        "n_6": {
          "confidence": {
            "prob": 1.0,
            "state": "",
            "who": [
              "ml:GNormPlus"
            ]
          },
          "recName": "GPER1",
          "source": {
            "id": "2852",
            "name": "gene",
            "url": "http://www.ncbi.nlm.nih.gov/gene/2852"
          }
        },
        "n_7": {
          "confidence": {
            "prob": 1.0,
            "state": "",
            "who": [
              "user:Ashish"
            ]
          },
          "recName": "G-protein coupled estrogen receptor 1",
          "source": {
            "id": "P01135",
            "name": "protein",
            "url": "http://www.uniprot.org/uniprot/P01135"
          }
        }
      },
      "offsets": [
        {
          "start": 638,
          "text": "ER"
        }
      ],
      "part": "s2p1"
    },
    {
      "classId": "e_2",
      "confidence": {
        "prob": 1,
        "state": "pre-added",
        "who": [
          "user:Ashish"
        ]
      },
      "fields": {},
      "normalizations": {
        "n_6": {
          "confidence": {
            "prob": 1.0,
            "state": "",
            "who": [
              "ml:GNormPlus"
            ]
          },
          "recName": "GPER1",
          "source": {
            "id": "2852",
            "name": "gene",
            "url": "http://www.ncbi.nlm.nih.gov/gene/2852"
          }
        },
        "n_7": {
          "confidence": {
            "prob": 1.0,
            "state": "",
            "who": [
              "user:Ashish"
            ]
          },
          "recName": "G-protein coupled estrogen receptor 1",
          "source": {
            "id": "P01135",
            "name": "protein",
            "url": "http://www.uniprot.org/uniprot/P01135"
          }
        }
      },
      "offsets": [
        {
          "start": 694,
          "text": "ER"
        }
      ],
      "part": "s2p1"
    },
    {
      "classId": "e_1",
      "confidence": {
        "prob": 1.0,
        "state": "",
        "who": [
          "ml:GNormPlus"
        ]
      },
      "fields": {},
      "normalizations": {
        "n_6": {
          "confidence": {
            "prob": 1.0,
            "state": "",
            "who": [
              "ml:GNormPlus"
            ]
          },
          "recName": "AKAP13",
          "source": {
            "id": "11214",
            "name": "gene",
            "url": "http://www.ncbi.nlm.nih.gov/gene/11214"
          }
        },
        "n_7": {
          "confidence": {
            "prob": 1.0,
            "state": "",
            "who": [
              "user:Ashish"
            ]
          },
          "recName": "A-kinase anchor protein 13",
          "source": {
            "id": "P03372",
            "name": "protein",
            "url": "http://www.uniprot.org/uniprot/P03372"
          }
        }
      },
      "offsets": [
        {
          "start": 701,
          "text": "Brx"
        }
      ],
      "part": "s2p1"
    },
    {
      "classId": "e_1",
      "confidence": {
        "prob": 1.0,
        "state": "",
        "who": [
          "ml:GNormPlus"
        ]
      },
      "fields": {},
      "normalizations": {
        "n_6": {
          "confidence": {
            "prob": 1.0,
            "state": "",
            "who": [
              "ml:GNormPlus"
            ]
          },
          "recName": "AKAP13",
          "source": {
            "id": "11214",
            "name": "gene",
            "url": "http://www.ncbi.nlm.nih.gov/gene/11214"
          }
        },
        "n_7": {
          "confidence": {
            "prob": 1.0,
            "state": "",
            "who": [
              "user:Ashish"
            ]
          },
          "recName": "A-kinase anchor protein 13",
          "source": {
            "id": "P03372",
            "name": "protein",
            "url": "http://www.uniprot.org/uniprot/P03372"
          }
        }
      },
      "offsets": [
        {
          "start": 737,
          "text": "Brx"
        }
      ],
      "part": "s2p1"
    },
    {
      "classId": "e_1",
      "confidence": {
        "prob": 1.0,
        "state": "",
        "who": [
          "ml:GNormPlus"
        ]
      },
      "fields": {},
      "normalizations": {
        "n_6": {
          "confidence": {
            "prob": 1.0,
            "state": "",
            "who": [
              "ml:GNormPlus"
            ]
          },
          "recName": "AKAP13",
          "source": {
            "id": "11214",
            "name": "gene",
            "url": "http://www.ncbi.nlm.nih.gov/gene/11214"
          }
        },
        "n_7": {
          "confidence": {
            "prob": 1.0,
            "state": "",
            "who": [
              "user:Ashish"
            ]
          },
          "recName": "A-kinase anchor protein 13",
          "source": {
            "id": "P03372",
            "name": "protein",
            "url": "http://www.uniprot.org/uniprot/P03372"
          }
        }
      },
      "offsets": [
        {
          "start": 821,
          "text": "Brx"
        }
      ],
      "part": "s2p1"
    },
    {
      "classId": "e_2",
      "confidence": {
        "prob": 1,
        "state": "pre-added",
        "who": [
          "user:Ashish"
        ]
      },
      "fields": {},
      "normalizations": {
        "n_6": {
          "confidence": {
            "prob": 1.0,
            "state": "",
            "who": [
              "ml:GNormPlus"
            ]
          },
          "recName": "GPER1",
          "source": {
            "id": "2852",
            "name": "gene",
            "url": "http://www.ncbi.nlm.nih.gov/gene/2852"
          }
        },
        "n_7": {
          "confidence": {
            "prob": 1.0,
            "state": "",
            "who": [
              "user:Ashish"
            ]
          },
          "recName": "G-protein coupled estrogen receptor 1",
          "source": {
            "id": "P01135",
            "name": "protein",
            "url": "http://www.uniprot.org/uniprot/P01135"
          }
        }
      },
      "offsets": [
        {
          "start": 858,
          "text": "ER"
        }
      ],
      "part": "s2p1"
    },
    {
      "classId": "e_2",
      "confidence": {
        "prob": 1,
        "state": "pre-added",
        "who": [
          "user:Ashish"
        ]
      },
      "fields": {},
      "normalizations": {
        "n_6": {
          "confidence": {
            "prob": 1.0,
            "state": "",
            "who": [
              "ml:GNormPlus"
            ]
          },
          "recName": "GPER1",
          "source": {
            "id": "2852",
            "name": "gene",
            "url": "http://www.ncbi.nlm.nih.gov/gene/2852"
          }
        },
        "n_7": {
          "confidence": {
            "prob": 1.0,
            "state": "",
            "who": [
              "user:Ashish"
            ]
          },
          "recName": "G-protein coupled estrogen receptor 1",
          "source": {
            "id": "P01135",
            "name": "protein",
            "url": "http://www.uniprot.org/uniprot/P01135"
          }
        }
      },
      "offsets": [
        {
          "start": 937,
          "text": "ER"
        }
      ],
      "part": "s2p1"
    },
    {
      "classId": "e_1",
      "confidence": {
        "prob": 1.0,
        "state": "",
        "who": [
          "ml:GNormPlus"
        ]
      },
      "fields": {},
      "normalizations": {
        "n_6": {
          "confidence": {
            "prob": 1.0,
            "state": "",
            "who": [
              "ml:GNormPlus"
            ]
          },
          "recName": "AKAP13",
          "source": {
            "id": "11214",
            "name": "gene",
            "url": "http://www.ncbi.nlm.nih.gov/gene/11214"
          }
        },
        "n_7": {
          "confidence": {
            "prob": 1.0,
            "state": "",
            "who": [
              "user:Ashish"
            ]
          },
          "recName": "A-kinase anchor protein 13",
          "source": {
            "id": "P03372",
            "name": "protein",
            "url": "http://www.uniprot.org/uniprot/P03372"
          }
        }
      },
      "offsets": [
        {
          "start": 943,
          "text": "Brx"
        }
      ],
      "part": "s2p1"
    },
    {
      "classId": "e_1",
      "confidence": {
        "prob": 1.0,
        "state": "",
        "who": [
          "ml:GNormPlus"
        ]
      },
      "fields": {},
      "normalizations": {
        "n_6": {
          "confidence": {
            "prob": 1.0,
            "state": "",
            "who": [
              "ml:GNormPlus"
            ]
          },
          "recName": "RAC1",
          "source": {
            "id": "5879",
            "name": "gene",
            "url": "http://www.ncbi.nlm.nih.gov/gene/5879"
          }
        },
        "n_7": {
          "confidence": {
            "prob": 1.0,
            "state": "",
            "who": [
              "user:Ashish"
            ]
          },
          "recName": "Ras-related C3 botulinum toxin substrate 1",
          "source": {
            "id": "P63000",
            "name": "protein",
            "url": "http://www.uniprot.org/uniprot/P63000"
          }
        }
      },
      "offsets": [
        {
          "start": 1069,
          "text": "Rac1"
        }
      ],
      "part": "s2p1"
    },
    {
      "classId": "e_1",
      "confidence": {
        "prob": 1.0,
        "state": "",
        "who": [
          "ml:GNormPlus"
        ]
      },
      "fields": {},
      "normalizations": {
        "n_6": {
          "confidence": {
            "prob": 1.0,
            "state": "",
            "who": [
              "ml:GNormPlus"
            ]
          },
          "recName": "AKAP13",
          "source": {
            "id": "11214",
            "name": "gene",
            "url": "http://www.ncbi.nlm.nih.gov/gene/11214"
          }
        },
        "n_7": {
          "confidence": {
            "prob": 1.0,
            "state": "",
            "who": [
              "user:Ashish"
            ]
          },
          "recName": "A-kinase anchor protein 13",
          "source": {
            "id": "P63000",
            "name": "protein",
            "url": "http://www.uniprot.org/uniprot/P63000"
          }
        }
      },
      "offsets": [
        {
          "start": 1115,
          "text": "Brx"
        }
      ],
      "part": "s2p1"
    }
  ],
  "metas": {},
  "relations": [
    {
      "classId": "r_4",
      "confidence": {
        "prob": 1,
        "state": "",
        "who": [
          "user:Ashish"
        ]
      },
      "directed": false,
      "entities": [
        "s1h1|20,23",
        "s1h1|66,83"
      ],
      "type": "linked"
    },
    {
      "classId": "r_4",
      "confidence": {
        "prob": 1,
        "state": "",
        "who": [
          "user:Ashish"
        ]
      },
      "directed": false,
      "entities": [
        "s2p1|608,611",
        "s2p1|638,640"
      ],
      "type": "linked"
    }
  ],
  "sources": [
    {
      "id": "9627117",
      "name": "MEDLINE",
      "url": "http://ncbi.nlm.nih.gov/pubmed/9627117"
    },
    {
      "id": "9627117",
      "name": "PMID",
      "url": "http://www.ncbi.nlm.nih.gov/pubmed/9627117"
    }
  ]
}