{
  "anncomplete": true,
  "annotatable": {
    "parts": [
      "s1h1",
      "s2h1",
      "s2p1"
    ]
  },
  "entities": [
    {
      "classId": "e_1",
      "confidence": {
        "prob": 1.0,
        "state": "",
        "who": [
          "ml:GNormPlus"
        ]
      },
      "fields": {},
      "normalizations": {
        "n_6": {
          "confidence": {
            "prob": 1.0,
            "state": "",
            "who": [
              "ml:GNormPlus"
            ]
          },
          "recName": "GDF2",
          "source": {
            "id": "2658",
            "name": "gene",
            "url": "http://www.ncbi.nlm.nih.gov/gene/2658"
          }
        },
        "n_7": {
          "confidence": {
            "prob": 1.0,
            "state": "",
            "who": [
              "user:Ashish"
            ]
          },
          "recName": "Growth/differentiation factor 2",
          "source": {
            "id": "Q9UK05",
            "name": "protein",
            "url": "http://www.uniprot.org/uniprot/Q9UK05"
          }
        }
      },
      "offsets": [
        {
          "start": 212,
          "text": "BMP-9"
        }
      ],
      "part": "s2p1"
    },
    {
      "classId": "e_1",
      "confidence": {
        "prob": 1.0,
        "state": "",
        "who": [
          "ml:GNormPlus"
        ]
      },
      "fields": {},
      "normalizations": {
        "n_6": {
          "confidence": {
            "prob": 1.0,
            "state": "",
            "who": [
              "ml:GNormPlus"
            ]
          },
          "recName": "ACVRL1",
          "source": {
            "id": "94",
            "name": "gene",
            "url": "http://www.ncbi.nlm.nih.gov/gene/94"
          }
        },
        "n_7": {
          "confidence": {
            "prob": 1.0,
            "state": "",
            "who": [
              "user:Ashish"
            ]
          },
          "recName": "Serine/threonine-protein kinase receptor R3",
          "source": {
            "id": "P37023",
            "name": "protein",
            "url": "http://www.uniprot.org/uniprot/P37023"
          }
        }
      },
      "offsets": [
        {
          "start": 264,
          "text": "Alk1"
        }
      ],
      "part": "s2p1"
    },
    {
      "classId": "e_1",
      "confidence": {
        "prob": 1.0,
        "state": "",
        "who": [
          "ml:GNormPlus"
        ]
      },
      "fields": {},
      "normalizations": {
        "n_6": {
          "confidence": {
            "prob": 1.0,
            "state": "",
            "who": [
              "ml:GNormPlus"
            ]
          },
          "recName": "BMP2",
          "source": {
            "id": "650",
            "name": "gene",
            "url": "http://www.ncbi.nlm.nih.gov/gene/650"
          }
        },
        "n_7": {
          "confidence": {
            "prob": 1.0,
            "state": "",
            "who": [
              "user:Ashish"
            ]
          },
          "recName": "Bone morphogenetic protein 2",
          "source": {
            "id": "P12643",
            "name": "protein",
            "url": "http://www.uniprot.org/uniprot/P12643"
          }
        }
      },
      "offsets": [
        {
          "start": 296,
          "text": "BMP-2, -4, and -7"
        }
      ],
      "part": "s2p1"
    },
    {
      "classId": "e_2",
      "confidence": {
        "prob": 1.0,
        "state": "",
        "who": [
          "ml:GNormPlus"
        ]
      },
      "fields": {},
      "normalizations": {
        "n_6": {
          "confidence": {
            "prob": 1.0,
            "state": "",
            "who": [
              "ml:GNormPlus"
            ]
          },
          "recName": "BMPR1A",
          "source": {
            "id": "657",
            "name": "gene",
            "url": "http://www.ncbi.nlm.nih.gov/gene/657"
          }
        },
        "n_7": {
          "confidence": {
            "prob": 1.0,
            "state": "",
            "who": [
              "user:Ashish"
            ]
          },
          "recName": "Bone morphogenetic protein receptor type-1A",
          "source": {
            "id": "P36894",
            "name": "protein",
            "url": "http://www.uniprot.org/uniprot/P36894"
          }
        }
      },
      "offsets": [
        {
          "start": 338,
          "text": "Alk3"
        }
      ],
      "part": "s2p1"
    },
    {
      "classId": "e_1",
      "confidence": {
        "prob": 1.0,
        "state": "",
        "who": [
          "ml:GNormPlus"
        ]
      },
      "fields": {},
      "normalizations": {
        "n_6": {
          "confidence": {
            "prob": 1.0,
            "state": "",
            "who": [
              "ml:GNormPlus"
            ]
          },
          "recName": "BMPR1B",
          "source": {
            "id": "658",
            "name": "gene",
            "url": "http://www.ncbi.nlm.nih.gov/gene/658"
          }
        },
        "n_7": {
          "confidence": {
            "prob": 1.0,
            "state": "",
            "who": [
              "user:Ashish"
            ]
          },
          "recName": "Bone morphogenetic protein receptor type-1B",
          "source": {
            "id": "O00238",
            "name": "protein",
            "url": "http://www.uniprot.org/uniprot/O00238"
          }
        }
      },
      "offsets": [
        {
          "start": 368,
          "text": "Alk6"
        }
      ],
      "part": "s2p1"
    },
    {
      "classId": "e_1",
      "confidence": {
        "prob": 1.0,
        "state": "",
        "who": [
          "ml:GNormPlus"
        ]
      },
      "fields": {},
      "normalizations": {
        "n_6": {
          "confidence": {
            "prob": 1.0,
            "state": "",
            "who": [
              "ml:GNormPlus"
            ]
          },
          "recName": "ACVRL1",
          "source": {
            "id": "94",
            "name": "gene",
            "url": "http://www.ncbi.nlm.nih.gov/gene/94"
          }
        },
        "n_7": {
          "confidence": {
            "prob": 1.0,
            "state": "",
            "who": [
              "user:Ashish"
            ]
          },
          "recName": "Serine/threonine-protein kinase receptor R3",
          "source": {
            "id": "O00238",
            "name": "protein",
            "url": "http://www.uniprot.org/uniprot/O00238"
          }
        }
      },
      "offsets": [
        {
          "start": 382,
          "text": "Alk1"
        }
      ],
      "part": "s2p1"
    },
    {
      "classId": "e_1",
      "confidence": {
        "prob": 1.0,
        "state": "",
        "who": [
          "ml:GNormPlus"
        ]
      },
      "fields": {},
      "normalizations": {
        "n_6": {
          "confidence": {
            "prob": 1.0,
            "state": "",
            "who": [
              "ml:GNormPlus"
            ]
          },
          "recName": "ACVRL1",
          "source": {
            "id": "94",
            "name": "gene",
            "url": "http://www.ncbi.nlm.nih.gov/gene/94"
          }
        },
        "n_7": {
          "confidence": {
            "prob": 1.0,
            "state": "",
            "who": [
              "user:Ashish"
            ]
          },
          "recName": "Serine/threonine-protein kinase receptor R3",
          "source": {
            "id": "O00238",
            "name": "protein",
            "url": "http://www.uniprot.org/uniprot/O00238"
          }
        }
      },
      "offsets": [
        {
          "start": 448,
          "text": "Alk1"
        }
      ],
      "part": "s2p1"
    },
    {
      "classId": "e_1",
      "confidence": {
        "prob": 1.0,
        "state": "",
        "who": [
          "ml:GNormPlus"
        ]
      },
      "fields": {},
      "normalizations": {
        "n_6": {
          "confidence": {
            "prob": 1.0,
            "state": "",
            "who": [
              "ml:GNormPlus"
            ]
          },
          "recName": "ACVRL1",
          "source": {
            "id": "94",
            "name": "gene",
            "url": "http://www.ncbi.nlm.nih.gov/gene/94"
          }
        },
        "n_7": {
          "confidence": {
            "prob": 1.0,
            "state": "",
            "who": [
              "user:Ashish"
            ]
          },
          "recName": "Serine/threonine-protein kinase receptor R3",
          "source": {
            "id": "O00238",
            "name": "protein",
            "url": "http://www.uniprot.org/uniprot/O00238"
          }
        }
      },
      "offsets": [
        {
          "start": 573,
          "text": "Alk1"
        }
      ],
      "part": "s2p1"
    },
    {
      "classId": "e_2",
      "confidence": {
        "prob": 1.0,
        "state": "",
        "who": [
          "ml:GNormPlus"
        ]
      },
      "fields": {},
      "normalizations": {
        "n_6": {
          "confidence": {
            "prob": 1.0,
            "state": "",
            "who": [
              "ml:GNormPlus"
            ]
          },
          "recName": "BMPR1A",
          "source": {
            "id": "657",
            "name": "gene",
            "url": "http://www.ncbi.nlm.nih.gov/gene/657"
          }
        },
        "n_7": {
          "confidence": {
            "prob": 1.0,
            "state": "",
            "who": [
              "user:Ashish"
            ]
          },
          "recName": "Bone morphogenetic protein receptor type-1A",
          "source": {
            "id": "O00238",
            "name": "protein",
            "url": "http://www.uniprot.org/uniprot/O00238"
          }
        }
      },
      "offsets": [
        {
          "start": 599,
          "text": "Alk3"
        }
      ],
      "part": "s2p1"
    },
    {
      "classId": "e_1",
      "confidence": {
        "prob": 1.0,
        "state": "",
        "who": [
          "ml:GNormPlus"
        ]
      },
      "fields": {},
      "normalizations": {
        "n_6": {
          "confidence": {
            "prob": 1.0,
            "state": "",
            "who": [
              "ml:GNormPlus"
            ]
          },
          "recName": "ACVRL1",
          "source": {
            "id": "94",
            "name": "gene",
            "url": "http://www.ncbi.nlm.nih.gov/gene/94"
          }
        },
        "n_7": {
          "confidence": {
            "prob": 1.0,
            "state": "",
            "who": [
              "user:Ashish"
            ]
          },
          "recName": "Serine/threonine-protein kinase receptor R3",
          "source": {
            "id": "O00238",
            "name": "protein",
            "url": "http://www.uniprot.org/uniprot/O00238"
          }
        }
      },
      "offsets": [
        {
          "start": 860,
          "text": "Alk1"
        }
      ],
      "part": "s2p1"
    },
    {
      "classId": "e_2",
      "confidence": {
        "prob": 1.0,
        "state": "",
        "who": [
          "ml:GNormPlus"
        ]
      },
      "fields": {},
      "normalizations": {
        "n_6": {
          "confidence": {
            "prob": 1.0,
            "state": "",
            "who": [
              "ml:GNormPlus"
            ]
          },
          "recName": "BMPR1A",
          "source": {
            "id": "657",
            "name": "gene",
            "url": "http://www.ncbi.nlm.nih.gov/gene/657"
          }
        },
        "n_7": {
          "confidence": {
            "prob": 1.0,
            "state": "",
            "who": [
              "user:Ashish"
            ]
          },
          "recName": "Bone morphogenetic protein receptor type-1A",
          "source": {
            "id": "O00238",
            "name": "protein",
            "url": "http://www.uniprot.org/uniprot/O00238"
          }
        }
      },
      "offsets": [
        {
          "start": 877,
          "text": "Alk3"
        }
      ],
      "part": "s2p1"
    },
    {
      "classId": "e_1",
      "confidence": {
        "prob": 1.0,
        "state": "",
        "who": [
          "ml:GNormPlus"
        ]
      },
      "fields": {},
      "normalizations": {
        "n_6": {
          "confidence": {
            "prob": 1.0,
            "state": "",
            "who": [
              "ml:GNormPlus"
            ]
          },
          "recName": "ACVRL1",
          "source": {
            "id": "94",
            "name": "gene",
            "url": "http://www.ncbi.nlm.nih.gov/gene/94"
          }
        },
        "n_7": {
          "confidence": {
            "prob": 1.0,
            "state": "",
            "who": [
              "user:Ashish"
            ]
          },
          "recName": "Serine/threonine-protein kinase receptor R3",
          "source": {
            "id": "O00238",
            "name": "protein",
            "url": "http://www.uniprot.org/uniprot/O00238"
          }
        }
      },
      "offsets": [
        {
          "start": 979,
          "text": "Alk1"
        }
      ],
      "part": "s2p1"
    },
    {
      "classId": "e_1",
      "confidence": {
        "prob": 1.0,
        "state": "",
        "who": [
          "ml:GNormPlus"
        ]
      },
      "fields": {},
      "normalizations": {
        "n_6": {
          "confidence": {
            "prob": 1.0,
            "state": "",
            "who": [
              "ml:GNormPlus"
            ]
          },
          "recName": "GDF2",
          "source": {
            "id": "2658",
            "name": "gene",
            "url": "http://www.ncbi.nlm.nih.gov/gene/2658"
          }
        },
        "n_7": {
          "confidence": {
            "prob": 1.0,
            "state": "",
            "who": [
              "user:Ashish"
            ]
          },
          "recName": "Growth/differentiation factor 2",
          "source": {
            "id": "O00238",
            "name": "protein",
            "url": "http://www.uniprot.org/uniprot/O00238"
          }
        }
      },
      "offsets": [
        {
          "start": 1003,
          "text": "BMP-9"
        }
      ],
      "part": "s2p1"
    },
    {
      "classId": "e_2",
      "confidence": {
        "prob": 1.0,
        "state": "",
        "who": [
          "ml:GNormPlus"
        ]
      },
      "fields": {},
      "normalizations": {
        "n_6": {
          "confidence": {
            "prob": 1.0,
            "state": "",
            "who": [
              "ml:GNormPlus"
            ]
          },
          "recName": "BMPR1A",
          "source": {
            "id": "657",
            "name": "gene",
            "url": "http://www.ncbi.nlm.nih.gov/gene/657"
          }
        },
        "n_7": {
          "confidence": {
            "prob": 1.0,
            "state": "",
            "who": [
              "user:Ashish"
            ]
          },
          "recName": "Bone morphogenetic protein receptor type-1A",
          "source": {
            "id": "O00238",
            "name": "protein",
            "url": "http://www.uniprot.org/uniprot/O00238"
          }
        }
      },
      "offsets": [
        {
          "start": 1028,
          "text": "Alk3"
        }
      ],
      "part": "s2p1"
    },
    {
      "classId": "e_1",
      "confidence": {
        "prob": 1.0,
        "state": "",
        "who": [
          "ml:GNormPlus"
        ]
      },
      "fields": {},
      "normalizations": {
        "n_6": {
          "confidence": {
            "prob": 1.0,
            "state": "",
            "who": [
              "ml:GNormPlus"
            ]
          },
          "recName": "BMP2",
          "source": {
            "id": "650",
            "name": "gene",
            "url": "http://www.ncbi.nlm.nih.gov/gene/650"
          }
        },
        "n_7": {
          "confidence": {
            "prob": 1.0,
            "state": "",
            "who": [
              "user:Ashish"
            ]
          },
          "recName": "Bone morphogenetic protein 2",
          "source": {
            "id": "O00238",
            "name": "protein",
            "url": "http://www.uniprot.org/uniprot/O00238"
          }
        }
      },
      "offsets": [
        {
          "start": 1052,
          "text": "BMP-2"
        }
      ],
      "part": "s2p1"
    },
    {
      "classId": "e_1",
      "confidence": {
        "prob": 1.0,
        "state": "",
        "who": [
          "ml:GNormPlus"
        ]
      },
      "fields": {},
      "normalizations": {
        "n_6": {
          "confidence": {
            "prob": 1.0,
            "state": "",
            "who": [
              "ml:GNormPlus"
            ]
          },
          "recName": "GDF2",
          "source": {
            "id": "2658",
            "name": "gene",
            "url": "http://www.ncbi.nlm.nih.gov/gene/2658"
          }
        },
        "n_7": {
          "confidence": {
            "prob": 1.0,
            "state": "",
            "who": [
              "user:Ashish"
            ]
          },
          "recName": "Growth/differentiation factor 2",
          "source": {
            "id": "O00238",
            "name": "protein",
            "url": "http://www.uniprot.org/uniprot/O00238"
          }
        }
      },
      "offsets": [
        {
          "start": 1148,
          "text": "BMP-9"
        }
      ],
      "part": "s2p1"
    },
    {
      "classId": "e_1",
      "confidence": {
        "prob": 1.0,
        "state": "",
        "who": [
          "ml:GNormPlus"
        ]
      },
      "fields": {},
      "normalizations": {
        "n_6": {
          "confidence": {
            "prob": 1.0,
            "state": "",
            "who": [
              "ml:GNormPlus"
            ]
          },
          "recName": "ACVRL1",
          "source": {
            "id": "94",
            "name": "gene",
            "url": "http://www.ncbi.nlm.nih.gov/gene/94"
          }
        },
        "n_7": {
          "confidence": {
            "prob": 1.0,
            "state": "",
            "who": [
              "user:Ashish"
            ]
          },
          "recName": "Serine/threonine-protein kinase receptor R3",
          "source": {
            "id": "O00238",
            "name": "protein",
            "url": "http://www.uniprot.org/uniprot/O00238"
          }
        }
      },
      "offsets": [
        {
          "start": 1154,
          "text": "Alk1"
        }
      ],
      "part": "s2p1"
    },
    {
      "classId": "e_1",
      "confidence": {
        "prob": 1.0,
        "state": "",
        "who": [
          "ml:GNormPlus"
        ]
      },
      "fields": {},
      "normalizations": {
        "n_6": {
          "confidence": {
            "prob": 1.0,
            "state": "",
            "who": [
              "ml:GNormPlus"
            ]
          },
          "recName": "ACVRL1",
          "source": {
            "id": "94",
            "name": "gene",
            "url": "http://www.ncbi.nlm.nih.gov/gene/94"
          }
        },
        "n_7": {
          "confidence": {
            "prob": 1.0,
            "state": "",
            "who": [
              "user:Ashish"
            ]
          },
          "recName": "Serine/threonine-protein kinase receptor R3",
          "source": {
            "id": "O00238",
            "name": "protein",
            "url": "http://www.uniprot.org/uniprot/O00238"
          }
        }
      },
      "offsets": [
        {
          "start": 1231,
          "text": "Alk1"
        }
      ],
      "part": "s2p1"
    },
    {
      "classId": "e_2",
      "confidence": {
        "prob": 1.0,
        "state": "",
        "who": [
          "ml:GNormPlus"
        ]
      },
      "fields": {},
      "normalizations": {
        "n_6": {
          "confidence": {
            "prob": 1.0,
            "state": "",
            "who": [
              "ml:GNormPlus"
            ]
          },
          "recName": "BMPR1A",
          "source": {
            "id": "657",
            "name": "gene",
            "url": "http://www.ncbi.nlm.nih.gov/gene/657"
          }
        },
        "n_7": {
          "confidence": {
            "prob": 1.0,
            "state": "",
            "who": [
              "user:Ashish"
            ]
          },
          "recName": "Bone morphogenetic protein receptor type-1A",
          "source": {
            "id": "O00238",
            "name": "protein",
            "url": "http://www.uniprot.org/uniprot/O00238"
          }
        }
      },
      "offsets": [
        {
          "start": 1261,
          "text": "Alk3"
        }
      ],
      "part": "s2p1"
    },
    {
      "classId": "e_1",
      "confidence": {
        "prob": 1.0,
        "state": "",
        "who": [
          "ml:GNormPlus"
        ]
      },
      "fields": {},
      "normalizations": {
        "n_6": {
          "confidence": {
            "prob": 1.0,
            "state": "",
            "who": [
              "ml:GNormPlus"
            ]
          },
          "recName": "ACVRL1",
          "source": {
            "id": "94",
            "name": "gene",
            "url": "http://www.ncbi.nlm.nih.gov/gene/94"
          }
        },
        "n_7": {
          "confidence": {
            "prob": 1.0,
            "state": "",
            "who": [
              "user:Ashish"
            ]
          },
          "recName": "Serine/threonine-protein kinase receptor R3",
          "source": {
            "id": "O00238",
            "name": "protein",
            "url": "http://www.uniprot.org/uniprot/O00238"
          }
        }
      },
      "offsets": [
        {
          "start": 1325,
          "text": "Alk1"
        }
      ],
      "part": "s2p1"
    },
    {
      "classId": "e_1",
      "confidence": {
        "prob": 1.0,
        "state": "",
        "who": [
          "ml:GNormPlus"
        ]
      },
      "fields": {},
      "normalizations": {
        "n_6": {
          "confidence": {
            "prob": 1.0,
            "state": "",
            "who": [
              "ml:GNormPlus"
            ]
          },
          "recName": "GDF2",
          "source": {
            "id": "2658",
            "name": "gene",
            "url": "http://www.ncbi.nlm.nih.gov/gene/2658"
          }
        },
        "n_7": {
          "confidence": {
            "prob": 1.0,
            "state": "",
            "who": [
              "user:Ashish"
            ]
          },
          "recName": "Growth/differentiation factor 2",
          "source": {
            "id": "O00238",
            "name": "protein",
            "url": "http://www.uniprot.org/uniprot/O00238"
          }
        }
      },
      "offsets": [
        {
          "start": 1338,
          "text": "BMP-9"
        }
      ],
      "part": "s2p1"
    },
    {
      "classId": "e_2",
      "confidence": {
        "prob": 1.0,
        "state": "",
        "who": [
          "ml:GNormPlus"
        ]
      },
      "fields": {},
      "normalizations": {
        "n_6": {
          "confidence": {
            "prob": 1.0,
            "state": "",
            "who": [
              "ml:GNormPlus"
            ]
          },
          "recName": "BMPR1A",
          "source": {
            "id": "657",
            "name": "gene",
            "url": "http://www.ncbi.nlm.nih.gov/gene/657"
          }
        },
        "n_7": {
          "confidence": {
            "prob": 1.0,
            "state": "",
            "who": [
              "user:Ashish"
            ]
          },
          "recName": "Bone morphogenetic protein receptor type-1A",
          "source": {
            "id": "O00238",
            "name": "protein",
            "url": "http://www.uniprot.org/uniprot/O00238"
          }
        }
      },
      "offsets": [
        {
          "start": 1614,
          "text": "Alk3"
        }
      ],
      "part": "s2p1"
    }
  ],
  "metas": {},
  "relations": [
    {
      "classId": "r_4",
      "confidence": {
        "prob": 1,
        "state": "",
        "who": [
          "user:Ashish"
        ]
      },
      "directed": false,
      "entities": [
        "s2p1|296,313",
        "s2p1|338,342"
      ],
      "type": "linked"
    }
  ],
  "sources": [
    {
      "id": "22799562",
      "name": "MEDLINE",
      "url": "http://ncbi.nlm.nih.gov/pubmed/22799562"
    },
    {
      "id": "22799562",
      "name": "PMID",
      "url": "http://www.ncbi.nlm.nih.gov/pubmed/22799562"
    }
  ]
}