{
  "anncomplete": true,
  "annotatable": {
    "parts": [
      "s1h1",
      "s2h1",
      "s2p1"
    ]
  },
  "entities": [
    {
      "classId": "e_2",
      "confidence": {
        "prob": 1.0,
        "state": "",
        "who": [
          "ml:GNormPlus"
        ]
      },
      "fields": {},
      "normalizations": {
        "n_6": {
          "confidence": {
            "prob": 1.0,
            "state": "",
            "who": [
              "ml:GNormPlus"
            ]
          },
          "recName": "CREBBP",
          "source": {
            "id": "1387",
            "name": "gene",
            "url": "http://www.ncbi.nlm.nih.gov/gene/1387"
          }
        },
        "n_7": {
          "confidence": {
            "prob": 1.0,
            "state": "",
            "who": [
              "user:Ashish"
            ]
          },
          "recName": "CREB-binding protein",
          "source": {
            "id": "Q09472",
            "name": "protein",
            "url": "http://www.uniprot.org/uniprot/Q09472"
          }
        }
      },
      "offsets": [
        {
          "start": 71,
          "text": "p300/CREB-binding protein"
        }
      ],
      "part": "s1h1"
    },
    {
      "classId": "e_2",
      "confidence": {
        "prob": 1.0,
        "state": "",
        "who": [
          "ml:GNormPlus"
        ]
      },
      "fields": {},
      "normalizations": {
        "n_6": {
          "confidence": {
            "prob": 1.0,
            "state": "",
            "who": [
              "ml:GNormPlus"
            ]
          },
          "recName": "CITED2",
          "source": {
            "id": "10370",
            "name": "gene",
            "url": "http://www.ncbi.nlm.nih.gov/gene/10370"
          }
        },
        "n_7": {
          "confidence": {
            "prob": 1.0,
            "state": "",
            "who": [
              "user:Ashish"
            ]
          },
          "recName": "Cbp/p300-interacting transactivator 2",
          "source": {
            "id": "Q99967",
            "name": "protein",
            "url": "http://www.uniprot.org/uniprot/Q99967"
          }
        }
      },
      "offsets": [
        {
          "start": 102,
          "text": "CITED2"
        }
      ],
      "part": "s1h1"
    },
    {
      "classId": "e_2",
      "confidence": {
        "prob": 1.0,
        "state": "",
        "who": [
          "ml:GNormPlus"
        ]
      },
      "fields": {},
      "normalizations": {
        "n_6": {
          "confidence": {
            "prob": 1.0,
            "state": "",
            "who": [
              "ml:GNormPlus"
            ]
          },
          "recName": "CREBBP",
          "source": {
            "id": "1387",
            "name": "gene",
            "url": "http://www.ncbi.nlm.nih.gov/gene/1387"
          }
        },
        "n_7": {
          "confidence": {
            "prob": 1.0,
            "state": "",
            "who": [
              "user:Ashish"
            ]
          },
          "recName": "CREB-binding protein",
          "source": {
            "id": "Q99967",
            "name": "protein",
            "url": "http://www.uniprot.org/uniprot/Q99967"
          }
        }
      },
      "offsets": [
        {
          "start": 65,
          "text": "p300/CREB-binding protein"
        }
      ],
      "part": "s2p1"
    },
    {
      "classId": "e_2",
      "confidence": {
        "prob": 1.0,
        "state": "",
        "who": [
          "ml:GNormPlus"
        ]
      },
      "fields": {},
      "normalizations": {
        "n_6": {
          "confidence": {
            "prob": 1.0,
            "state": "",
            "who": [
              "ml:GNormPlus"
            ]
          },
          "recName": "CREBBP",
          "source": {
            "id": "1387",
            "name": "gene",
            "url": "http://www.ncbi.nlm.nih.gov/gene/1387"
          }
        },
        "n_7": {
          "confidence": {
            "prob": 1.0,
            "state": "",
            "who": [
              "user:Ashish"
            ]
          },
          "recName": "CREB-binding protein",
          "source": {
            "id": "Q99967",
            "name": "protein",
            "url": "http://www.uniprot.org/uniprot/Q99967"
          }
        }
      },
      "offsets": [
        {
          "start": 92,
          "text": "CBP"
        }
      ],
      "part": "s2p1"
    },
    {
      "classId": "e_2",
      "confidence": {
        "prob": 1.0,
        "state": "",
        "who": [
          "ml:GNormPlus"
        ]
      },
      "fields": {},
      "normalizations": {
        "n_6": {
          "confidence": {
            "prob": 1.0,
            "state": "",
            "who": [
              "ml:GNormPlus"
            ]
          },
          "recName": "CITED2",
          "source": {
            "id": "10370",
            "name": "gene",
            "url": "http://www.ncbi.nlm.nih.gov/gene/10370"
          }
        },
        "n_7": {
          "confidence": {
            "prob": 1.0,
            "state": "",
            "who": [
              "user:Ashish"
            ]
          },
          "recName": "Cbp/p300-interacting transactivator 2",
          "source": {
            "id": "Q99967",
            "name": "protein",
            "url": "http://www.uniprot.org/uniprot/Q99967"
          }
        }
      },
      "offsets": [
        {
          "start": 111,
          "text": "CITED2"
        }
      ],
      "part": "s2p1"
    },
    {
      "classId": "e_2",
      "confidence": {
        "prob": 1.0,
        "state": "",
        "who": [
          "ml:GNormPlus"
        ]
      },
      "fields": {},
      "normalizations": {
        "n_6": {
          "confidence": {
            "prob": 1.0,
            "state": "",
            "who": [
              "ml:GNormPlus"
            ]
          },
          "recName": "EP300",
          "source": {
            "id": "2033",
            "name": "gene",
            "url": "http://www.ncbi.nlm.nih.gov/gene/2033"
          }
        },
        "n_7": {
          "confidence": {
            "prob": 1.0,
            "state": "",
            "who": [
              "user:Ashish"
            ]
          },
          "recName": "Histone acetyltransferase p300",
          "source": {
            "id": "Q99967",
            "name": "protein",
            "url": "http://www.uniprot.org/uniprot/Q99967"
          }
        }
      },
      "offsets": [
        {
          "start": 169,
          "text": "p300"
        }
      ],
      "part": "s2p1"
    },
    {
      "classId": "e_2",
      "confidence": {
        "prob": 1.0,
        "state": "",
        "who": [
          "ml:GNormPlus"
        ]
      },
      "fields": {},
      "normalizations": {
        "n_6": {
          "confidence": {
            "prob": 1.0,
            "state": "",
            "who": [
              "ml:GNormPlus"
            ]
          },
          "recName": "CREBBP",
          "source": {
            "id": "1387",
            "name": "gene",
            "url": "http://www.ncbi.nlm.nih.gov/gene/1387"
          }
        },
        "n_7": {
          "confidence": {
            "prob": 1.0,
            "state": "",
            "who": [
              "user:Ashish"
            ]
          },
          "recName": "CREB-binding protein",
          "source": {
            "id": "Q99967",
            "name": "protein",
            "url": "http://www.uniprot.org/uniprot/Q99967"
          }
        }
      },
      "offsets": [
        {
          "start": 174,
          "text": "CBP"
        }
      ],
      "part": "s2p1"
    },
    {
      "classId": "e_2",
      "confidence": {
        "prob": 1.0,
        "state": "",
        "who": [
          "ml:GNormPlus"
        ]
      },
      "fields": {},
      "normalizations": {
        "n_6": {
          "confidence": {
            "prob": 1.0,
            "state": "",
            "who": [
              "ml:GNormPlus"
            ]
          },
          "recName": "CITED2",
          "source": {
            "id": "10370",
            "name": "gene",
            "url": "http://www.ncbi.nlm.nih.gov/gene/10370"
          }
        },
        "n_7": {
          "confidence": {
            "prob": 1.0,
            "state": "",
            "who": [
              "user:Ashish"
            ]
          },
          "recName": "Cbp/p300-interacting transactivator 2",
          "source": {
            "id": "Q99967",
            "name": "protein",
            "url": "http://www.uniprot.org/uniprot/Q99967"
          }
        }
      },
      "offsets": [
        {
          "start": 179,
          "text": "CITED2"
        }
      ],
      "part": "s2p1"
    },
    {
      "classId": "e_2",
      "confidence": {
        "prob": 1.0,
        "state": "",
        "who": [
          "ml:GNormPlus"
        ]
      },
      "fields": {},
      "normalizations": {
        "n_6": {
          "confidence": {
            "prob": 1.0,
            "state": "",
            "who": [
              "ml:GNormPlus"
            ]
          },
          "recName": "TFAP2A",
          "source": {
            "id": "7020",
            "name": "gene",
            "url": "http://www.ncbi.nlm.nih.gov/gene/7020"
          }
        },
        "n_7": {
          "confidence": {
            "prob": 1.0,
            "state": "",
            "who": [
              "user:Ashish"
            ]
          },
          "recName": "Transcription factor AP-2-alpha",
          "source": {
            "id": "P05549",
            "name": "protein",
            "url": "http://www.uniprot.org/uniprot/P05549"
          }
        }
      },
      "offsets": [
        {
          "start": 191,
          "text": "TFAP2A"
        }
      ],
      "part": "s2p1"
    },
    {
      "classId": "e_2",
      "confidence": {
        "prob": 1.0,
        "state": "",
        "who": [
          "ml:GNormPlus"
        ]
      },
      "fields": {},
      "normalizations": {
        "n_6": {
          "confidence": {
            "prob": 1.0,
            "state": "",
            "who": [
              "ml:GNormPlus"
            ]
          },
          "recName": "EP300",
          "source": {
            "id": "2033",
            "name": "gene",
            "url": "http://www.ncbi.nlm.nih.gov/gene/2033"
          }
        },
        "n_7": {
          "confidence": {
            "prob": 1.0,
            "state": "",
            "who": [
              "user:Ashish"
            ]
          },
          "recName": "Histone acetyltransferase p300",
          "source": {
            "id": "P05549",
            "name": "protein",
            "url": "http://www.uniprot.org/uniprot/P05549"
          }
        }
      },
      "offsets": [
        {
          "start": 278,
          "text": "p300"
        }
      ],
      "part": "s2p1"
    },
    {
      "classId": "e_2",
      "confidence": {
        "prob": 1.0,
        "state": "",
        "who": [
          "ml:GNormPlus"
        ]
      },
      "fields": {},
      "normalizations": {
        "n_6": {
          "confidence": {
            "prob": 1.0,
            "state": "",
            "who": [
              "ml:GNormPlus"
            ]
          },
          "recName": "CREBBP",
          "source": {
            "id": "1387",
            "name": "gene",
            "url": "http://www.ncbi.nlm.nih.gov/gene/1387"
          }
        },
        "n_7": {
          "confidence": {
            "prob": 1.0,
            "state": "",
            "who": [
              "user:Ashish"
            ]
          },
          "recName": "CREB-binding protein",
          "source": {
            "id": "P05549",
            "name": "protein",
            "url": "http://www.uniprot.org/uniprot/P05549"
          }
        }
      },
      "offsets": [
        {
          "start": 287,
          "text": "CBP"
        }
      ],
      "part": "s2p1"
    },
    {
      "classId": "e_2",
      "confidence": {
        "prob": 1.0,
        "state": "",
        "who": [
          "ml:GNormPlus"
        ]
      },
      "fields": {},
      "normalizations": {
        "n_6": {
          "confidence": {
            "prob": 1.0,
            "state": "",
            "who": [
              "ml:GNormPlus"
            ]
          },
          "recName": "TFAP2A",
          "source": {
            "id": "7020",
            "name": "gene",
            "url": "http://www.ncbi.nlm.nih.gov/gene/7020"
          }
        },
        "n_7": {
          "confidence": {
            "prob": 1.0,
            "state": "",
            "who": [
              "user:Ashish"
            ]
          },
          "recName": "Transcription factor AP-2-alpha",
          "source": {
            "id": "P05549",
            "name": "protein",
            "url": "http://www.uniprot.org/uniprot/P05549"
          }
        }
      },
      "offsets": [
        {
          "start": 303,
          "text": "TFAP2A"
        }
      ],
      "part": "s2p1"
    },
    {
      "classId": "e_2",
      "confidence": {
        "prob": 1.0,
        "state": "",
        "who": [
          "ml:GNormPlus"
        ]
      },
      "fields": {},
      "normalizations": {
        "n_6": {
          "confidence": {
            "prob": 1.0,
            "state": "",
            "who": [
              "ml:GNormPlus"
            ]
          },
          "recName": "CITED2",
          "source": {
            "id": "10370",
            "name": "gene",
            "url": "http://www.ncbi.nlm.nih.gov/gene/10370"
          }
        },
        "n_7": {
          "confidence": {
            "prob": 1.0,
            "state": "",
            "who": [
              "user:Ashish"
            ]
          },
          "recName": "Cbp/p300-interacting transactivator 2",
          "source": {
            "id": "P05549",
            "name": "protein",
            "url": "http://www.uniprot.org/uniprot/P05549"
          }
        }
      },
      "offsets": [
        {
          "start": 329,
          "text": "CITED2"
        }
      ],
      "part": "s2p1"
    },
    {
      "classId": "e_2",
      "confidence": {
        "prob": 1.0,
        "state": "",
        "who": [
          "ml:GNormPlus"
        ]
      },
      "fields": {},
      "normalizations": {
        "n_6": {
          "confidence": {
            "prob": 1.0,
            "state": "",
            "who": [
              "ml:GNormPlus"
            ]
          },
          "recName": "Tfap2a",
          "source": {
            "id": "21418",
            "name": "gene",
            "url": "http://www.ncbi.nlm.nih.gov/gene/21418"
          }
        },
        "n_7": {
          "confidence": {
            "prob": 1.0,
            "state": "",
            "who": [
              "user:Ashish"
            ]
          },
          "recName": "Transcription factor AP-2-alpha",
          "source": {
            "id": "P34056",
            "name": "protein",
            "url": "http://www.uniprot.org/uniprot/P34056"
          }
        }
      },
      "offsets": [
        {
          "start": 337,
          "text": "TFAP2A"
        }
      ],
      "part": "s2p1"
    },
    {
      "classId": "e_2",
      "confidence": {
        "prob": 1.0,
        "state": "",
        "who": [
          "ml:GNormPlus"
        ]
      },
      "fields": {},
      "normalizations": {
        "n_6": {
          "confidence": {
            "prob": 1.0,
            "state": "",
            "who": [
              "ml:GNormPlus"
            ]
          },
          "recName": "Ep300",
          "source": {
            "id": "328572",
            "name": "gene",
            "url": "http://www.ncbi.nlm.nih.gov/gene/328572"
          }
        },
        "n_7": {
          "confidence": {
            "prob": 1.0,
            "state": "",
            "who": [
              "user:Ashish"
            ]
          },
          "recName": "Histone acetyltransferase p300",
          "source": {
            "id": "B2RWS6",
            "name": "protein",
            "url": "http://www.uniprot.org/uniprot/B2RWS6"
          }
        }
      },
      "offsets": [
        {
          "start": 394,
          "text": "p300"
        }
      ],
      "part": "s2p1"
    },
    {
      "classId": "e_1",
      "confidence": {
        "prob": 1.0,
        "state": "",
        "who": [
          "ml:GNormPlus"
        ]
      },
      "fields": {},
      "normalizations": {
        "n_6": {
          "confidence": {
            "prob": 1.0,
            "state": "",
            "who": [
              "ml:GNormPlus"
            ]
          },
          "recName": "Crebbp {ECO:0000313|Ensembl:ENSMUSP00000023165",
          "source": {
            "id": "12914",
            "name": "gene",
            "url": "http://www.ncbi.nlm.nih.gov/gene/12914"
          }
        }
      },
      "offsets": [
        {
          "start": 408,
          "text": "CBP"
        }
      ],
      "part": "s2p1"
    },
    {
      "classId": "e_2",
      "confidence": {
        "prob": 1.0,
        "state": "",
        "who": [
          "ml:GNormPlus"
        ]
      },
      "fields": {},
      "normalizations": {
        "n_6": {
          "confidence": {
            "prob": 1.0,
            "state": "",
            "who": [
              "ml:GNormPlus"
            ]
          },
          "recName": "Ep300",
          "source": {
            "id": "328572",
            "name": "gene",
            "url": "http://www.ncbi.nlm.nih.gov/gene/328572"
          }
        },
        "n_7": {
          "confidence": {
            "prob": 1.0,
            "state": "",
            "who": [
              "user:Ashish"
            ]
          },
          "recName": "Histone acetyltransferase p300",
          "source": {
            "id": "F8VPR5",
            "name": "protein",
            "url": "http://www.uniprot.org/uniprot/F8VPR5"
          }
        }
      },
      "offsets": [
        {
          "start": 488,
          "text": "p300"
        }
      ],
      "part": "s2p1"
    },
    {
      "classId": "e_1",
      "confidence": {
        "prob": 1.0,
        "state": "",
        "who": [
          "ml:GNormPlus"
        ]
      },
      "fields": {},
      "normalizations": {
        "n_6": {
          "confidence": {
            "prob": 1.0,
            "state": "",
            "who": [
              "ml:GNormPlus"
            ]
          },
          "recName": "Crebbp {ECO:0000313|Ensembl:ENSMUSP00000023165",
          "source": {
            "id": "12914",
            "name": "gene",
            "url": "http://www.ncbi.nlm.nih.gov/gene/12914"
          }
        }
      },
      "offsets": [
        {
          "start": 493,
          "text": "CBP"
        }
      ],
      "part": "s2p1"
    },
    {
      "classId": "e_2",
      "confidence": {
        "prob": 1.0,
        "state": "",
        "who": [
          "ml:GNormPlus"
        ]
      },
      "fields": {},
      "normalizations": {
        "n_6": {
          "confidence": {
            "prob": 1.0,
            "state": "",
            "who": [
              "ml:GNormPlus"
            ]
          },
          "recName": "Ep300",
          "source": {
            "id": "328572",
            "name": "gene",
            "url": "http://www.ncbi.nlm.nih.gov/gene/328572"
          }
        },
        "n_7": {
          "confidence": {
            "prob": 1.0,
            "state": "",
            "who": [
              "user:Ashish"
            ]
          },
          "recName": "Histone acetyltransferase p300",
          "source": {
            "id": "F8VPR5",
            "name": "protein",
            "url": "http://www.uniprot.org/uniprot/F8VPR5"
          }
        }
      },
      "offsets": [
        {
          "start": 498,
          "text": "p300"
        }
      ],
      "part": "s2p1"
    },
    {
      "classId": "e_2",
      "confidence": {
        "prob": 1.0,
        "state": "",
        "who": [
          "ml:GNormPlus"
        ]
      },
      "fields": {},
      "normalizations": {
        "n_6": {
          "confidence": {
            "prob": 1.0,
            "state": "",
            "who": [
              "ml:GNormPlus"
            ]
          },
          "recName": "Tfap2a",
          "source": {
            "id": "21418",
            "name": "gene",
            "url": "http://www.ncbi.nlm.nih.gov/gene/21418"
          }
        },
        "n_7": {
          "confidence": {
            "prob": 1.0,
            "state": "",
            "who": [
              "user:Ashish"
            ]
          },
          "recName": "Transcription factor AP-2-alpha",
          "source": {
            "id": "F8VPR5",
            "name": "protein",
            "url": "http://www.uniprot.org/uniprot/F8VPR5"
          }
        }
      },
      "offsets": [
        {
          "start": 504,
          "text": "TFAP2A"
        }
      ],
      "part": "s2p1"
    },
    {
      "classId": "e_2",
      "confidence": {
        "prob": 1.0,
        "state": "",
        "who": [
          "ml:GNormPlus"
        ]
      },
      "fields": {},
      "normalizations": {
        "n_6": {
          "confidence": {
            "prob": 1.0,
            "state": "",
            "who": [
              "ml:GNormPlus"
            ]
          },
          "recName": "Cited2",
          "source": {
            "id": "17684",
            "name": "gene",
            "url": "http://www.ncbi.nlm.nih.gov/gene/17684"
          }
        },
        "n_7": {
          "confidence": {
            "prob": 1.0,
            "state": "",
            "who": [
              "user:Ashish"
            ]
          },
          "recName": "Cbp/p300-interacting transactivator 2",
          "source": {
            "id": "O35740",
            "name": "protein",
            "url": "http://www.uniprot.org/uniprot/O35740"
          }
        }
      },
      "offsets": [
        {
          "start": 527,
          "text": "CITED2"
        }
      ],
      "part": "s2p1"
    },
    {
      "classId": "e_2",
      "confidence": {
        "prob": 1.0,
        "state": "",
        "who": [
          "ml:GNormPlus"
        ]
      },
      "fields": {},
      "normalizations": {
        "n_6": {
          "confidence": {
            "prob": 1.0,
            "state": "",
            "who": [
              "ml:GNormPlus"
            ]
          },
          "recName": "CITED2",
          "source": {
            "id": "10370",
            "name": "gene",
            "url": "http://www.ncbi.nlm.nih.gov/gene/10370"
          }
        },
        "n_7": {
          "confidence": {
            "prob": 1.0,
            "state": "",
            "who": [
              "user:Ashish"
            ]
          },
          "recName": "Cbp/p300-interacting transactivator 2",
          "source": {
            "id": "O35740",
            "name": "protein",
            "url": "http://www.uniprot.org/uniprot/O35740"
          }
        }
      },
      "offsets": [
        {
          "start": 648,
          "text": "CITED2"
        }
      ],
      "part": "s2p1"
    },
    {
      "classId": "e_2",
      "confidence": {
        "prob": 1.0,
        "state": "",
        "who": [
          "ml:GNormPlus"
        ]
      },
      "fields": {},
      "normalizations": {
        "n_6": {
          "confidence": {
            "prob": 1.0,
            "state": "",
            "who": [
              "ml:GNormPlus"
            ]
          },
          "recName": "TFAP2C",
          "source": {
            "id": "7022",
            "name": "gene",
            "url": "http://www.ncbi.nlm.nih.gov/gene/7022"
          }
        },
        "n_7": {
          "confidence": {
            "prob": 1.0,
            "state": "",
            "who": [
              "user:Ashish"
            ]
          },
          "recName": "Transcription factor AP-2 gamma",
          "source": {
            "id": "Q92754",
            "name": "protein",
            "url": "http://www.uniprot.org/uniprot/Q92754"
          }
        }
      },
      "offsets": [
        {
          "start": 698,
          "text": "TFAP2C"
        }
      ],
      "part": "s2p1"
    },
    {
      "classId": "e_2",
      "confidence": {
        "prob": 1.0,
        "state": "",
        "who": [
          "ml:GNormPlus"
        ]
      },
      "fields": {},
      "normalizations": {
        "n_6": {
          "confidence": {
            "prob": 1.0,
            "state": "",
            "who": [
              "ml:GNormPlus"
            ]
          },
          "recName": "TFAP2A",
          "source": {
            "id": "7020",
            "name": "gene",
            "url": "http://www.ncbi.nlm.nih.gov/gene/7020"
          }
        },
        "n_7": {
          "confidence": {
            "prob": 1.0,
            "state": "",
            "who": [
              "user:Ashish"
            ]
          },
          "recName": "Transcription factor AP-2-alpha",
          "source": {
            "id": "Q92481",
            "name": "protein",
            "url": "http://www.uniprot.org/uniprot/Q92481"
          }
        }
      },
      "offsets": [
        {
          "start": 735,
          "text": "TFAP2A/B"
        }
      ],
      "part": "s2p1"
    },
    {
      "classId": "e_2",
      "confidence": {
        "prob": 1.0,
        "state": "",
        "who": [
          "ml:GNormPlus"
        ]
      },
      "fields": {},
      "normalizations": {
        "n_6": {
          "confidence": {
            "prob": 1.0,
            "state": "",
            "who": [
              "ml:GNormPlus"
            ]
          },
          "recName": "EP300",
          "source": {
            "id": "2033",
            "name": "gene",
            "url": "http://www.ncbi.nlm.nih.gov/gene/2033"
          }
        },
        "n_7": {
          "confidence": {
            "prob": 1.0,
            "state": "",
            "who": [
              "user:Ashish"
            ]
          },
          "recName": "Histone acetyltransferase p300",
          "source": {
            "id": "Q92481",
            "name": "protein",
            "url": "http://www.uniprot.org/uniprot/Q92481"
          }
        }
      },
      "offsets": [
        {
          "start": 794,
          "text": "p300"
        }
      ],
      "part": "s2p1"
    },
    {
      "classId": "e_2",
      "confidence": {
        "prob": 1.0,
        "state": "",
        "who": [
          "ml:GNormPlus"
        ]
      },
      "fields": {},
      "normalizations": {
        "n_6": {
          "confidence": {
            "prob": 1.0,
            "state": "",
            "who": [
              "ml:GNormPlus"
            ]
          },
          "recName": "TFAP2A",
          "source": {
            "id": "7020",
            "name": "gene",
            "url": "http://www.ncbi.nlm.nih.gov/gene/7020"
          }
        },
        "n_7": {
          "confidence": {
            "prob": 1.0,
            "state": "",
            "who": [
              "user:Ashish"
            ]
          },
          "recName": "Transcription factor AP-2-alpha",
          "source": {
            "id": "Q92481",
            "name": "protein",
            "url": "http://www.uniprot.org/uniprot/Q92481"
          }
        }
      },
      "offsets": [
        {
          "start": 803,
          "text": "TFAP2A"
        }
      ],
      "part": "s2p1"
    },
    {
      "classId": "e_2",
      "confidence": {
        "prob": 1.0,
        "state": "",
        "who": [
          "ml:GNormPlus"
        ]
      },
      "fields": {},
      "normalizations": {
        "n_6": {
          "confidence": {
            "prob": 1.0,
            "state": "",
            "who": [
              "ml:GNormPlus"
            ]
          },
          "recName": "CITED2",
          "source": {
            "id": "10370",
            "name": "gene",
            "url": "http://www.ncbi.nlm.nih.gov/gene/10370"
          }
        },
        "n_7": {
          "confidence": {
            "prob": 1.0,
            "state": "",
            "who": [
              "user:Ashish"
            ]
          },
          "recName": "Cbp/p300-interacting transactivator 2",
          "source": {
            "id": "Q92481",
            "name": "protein",
            "url": "http://www.uniprot.org/uniprot/Q92481"
          }
        }
      },
      "offsets": [
        {
          "start": 831,
          "text": "CITED2"
        }
      ],
      "part": "s2p1"
    },
    {
      "classId": "e_2",
      "confidence": {
        "prob": 1.0,
        "state": "",
        "who": [
          "ml:GNormPlus"
        ]
      },
      "fields": {},
      "normalizations": {
        "n_6": {
          "confidence": {
            "prob": 1.0,
            "state": "",
            "who": [
              "ml:GNormPlus"
            ]
          },
          "recName": "TFAP2A",
          "source": {
            "id": "7020",
            "name": "gene",
            "url": "http://www.ncbi.nlm.nih.gov/gene/7020"
          }
        },
        "n_7": {
          "confidence": {
            "prob": 1.0,
            "state": "",
            "who": [
              "user:Ashish"
            ]
          },
          "recName": "Transcription factor AP-2-alpha",
          "source": {
            "id": "Q92481",
            "name": "protein",
            "url": "http://www.uniprot.org/uniprot/Q92481"
          }
        }
      },
      "offsets": [
        {
          "start": 881,
          "text": "TFAP2A"
        }
      ],
      "part": "s2p1"
    },
    {
      "classId": "e_2",
      "confidence": {
        "prob": 1.0,
        "state": "",
        "who": [
          "ml:GNormPlus"
        ]
      },
      "fields": {},
      "normalizations": {
        "n_6": {
          "confidence": {
            "prob": 1.0,
            "state": "",
            "who": [
              "ml:GNormPlus"
            ]
          },
          "recName": "EP300",
          "source": {
            "id": "2033",
            "name": "gene",
            "url": "http://www.ncbi.nlm.nih.gov/gene/2033"
          }
        },
        "n_7": {
          "confidence": {
            "prob": 1.0,
            "state": "",
            "who": [
              "user:Ashish"
            ]
          },
          "recName": "Histone acetyltransferase p300",
          "source": {
            "id": "Q92481",
            "name": "protein",
            "url": "http://www.uniprot.org/uniprot/Q92481"
          }
        }
      },
      "offsets": [
        {
          "start": 983,
          "text": "p300"
        }
      ],
      "part": "s2p1"
    },
    {
      "classId": "e_2",
      "confidence": {
        "prob": 1.0,
        "state": "",
        "who": [
          "ml:GNormPlus"
        ]
      },
      "fields": {},
      "normalizations": {
        "n_6": {
          "confidence": {
            "prob": 1.0,
            "state": "",
            "who": [
              "ml:GNormPlus"
            ]
          },
          "recName": "CITED2",
          "source": {
            "id": "10370",
            "name": "gene",
            "url": "http://www.ncbi.nlm.nih.gov/gene/10370"
          }
        },
        "n_7": {
          "confidence": {
            "prob": 1.0,
            "state": "",
            "who": [
              "user:Ashish"
            ]
          },
          "recName": "Cbp/p300-interacting transactivator 2",
          "source": {
            "id": "Q92481",
            "name": "protein",
            "url": "http://www.uniprot.org/uniprot/Q92481"
          }
        }
      },
      "offsets": [
        {
          "start": 1029,
          "text": "CITED2"
        }
      ],
      "part": "s2p1"
    },
    {
      "classId": "e_2",
      "confidence": {
        "prob": 1.0,
        "state": "",
        "who": [
          "ml:GNormPlus"
        ]
      },
      "fields": {},
      "normalizations": {
        "n_6": {
          "confidence": {
            "prob": 1.0,
            "state": "",
            "who": [
              "ml:GNormPlus"
            ]
          },
          "recName": "TFAP2A",
          "source": {
            "id": "7020",
            "name": "gene",
            "url": "http://www.ncbi.nlm.nih.gov/gene/7020"
          }
        },
        "n_7": {
          "confidence": {
            "prob": 1.0,
            "state": "",
            "who": [
              "user:Ashish"
            ]
          },
          "recName": "Transcription factor AP-2-alpha",
          "source": {
            "id": "Q92481",
            "name": "protein",
            "url": "http://www.uniprot.org/uniprot/Q92481"
          }
        }
      },
      "offsets": [
        {
          "start": 1082,
          "text": "TFAP2A"
        }
      ],
      "part": "s2p1"
    },
    {
      "classId": "e_2",
      "confidence": {
        "prob": 1.0,
        "state": "",
        "who": [
          "ml:GNormPlus"
        ]
      },
      "fields": {},
      "normalizations": {
        "n_6": {
          "confidence": {
            "prob": 1.0,
            "state": "",
            "who": [
              "ml:GNormPlus"
            ]
          },
          "recName": "EP300",
          "source": {
            "id": "2033",
            "name": "gene",
            "url": "http://www.ncbi.nlm.nih.gov/gene/2033"
          }
        },
        "n_7": {
          "confidence": {
            "prob": 1.0,
            "state": "",
            "who": [
              "user:Ashish"
            ]
          },
          "recName": "Histone acetyltransferase p300",
          "source": {
            "id": "Q92481",
            "name": "protein",
            "url": "http://www.uniprot.org/uniprot/Q92481"
          }
        }
      },
      "offsets": [
        {
          "start": 1107,
          "text": "p300"
        }
      ],
      "part": "s2p1"
    },
    {
      "classId": "e_2",
      "confidence": {
        "prob": 1.0,
        "state": "",
        "who": [
          "ml:GNormPlus"
        ]
      },
      "fields": {},
      "normalizations": {
        "n_6": {
          "confidence": {
            "prob": 1.0,
            "state": "",
            "who": [
              "ml:GNormPlus"
            ]
          },
          "recName": "CITED2",
          "source": {
            "id": "10370",
            "name": "gene",
            "url": "http://www.ncbi.nlm.nih.gov/gene/10370"
          }
        },
        "n_7": {
          "confidence": {
            "prob": 1.0,
            "state": "",
            "who": [
              "user:Ashish"
            ]
          },
          "recName": "Cbp/p300-interacting transactivator 2",
          "source": {
            "id": "Q92481",
            "name": "protein",
            "url": "http://www.uniprot.org/uniprot/Q92481"
          }
        }
      },
      "offsets": [
        {
          "start": 1117,
          "text": "CITED2"
        }
      ],
      "part": "s2p1"
    },
    {
      "classId": "e_2",
      "confidence": {
        "prob": 1.0,
        "state": "",
        "who": [
          "ml:GNormPlus"
        ]
      },
      "fields": {},
      "normalizations": {
        "n_6": {
          "confidence": {
            "prob": 1.0,
            "state": "",
            "who": [
              "ml:GNormPlus"
            ]
          },
          "recName": "EP300",
          "source": {
            "id": "2033",
            "name": "gene",
            "url": "http://www.ncbi.nlm.nih.gov/gene/2033"
          }
        },
        "n_7": {
          "confidence": {
            "prob": 1.0,
            "state": "",
            "who": [
              "user:Ashish"
            ]
          },
          "recName": "Histone acetyltransferase p300",
          "source": {
            "id": "Q92481",
            "name": "protein",
            "url": "http://www.uniprot.org/uniprot/Q92481"
          }
        }
      },
      "offsets": [
        {
          "start": 1187,
          "text": "p300"
        }
      ],
      "part": "s2p1"
    },
    {
      "classId": "e_2",
      "confidence": {
        "prob": 1.0,
        "state": "",
        "who": [
          "ml:GNormPlus"
        ]
      },
      "fields": {},
      "normalizations": {
        "n_6": {
          "confidence": {
            "prob": 1.0,
            "state": "",
            "who": [
              "ml:GNormPlus"
            ]
          },
          "recName": "TFAP2A",
          "source": {
            "id": "7020",
            "name": "gene",
            "url": "http://www.ncbi.nlm.nih.gov/gene/7020"
          }
        },
        "n_7": {
          "confidence": {
            "prob": 1.0,
            "state": "",
            "who": [
              "user:Ashish"
            ]
          },
          "recName": "Transcription factor AP-2-alpha",
          "source": {
            "id": "Q92481",
            "name": "protein",
            "url": "http://www.uniprot.org/uniprot/Q92481"
          }
        }
      },
      "offsets": [
        {
          "start": 1228,
          "text": "TFAP2A"
        }
      ],
      "part": "s2p1"
    },
    {
      "classId": "e_2",
      "confidence": {
        "prob": 1.0,
        "state": "",
        "who": [
          "ml:GNormPlus"
        ]
      },
      "fields": {},
      "normalizations": {
        "n_6": {
          "confidence": {
            "prob": 1.0,
            "state": "",
            "who": [
              "ml:GNormPlus"
            ]
          },
          "recName": "TFAP2A",
          "source": {
            "id": "7020",
            "name": "gene",
            "url": "http://www.ncbi.nlm.nih.gov/gene/7020"
          }
        },
        "n_7": {
          "confidence": {
            "prob": 1.0,
            "state": "",
            "who": [
              "user:Ashish"
            ]
          },
          "recName": "Transcription factor AP-2-alpha",
          "source": {
            "id": "Q92481",
            "name": "protein",
            "url": "http://www.uniprot.org/uniprot/Q92481"
          }
        }
      },
      "offsets": [
        {
          "start": 1297,
          "text": "TFAP2A"
        }
      ],
      "part": "s2p1"
    },
    {
      "classId": "e_2",
      "confidence": {
        "prob": 1.0,
        "state": "",
        "who": [
          "ml:GNormPlus"
        ]
      },
      "fields": {},
      "normalizations": {
        "n_6": {
          "confidence": {
            "prob": 1.0,
            "state": "",
            "who": [
              "ml:GNormPlus"
            ]
          },
          "recName": "CITED2",
          "source": {
            "id": "10370",
            "name": "gene",
            "url": "http://www.ncbi.nlm.nih.gov/gene/10370"
          }
        },
        "n_7": {
          "confidence": {
            "prob": 1.0,
            "state": "",
            "who": [
              "user:Ashish"
            ]
          },
          "recName": "Cbp/p300-interacting transactivator 2",
          "source": {
            "id": "Q92481",
            "name": "protein",
            "url": "http://www.uniprot.org/uniprot/Q92481"
          }
        }
      },
      "offsets": [
        {
          "start": 1307,
          "text": "CITED2"
        }
      ],
      "part": "s2p1"
    },
    {
      "classId": "e_2",
      "confidence": {
        "prob": 1.0,
        "state": "",
        "who": [
          "ml:GNormPlus"
        ]
      },
      "fields": {},
      "normalizations": {
        "n_6": {
          "confidence": {
            "prob": 1.0,
            "state": "",
            "who": [
              "ml:GNormPlus"
            ]
          },
          "recName": "TFAP2A",
          "source": {
            "id": "7020",
            "name": "gene",
            "url": "http://www.ncbi.nlm.nih.gov/gene/7020"
          }
        },
        "n_7": {
          "confidence": {
            "prob": 1.0,
            "state": "",
            "who": [
              "user:Ashish"
            ]
          },
          "recName": "Transcription factor AP-2-alpha",
          "source": {
            "id": "Q92481",
            "name": "protein",
            "url": "http://www.uniprot.org/uniprot/Q92481"
          }
        }
      },
      "offsets": [
        {
          "start": 1386,
          "text": "TFAP2A"
        }
      ],
      "part": "s2p1"
    },
    {
      "classId": "e_2",
      "confidence": {
        "prob": 1.0,
        "state": "",
        "who": [
          "ml:GNormPlus"
        ]
      },
      "fields": {},
      "normalizations": {
        "n_6": {
          "confidence": {
            "prob": 1.0,
            "state": "",
            "who": [
              "ml:GNormPlus"
            ]
          },
          "recName": "TFAP2A",
          "source": {
            "id": "7020",
            "name": "gene",
            "url": "http://www.ncbi.nlm.nih.gov/gene/7020"
          }
        },
        "n_7": {
          "confidence": {
            "prob": 1.0,
            "state": "",
            "who": [
              "user:Ashish"
            ]
          },
          "recName": "Transcription factor AP-2-alpha",
          "source": {
            "id": "Q92481",
            "name": "protein",
            "url": "http://www.uniprot.org/uniprot/Q92481"
          }
        }
      },
      "offsets": [
        {
          "start": 1522,
          "text": "TFAP2A"
        }
      ],
      "part": "s2p1"
    },
    {
      "classId": "e_2",
      "confidence": {
        "prob": 1.0,
        "state": "",
        "who": [
          "ml:GNormPlus"
        ]
      },
      "fields": {},
      "normalizations": {
        "n_6": {
          "confidence": {
            "prob": 1.0,
            "state": "",
            "who": [
              "ml:GNormPlus"
            ]
          },
          "recName": "CITED2",
          "source": {
            "id": "10370",
            "name": "gene",
            "url": "http://www.ncbi.nlm.nih.gov/gene/10370"
          }
        },
        "n_7": {
          "confidence": {
            "prob": 1.0,
            "state": "",
            "who": [
              "user:Ashish"
            ]
          },
          "recName": "Cbp/p300-interacting transactivator 2",
          "source": {
            "id": "Q92481",
            "name": "protein",
            "url": "http://www.uniprot.org/uniprot/Q92481"
          }
        }
      },
      "offsets": [
        {
          "start": 1530,
          "text": "CITED2"
        }
      ],
      "part": "s2p1"
    },
    {
      "classId": "e_2",
      "confidence": {
        "prob": 1.0,
        "state": "",
        "who": [
          "ml:GNormPlus"
        ]
      },
      "fields": {},
      "normalizations": {
        "n_6": {
          "confidence": {
            "prob": 1.0,
            "state": "",
            "who": [
              "ml:GNormPlus"
            ]
          },
          "recName": "EP300",
          "source": {
            "id": "2033",
            "name": "gene",
            "url": "http://www.ncbi.nlm.nih.gov/gene/2033"
          }
        },
        "n_7": {
          "confidence": {
            "prob": 1.0,
            "state": "",
            "who": [
              "user:Ashish"
            ]
          },
          "recName": "Histone acetyltransferase p300",
          "source": {
            "id": "Q92481",
            "name": "protein",
            "url": "http://www.uniprot.org/uniprot/Q92481"
          }
        }
      },
      "offsets": [
        {
          "start": 1542,
          "text": "p300"
        }
      ],
      "part": "s2p1"
    },
    {
      "classId": "e_2",
      "confidence": {
        "prob": 1.0,
        "state": "",
        "who": [
          "ml:GNormPlus"
        ]
      },
      "fields": {},
      "normalizations": {
        "n_6": {
          "confidence": {
            "prob": 1.0,
            "state": "",
            "who": [
              "ml:GNormPlus"
            ]
          },
          "recName": "CREBBP",
          "source": {
            "id": "1387",
            "name": "gene",
            "url": "http://www.ncbi.nlm.nih.gov/gene/1387"
          }
        },
        "n_7": {
          "confidence": {
            "prob": 1.0,
            "state": "",
            "who": [
              "user:Ashish"
            ]
          },
          "recName": "CREB-binding protein",
          "source": {
            "id": "Q92481",
            "name": "protein",
            "url": "http://www.uniprot.org/uniprot/Q92481"
          }
        }
      },
      "offsets": [
        {
          "start": 1547,
          "text": "CBP"
        }
      ],
      "part": "s2p1"
    },
    {
      "classId": "e_2",
      "confidence": {
        "prob": 1.0,
        "state": "",
        "who": [
          "ml:GNormPlus"
        ]
      },
      "fields": {},
      "normalizations": {
        "n_6": {
          "confidence": {
            "prob": 1.0,
            "state": "",
            "who": [
              "ml:GNormPlus"
            ]
          },
          "recName": "TFAP2A",
          "source": {
            "id": "7020",
            "name": "gene",
            "url": "http://www.ncbi.nlm.nih.gov/gene/7020"
          }
        },
        "n_7": {
          "confidence": {
            "prob": 1.0,
            "state": "",
            "who": [
              "user:Ashish"
            ]
          },
          "recName": "Transcription factor AP-2-alpha",
          "source": {
            "id": "Q92481",
            "name": "protein",
            "url": "http://www.uniprot.org/uniprot/Q92481"
          }
        }
      },
      "offsets": [
        {
          "start": 1569,
          "text": "TFAP2A"
        }
      ],
      "part": "s2p1"
    }
  ],
  "metas": {},
  "relations": [],
  "sources": [
    {
      "id": "12586840",
      "name": "MEDLINE",
      "url": "http://ncbi.nlm.nih.gov/pubmed/12586840"
    },
    {
      "id": "12586840",
      "name": "PMID",
      "url": "http://www.ncbi.nlm.nih.gov/pubmed/12586840"
    }
  ]
}