{
  "anncomplete": true,
  "annotatable": {
    "parts": [
      "s1h1",
      "s2h1",
      "s2p1"
    ]
  },
  "entities": [
	{
      "classId": "e_1",
      "confidence": {
        "prob": 1.0,
        "state": "",
        "who": [
          "ml:GNormPlus"
        ]
      },
      "fields": {},
      "normalizations": {
        "n_6": {
          "confidence": {
            "prob": 1.0,
            "state": "",
            "who": [
              "ml:GNormPlus"
            ]
          },
          "recName": "MAPRE1",
          "source": {
            "id": "22919",
            "name": "gene",
            "url": "http://www.ncbi.nlm.nih.gov/gene/22919"
          }
        },
        "n_7": {
          "confidence": {
            "prob": 1.0,
            "state": "",
            "who": [
              "user:Ashish"
            ]
          },
          "recName": "Microtubule-associated protein RP/EB family member 1",
          "source": {
            "id": "Q15691",
            "name": "protein",
            "url": "http://www.uniprot.org/uniprot/Q15691"
          }
        }
      },
      "offsets": [
        {
          "start": 171,
          "text": "EB1"
        }
      ],
      "part": "s2p1"
    },
    {
      "classId": "e_1",
      "confidence": {
        "prob": 1.0,
        "state": "",
        "who": [
          "ml:GNormPlus"
        ]
      },
      "fields": {},
      "normalizations": {
        "n_6": {
          "confidence": {
            "prob": 1.0,
            "state": "",
            "who": [
              "ml:GNormPlus"
            ]
          },
          "recName": "MAPRE1",
          "source": {
            "id": "22919",
            "name": "gene",
            "url": "http://www.ncbi.nlm.nih.gov/gene/22919"
          }
        },
        "n_7": {
          "confidence": {
            "prob": 1.0,
            "state": "",
            "who": [
              "user:Ashish"
            ]
          },
          "recName": "Microtubule-associated protein RP/EB family member 1",
          "source": {
            "id": "Q15691",
            "name": "protein",
            "url": "http://www.uniprot.org/uniprot/Q15691"
          }
        }
      },
      "offsets": [
        {
          "start": 460,
          "text": "EB1"
        }
      ],
      "part": "s2p1"
    },
    {
      "classId": "e_2",
      "confidence": {
        "prob": 1,
        "state": "",
        "who": [
          "ml:GNormPlus"
        ]
      },
      "fields": {},
      "normalizations": {
        "n_6": {
          "confidence": {
            "prob": 1.0,
            "state": "",
            "who": [
              "ml:GNormPlus"
            ]
          },
          "recName": "JUN",
          "source": {
            "id": "3725",
            "name": "gene",
            "url": "http://www.ncbi.nlm.nih.gov/gene/3725"
          }
        },
        "n_7": {
          "confidence": {
            "prob": 1.0,
            "state": "",
            "who": [
              "user:Ashish"
            ]
          },
          "recName": "Transcription factor AP-1",
          "source": {
            "id": "P05412",
            "name": "protein",
            "url": "http://www.uniprot.org/uniprot/P05412"
          }
        }
      },
      "offsets": [
        {
          "start": 468,
          "text": "c-Jun"
        }
      ],
      "part": "s2p1"
    },
    {
      "classId": "e_1",
      "confidence": {
        "prob": 1.0,
        "state": "",
        "who": [
          "ml:GNormPlus"
        ]
      },
      "fields": {},
      "normalizations": {
        "n_6": {
          "confidence": {
            "prob": 1.0,
            "state": "",
            "who": [
              "ml:GNormPlus"
            ]
          },
          "recName": "MAPRE1",
          "source": {
            "id": "22919",
            "name": "gene",
            "url": "http://www.ncbi.nlm.nih.gov/gene/22919"
          }
        },
        "n_7": {
          "confidence": {
            "prob": 1.0,
            "state": "",
            "who": [
              "user:Ashish"
            ]
          },
          "recName": "Microtubule-associated protein RP/EB family member 1",
          "source": {
            "id": "Q15691",
            "name": "protein",
            "url": "http://www.uniprot.org/uniprot/Q15691"
          }
        }
      },
      "offsets": [
        {
          "start": 977,
          "text": "EB1"
        }
      ],
      "part": "s2p1"
    },
    {
      "classId": "e_1",
      "confidence": {
        "prob": 1.0,
        "state": "",
        "who": [
          "ml:GNormPlus"
        ]
      },
      "fields": {},
      "normalizations": {
        "n_6": {
          "confidence": {
            "prob": 1.0,
            "state": "",
            "who": [
              "ml:GNormPlus"
            ]
          },
          "recName": "PPL",
          "source": {
            "id": "5493",
            "name": "gene",
            "url": "http://www.ncbi.nlm.nih.gov/gene/5493"
          }
        },
        "n_7": {
          "confidence": {
            "prob": 1.0,
            "state": "",
            "who": [
              "user:Ashish"
            ]
          },
          "recName": "Periplakin",
          "source": {
            "id": "O60437",
            "name": "protein",
            "url": "http://www.uniprot.org/uniprot/O60437"
          }
        }
      },
      "offsets": [
        {
          "start": 1130,
          "text": "periplakin gene"
        }
      ],
      "part": "s2p1"
    },
    {
      "classId": "e_1",
      "confidence": {
        "prob": 1.0,
        "state": "",
        "who": [
          "ml:GNormPlus"
        ]
      },
      "fields": {},
      "normalizations": {
        "n_6": {
          "confidence": {
            "prob": 1.0,
            "state": "",
            "who": [
              "ml:GNormPlus"
            ]
          },
          "recName": "PPL",
          "source": {
            "id": "5493",
            "name": "gene",
            "url": "http://www.ncbi.nlm.nih.gov/gene/5493"
          }
        },
        "n_7": {
          "confidence": {
            "prob": 1.0,
            "state": "",
            "who": [
              "user:Ashish"
            ]
          },
          "recName": "Periplakin",
          "source": {
            "id": "O60437",
            "name": "protein",
            "url": "http://www.uniprot.org/uniprot/O60437"
          }
        }
      },
      "offsets": [
        {
          "start": 1147,
          "text": "PPL"
        }
      ],
      "part": "s2p1"
    },
    {
      "classId": "e_2",
      "confidence": {
        "prob": 1.0,
        "state": "",
        "who": [
          "ml:GNormPlus"
        ]
      },
      "fields": {},
      "normalizations": {
        "n_6": {
          "confidence": {
            "prob": 1.0,
            "state": "",
            "who": [
              "ml:GNormPlus"
            ]
          },
          "recName": "UBN1",
          "source": {
            "id": "29855",
            "name": "gene",
            "url": "http://www.ncbi.nlm.nih.gov/gene/29855"
          }
        },
        "n_7": {
          "confidence": {
            "prob": 1.0,
            "state": "",
            "who": [
              "user:Ashish"
            ]
          },
          "recName": "Ubinuclein-1",
          "source": {
            "id": "Q9NPG3",
            "name": "protein",
            "url": "http://www.uniprot.org/uniprot/Q9NPG3"
          }
        }
      },
      "offsets": [
        {
          "start": 1337,
          "text": "UBN1"
        }
      ],
      "part": "s2p1"
    }
  ],
  "metas": {},
  "relations": [
    {
      "classId": "r_4",
      "confidence": {
        "prob": 1,
        "state": "",
        "who": [
          "user:Ashish"
        ]
      },
      "directed": false,
      "entities": [
        "s2p1|1337,1341",
        "s2p1|460,463"
      ],
      "type": "linked"
    },
    {
      "classId": "r_4",
      "confidence": {
        "prob": 1,
        "state": "",
        "who": [
          "user:Ashish"
        ]
      },
      "directed": false,
      "entities": [
        "s2p1|1337,1341",
        "s2p1|977,980"
      ],
      "type": "linked"
    }
  ],
  "sources": [
    {
      "id": "10725330",
      "name": "MEDLINE",
      "url": "http://ncbi.nlm.nih.gov/pubmed/10725330"
    },
    {
      "id": "10725330",
      "name": "PMID",
      "url": "http://www.ncbi.nlm.nih.gov/pubmed/10725330"
    }
  ]
}