{
  "anncomplete": true,
  "annotatable": {
    "parts": [
      "s1h1",
      "s2h1",
      "s2p1"
    ]
  },
  "entities": [
    {
      "classId": "e_1",
      "confidence": {
        "prob": 1.0,
        "state": "",
        "who": [
          "ml:GNormPlus"
        ]
      },
      "fields": {},
      "normalizations": {
        "n_6": {
          "confidence": {
            "prob": 1.0,
            "state": "",
            "who": [
              "ml:GNormPlus"
            ]
          },
          "recName": "PRKCE",
          "source": {
            "id": "5581",
            "name": "gene",
            "url": "http://www.ncbi.nlm.nih.gov/gene/5581"
          }
        },
        "n_7": {
          "confidence": {
            "prob": 1.0,
            "state": "",
            "who": [
              "user:Ashish"
            ]
          },
          "recName": "Protein kinase C epsilon type",
          "source": {
            "id": "Q02156",
            "name": "protein",
            "url": "http://www.uniprot.org/uniprot/Q02156"
          }
        }
      },
      "offsets": [
        {
          "start": 0,
          "text": "Protein kinase Cepsilon"
        }
      ],
      "part": "s1h1"
    },
    {
      "classId": "e_2",
      "confidence": {
        "prob": 1.0,
        "state": "",
        "who": [
          "ml:GNormPlus"
        ]
      },
      "fields": {},
      "normalizations": {
        "n_6": {
          "confidence": {
            "prob": 1.0,
            "state": "",
            "who": [
              "ml:GNormPlus"
            ]
          },
          "recName": "STAT3",
          "source": {
            "id": "6774",
            "name": "gene",
            "url": "http://www.ncbi.nlm.nih.gov/gene/6774"
          }
        },
        "n_7": {
          "confidence": {
            "prob": 1.0,
            "state": "",
            "who": [
              "user:Ashish"
            ]
          },
          "recName": "Signal transducer and activator of transcription 3",
          "source": {
            "id": "P40763",
            "name": "protein",
            "url": "http://www.uniprot.org/uniprot/P40763"
          }
        }
      },
      "offsets": [
        {
          "start": 39,
          "text": "signal transducers and activators of transcription 3"
        }
      ],
      "part": "s1h1"
    },
    {
      "classId": "e_2",
      "confidence": {
        "prob": 1.0,
        "state": "",
        "who": [
          "ml:GNormPlus"
        ]
      },
      "fields": {},
      "normalizations": {
        "n_6": {
          "confidence": {
            "prob": 1.0,
            "state": "",
            "who": [
              "ml:GNormPlus"
            ]
          },
          "recName": "STAT3",
          "source": {
            "id": "6774",
            "name": "gene",
            "url": "http://www.ncbi.nlm.nih.gov/gene/6774"
          }
        },
        "n_7": {
          "confidence": {
            "prob": 1.0,
            "state": "",
            "who": [
              "user:Ashish"
            ]
          },
          "recName": "Signal transducer and activator of transcription 3",
          "source": {
            "id": "P40763",
            "name": "protein",
            "url": "http://www.uniprot.org/uniprot/P40763"
          }
        }
      },
      "offsets": [
        {
          "start": 93,
          "text": "Stat3"
        }
      ],
      "part": "s1h1"
    },
    {
      "classId": "e_1",
      "confidence": {
        "prob": 1,
        "state": "",
        "who": [
          "ml:GNormPlus"
        ]
      },
      "fields": {},
      "normalizations": {
        "n_6": {
          "confidence": {
            "prob": 1.0,
            "state": "",
            "who": [
              "ml:GNormPlus"
            ]
          },
          "recName": "PRKCE",
          "source": {
            "id": "5581",
            "name": "gene",
            "url": "http://www.ncbi.nlm.nih.gov/gene/5581"
          }
        },
        "n_7": {
          "confidence": {
            "prob": 1.0,
            "state": "",
            "who": [
              "user:Ashish"
            ]
          },
          "recName": "Protein kinase C epsilon type",
          "source": {
            "id": "Q02156",
            "name": "protein",
            "url": "http://www.uniprot.org/uniprot/Q02156"
          }
        }
      },
      "offsets": [
        {
          "start": 487,
          "text": "Protein kinase Cepsilon (PKCepsilon"
        }
      ],
      "part": "s2p1"
    },
    {
      "classId": "e_1",
      "confidence": {
        "prob": 1.0,
        "state": "",
        "who": [
          "ml:GNormPlus"
        ]
      },
      "fields": {},
      "normalizations": {
        "n_6": {
          "confidence": {
            "prob": 1.0,
            "state": "",
            "who": [
              "ml:GNormPlus"
            ]
          },
          "recName": "PRKCE",
          "source": {
            "id": "5581",
            "name": "gene",
            "url": "http://www.ncbi.nlm.nih.gov/gene/5581"
          }
        },
        "n_7": {
          "confidence": {
            "prob": 1.0,
            "state": "",
            "who": [
              "user:Ashish"
            ]
          },
          "recName": "Protein kinase C epsilon type",
          "source": {
            "id": "P40763",
            "name": "protein",
            "url": "http://www.uniprot.org/uniprot/P40763"
          }
        }
      },
      "offsets": [
        {
          "start": 632,
          "text": "PKCepsilon"
        }
      ],
      "part": "s2p1"
    },
    {
      "classId": "e_1",
      "confidence": {
        "prob": 1.0,
        "state": "",
        "who": [
          "ml:GNormPlus"
        ]
      },
      "fields": {},
      "normalizations": {
        "n_6": {
          "confidence": {
            "prob": 1.0,
            "state": "",
            "who": [
              "ml:GNormPlus"
            ]
          },
          "recName": "PRKCE",
          "source": {
            "id": "5581",
            "name": "gene",
            "url": "http://www.ncbi.nlm.nih.gov/gene/5581"
          }
        },
        "n_7": {
          "confidence": {
            "prob": 1.0,
            "state": "",
            "who": [
              "user:Ashish"
            ]
          },
          "recName": "Protein kinase C epsilon type",
          "source": {
            "id": "P40763",
            "name": "protein",
            "url": "http://www.uniprot.org/uniprot/P40763"
          }
        }
      },
      "offsets": [
        {
          "start": 823,
          "text": "PKCepsilon"
        }
      ],
      "part": "s2p1"
    },
    {
      "classId": "e_2",
      "confidence": {
        "prob": 1.0,
        "state": "",
        "who": [
          "ml:GNormPlus"
        ]
      },
      "fields": {},
      "normalizations": {
        "n_6": {
          "confidence": {
            "prob": 1.0,
            "state": "",
            "who": [
              "ml:GNormPlus"
            ]
          },
          "recName": "STAT3",
          "source": {
            "id": "6774",
            "name": "gene",
            "url": "http://www.ncbi.nlm.nih.gov/gene/6774"
          }
        },
        "n_7": {
          "confidence": {
            "prob": 1.0,
            "state": "",
            "who": [
              "user:Ashish"
            ]
          },
          "recName": "Signal transducer and activator of transcription 3",
          "source": {
            "id": "P40763",
            "name": "protein",
            "url": "http://www.uniprot.org/uniprot/P40763"
          }
        }
      },
      "offsets": [
        {
          "start": 931,
          "text": "signal transducers and activators of transcription 3"
        }
      ],
      "part": "s2p1"
    },
    {
      "classId": "e_2",
      "confidence": {
        "prob": 1.0,
        "state": "",
        "who": [
          "ml:GNormPlus"
        ]
      },
      "fields": {},
      "normalizations": {
        "n_6": {
          "confidence": {
            "prob": 1.0,
            "state": "",
            "who": [
              "ml:GNormPlus"
            ]
          },
          "recName": "STAT3",
          "source": {
            "id": "6774",
            "name": "gene",
            "url": "http://www.ncbi.nlm.nih.gov/gene/6774"
          }
        },
        "n_7": {
          "confidence": {
            "prob": 1.0,
            "state": "",
            "who": [
              "user:Ashish"
            ]
          },
          "recName": "Signal transducer and activator of transcription 3",
          "source": {
            "id": "P40763",
            "name": "protein",
            "url": "http://www.uniprot.org/uniprot/P40763"
          }
        }
      },
      "offsets": [
        {
          "start": 985,
          "text": "Stat3"
        }
      ],
      "part": "s2p1"
    },
    {
      "classId": "e_1",
      "confidence": {
        "prob": 1.0,
        "state": "",
        "who": [
          "ml:GNormPlus"
        ]
      },
      "fields": {},
      "normalizations": {
        "n_6": {
          "confidence": {
            "prob": 1.0,
            "state": "",
            "who": [
              "ml:GNormPlus"
            ]
          },
          "recName": "PRKCE",
          "source": {
            "id": "5581",
            "name": "gene",
            "url": "http://www.ncbi.nlm.nih.gov/gene/5581"
          }
        },
        "n_7": {
          "confidence": {
            "prob": 1.0,
            "state": "",
            "who": [
              "user:Ashish"
            ]
          },
          "recName": "Protein kinase C epsilon type",
          "source": {
            "id": "P40763",
            "name": "protein",
            "url": "http://www.uniprot.org/uniprot/P40763"
          }
        }
      },
      "offsets": [
        {
          "start": 1105,
          "text": "PKCepsilon"
        }
      ],
      "part": "s2p1"
    },
    {
      "classId": "e_1",
      "confidence": {
        "prob": 1.0,
        "state": "",
        "who": [
          "ml:GNormPlus"
        ]
      },
      "fields": {},
      "normalizations": {
        "n_6": {
          "confidence": {
            "prob": 1.0,
            "state": "",
            "who": [
              "ml:GNormPlus"
            ]
          },
          "recName": "PRKCE",
          "source": {
            "id": "5581",
            "name": "gene",
            "url": "http://www.ncbi.nlm.nih.gov/gene/5581"
          }
        },
        "n_7": {
          "confidence": {
            "prob": 1.0,
            "state": "",
            "who": [
              "user:Ashish"
            ]
          },
          "recName": "Protein kinase C epsilon type",
          "source": {
            "id": "P40763",
            "name": "protein",
            "url": "http://www.uniprot.org/uniprot/P40763"
          }
        }
      },
      "offsets": [
        {
          "start": 1136,
          "text": "PKCepsilon"
        }
      ],
      "part": "s2p1"
    },
    {
      "classId": "e_2",
      "confidence": {
        "prob": 1.0,
        "state": "",
        "who": [
          "ml:GNormPlus"
        ]
      },
      "fields": {},
      "normalizations": {
        "n_6": {
          "confidence": {
            "prob": 1.0,
            "state": "",
            "who": [
              "ml:GNormPlus"
            ]
          },
          "recName": "STAT3",
          "source": {
            "id": "6774",
            "name": "gene",
            "url": "http://www.ncbi.nlm.nih.gov/gene/6774"
          }
        },
        "n_7": {
          "confidence": {
            "prob": 1.0,
            "state": "",
            "who": [
              "user:Ashish"
            ]
          },
          "recName": "Signal transducer and activator of transcription 3",
          "source": {
            "id": "P40763",
            "name": "protein",
            "url": "http://www.uniprot.org/uniprot/P40763"
          }
        }
      },
      "offsets": [
        {
          "start": 1152,
          "text": "Stat3"
        }
      ],
      "part": "s2p1"
    },
    {
      "classId": "e_2",
      "confidence": {
        "prob": 1.0,
        "state": "",
        "who": [
          "ml:GNormPlus"
        ]
      },
      "fields": {},
      "normalizations": {
        "n_6": {
          "confidence": {
            "prob": 1.0,
            "state": "",
            "who": [
              "ml:GNormPlus"
            ]
          },
          "recName": "STAT3",
          "source": {
            "id": "6774",
            "name": "gene",
            "url": "http://www.ncbi.nlm.nih.gov/gene/6774"
          }
        },
        "n_7": {
          "confidence": {
            "prob": 1.0,
            "state": "",
            "who": [
              "user:Ashish"
            ]
          },
          "recName": "Signal transducer and activator of transcription 3",
          "source": {
            "id": "P40763",
            "name": "protein",
            "url": "http://www.uniprot.org/uniprot/P40763"
          }
        }
      },
      "offsets": [
        {
          "start": 1418,
          "text": "Stat3"
        }
      ],
      "part": "s2p1"
    },
    {
      "classId": "e_1",
      "confidence": {
        "prob": 1.0,
        "state": "",
        "who": [
          "ml:GNormPlus"
        ]
      },
      "fields": {},
      "normalizations": {
        "n_6": {
          "confidence": {
            "prob": 1.0,
            "state": "",
            "who": [
              "ml:GNormPlus"
            ]
          },
          "recName": "PRKCE",
          "source": {
            "id": "5581",
            "name": "gene",
            "url": "http://www.ncbi.nlm.nih.gov/gene/5581"
          }
        },
        "n_7": {
          "confidence": {
            "prob": 1.0,
            "state": "",
            "who": [
              "user:Ashish"
            ]
          },
          "recName": "Protein kinase C epsilon type",
          "source": {
            "id": "P40763",
            "name": "protein",
            "url": "http://www.uniprot.org/uniprot/P40763"
          }
        }
      },
      "offsets": [
        {
          "start": 1450,
          "text": "PKCepsilon"
        }
      ],
      "part": "s2p1"
    },
    {
      "classId": "e_1",
      "confidence": {
        "prob": 1.0,
        "state": "",
        "who": [
          "ml:GNormPlus"
        ]
      },
      "fields": {},
      "normalizations": {
        "n_6": {
          "confidence": {
            "prob": 1.0,
            "state": "",
            "who": [
              "ml:GNormPlus"
            ]
          },
          "recName": "PRKCE",
          "source": {
            "id": "5581",
            "name": "gene",
            "url": "http://www.ncbi.nlm.nih.gov/gene/5581"
          }
        },
        "n_7": {
          "confidence": {
            "prob": 1.0,
            "state": "",
            "who": [
              "user:Ashish"
            ]
          },
          "recName": "Protein kinase C epsilon type",
          "source": {
            "id": "P40763",
            "name": "protein",
            "url": "http://www.uniprot.org/uniprot/P40763"
          }
        }
      },
      "offsets": [
        {
          "start": 1478,
          "text": "PKCepsilon"
        }
      ],
      "part": "s2p1"
    },
    {
      "classId": "e_2",
      "confidence": {
        "prob": 1.0,
        "state": "",
        "who": [
          "ml:GNormPlus"
        ]
      },
      "fields": {},
      "normalizations": {
        "n_6": {
          "confidence": {
            "prob": 1.0,
            "state": "",
            "who": [
              "ml:GNormPlus"
            ]
          },
          "recName": "STAT3",
          "source": {
            "id": "6774",
            "name": "gene",
            "url": "http://www.ncbi.nlm.nih.gov/gene/6774"
          }
        },
        "n_7": {
          "confidence": {
            "prob": 1.0,
            "state": "",
            "who": [
              "user:Ashish"
            ]
          },
          "recName": "Signal transducer and activator of transcription 3",
          "source": {
            "id": "P40763",
            "name": "protein",
            "url": "http://www.uniprot.org/uniprot/P40763"
          }
        }
      },
      "offsets": [
        {
          "start": 1494,
          "text": "Stat3"
        }
      ],
      "part": "s2p1"
    },
    {
      "classId": "e_1",
      "confidence": {
        "prob": 1.0,
        "state": "",
        "who": [
          "ml:GNormPlus"
        ]
      },
      "fields": {},
      "normalizations": {
        "n_6": {
          "confidence": {
            "prob": 1.0,
            "state": "",
            "who": [
              "ml:GNormPlus"
            ]
          },
          "recName": "PRKCE",
          "source": {
            "id": "5581",
            "name": "gene",
            "url": "http://www.ncbi.nlm.nih.gov/gene/5581"
          }
        },
        "n_7": {
          "confidence": {
            "prob": 1.0,
            "state": "",
            "who": [
              "user:Ashish"
            ]
          },
          "recName": "Protein kinase C epsilon type",
          "source": {
            "id": "P40763",
            "name": "protein",
            "url": "http://www.uniprot.org/uniprot/P40763"
          }
        }
      },
      "offsets": [
        {
          "start": 1572,
          "text": "PKCepsilon"
        }
      ],
      "part": "s2p1"
    },
    {
      "classId": "e_2",
      "confidence": {
        "prob": 1.0,
        "state": "",
        "who": [
          "ml:GNormPlus"
        ]
      },
      "fields": {},
      "normalizations": {
        "n_6": {
          "confidence": {
            "prob": 1.0,
            "state": "",
            "who": [
              "ml:GNormPlus"
            ]
          },
          "recName": "STAT3",
          "source": {
            "id": "6774",
            "name": "gene",
            "url": "http://www.ncbi.nlm.nih.gov/gene/6774"
          }
        },
        "n_7": {
          "confidence": {
            "prob": 1.0,
            "state": "",
            "who": [
              "user:Ashish"
            ]
          },
          "recName": "Signal transducer and activator of transcription 3",
          "source": {
            "id": "P40763",
            "name": "protein",
            "url": "http://www.uniprot.org/uniprot/P40763"
          }
        }
      },
      "offsets": [
        {
          "start": 1588,
          "text": "Stat3"
        }
      ],
      "part": "s2p1"
    },
    {
      "classId": "e_1",
      "confidence": {
        "prob": 1.0,
        "state": "",
        "who": [
          "ml:GNormPlus"
        ]
      },
      "fields": {},
      "normalizations": {
        "n_6": {
          "confidence": {
            "prob": 1.0,
            "state": "",
            "who": [
              "ml:GNormPlus"
            ]
          },
          "recName": "PRKCE",
          "source": {
            "id": "5581",
            "name": "gene",
            "url": "http://www.ncbi.nlm.nih.gov/gene/5581"
          }
        },
        "n_7": {
          "confidence": {
            "prob": 1.0,
            "state": "",
            "who": [
              "user:Ashish"
            ]
          },
          "recName": "Protein kinase C epsilon type",
          "source": {
            "id": "P40763",
            "name": "protein",
            "url": "http://www.uniprot.org/uniprot/P40763"
          }
        }
      },
      "offsets": [
        {
          "start": 1598,
          "text": "PKCepsilon"
        }
      ],
      "part": "s2p1"
    },
    {
      "classId": "e_1",
      "confidence": {
        "prob": 1.0,
        "state": "",
        "who": [
          "ml:GNormPlus"
        ]
      },
      "fields": {},
      "normalizations": {
        "n_6": {
          "confidence": {
            "prob": 1.0,
            "state": "",
            "who": [
              "ml:GNormPlus"
            ]
          },
          "recName": "PRKCE",
          "source": {
            "id": "5581",
            "name": "gene",
            "url": "http://www.ncbi.nlm.nih.gov/gene/5581"
          }
        },
        "n_7": {
          "confidence": {
            "prob": 1.0,
            "state": "",
            "who": [
              "user:Ashish"
            ]
          },
          "recName": "Protein kinase C epsilon type",
          "source": {
            "id": "P40763",
            "name": "protein",
            "url": "http://www.uniprot.org/uniprot/P40763"
          }
        }
      },
      "offsets": [
        {
          "start": 1641,
          "text": "PKCepsilon"
        }
      ],
      "part": "s2p1"
    },
    {
      "classId": "e_1",
      "confidence": {
        "prob": 1.0,
        "state": "",
        "who": [
          "ml:GNormPlus"
        ]
      },
      "fields": {},
      "normalizations": {
        "n_6": {
          "confidence": {
            "prob": 1.0,
            "state": "",
            "who": [
              "ml:GNormPlus"
            ]
          },
          "recName": "PRKCE",
          "source": {
            "id": "5581",
            "name": "gene",
            "url": "http://www.ncbi.nlm.nih.gov/gene/5581"
          }
        },
        "n_7": {
          "confidence": {
            "prob": 1.0,
            "state": "",
            "who": [
              "user:Ashish"
            ]
          },
          "recName": "Protein kinase C epsilon type",
          "source": {
            "id": "P40763",
            "name": "protein",
            "url": "http://www.uniprot.org/uniprot/P40763"
          }
        }
      },
      "offsets": [
        {
          "start": 1701,
          "text": "PKCepsilon"
        }
      ],
      "part": "s2p1"
    },
    {
      "classId": "e_2",
      "confidence": {
        "prob": 1.0,
        "state": "",
        "who": [
          "ml:GNormPlus"
        ]
      },
      "fields": {},
      "normalizations": {
        "n_6": {
          "confidence": {
            "prob": 1.0,
            "state": "",
            "who": [
              "ml:GNormPlus"
            ]
          },
          "recName": "STAT3",
          "source": {
            "id": "6774",
            "name": "gene",
            "url": "http://www.ncbi.nlm.nih.gov/gene/6774"
          }
        },
        "n_7": {
          "confidence": {
            "prob": 1.0,
            "state": "",
            "who": [
              "user:Ashish"
            ]
          },
          "recName": "Signal transducer and activator of transcription 3",
          "source": {
            "id": "P40763",
            "name": "protein",
            "url": "http://www.uniprot.org/uniprot/P40763"
          }
        }
      },
      "offsets": [
        {
          "start": 1796,
          "text": "Stat3"
        }
      ],
      "part": "s2p1"
    },
    {
      "classId": "e_1",
      "confidence": {
        "prob": 1.0,
        "state": "",
        "who": [
          "ml:GNormPlus"
        ]
      },
      "fields": {},
      "normalizations": {
        "n_6": {
          "confidence": {
            "prob": 1.0,
            "state": "",
            "who": [
              "ml:GNormPlus"
            ]
          },
          "recName": "PRKCE",
          "source": {
            "id": "5581",
            "name": "gene",
            "url": "http://www.ncbi.nlm.nih.gov/gene/5581"
          }
        },
        "n_7": {
          "confidence": {
            "prob": 1.0,
            "state": "",
            "who": [
              "user:Ashish"
            ]
          },
          "recName": "Protein kinase C epsilon type",
          "source": {
            "id": "P40763",
            "name": "protein",
            "url": "http://www.uniprot.org/uniprot/P40763"
          }
        }
      },
      "offsets": [
        {
          "start": 1911,
          "text": "PKCepsilon"
        }
      ],
      "part": "s2p1"
    },
    {
      "classId": "e_2",
      "confidence": {
        "prob": 1.0,
        "state": "",
        "who": [
          "ml:GNormPlus"
        ]
      },
      "fields": {},
      "normalizations": {
        "n_6": {
          "confidence": {
            "prob": 1.0,
            "state": "",
            "who": [
              "ml:GNormPlus"
            ]
          },
          "recName": "STAT3",
          "source": {
            "id": "6774",
            "name": "gene",
            "url": "http://www.ncbi.nlm.nih.gov/gene/6774"
          }
        },
        "n_7": {
          "confidence": {
            "prob": 1.0,
            "state": "",
            "who": [
              "user:Ashish"
            ]
          },
          "recName": "Signal transducer and activator of transcription 3",
          "source": {
            "id": "P40763",
            "name": "protein",
            "url": "http://www.uniprot.org/uniprot/P40763"
          }
        }
      },
      "offsets": [
        {
          "start": 1977,
          "text": "Stat3"
        }
      ],
      "part": "s2p1"
    }
  ],
  "metas": {},
  "relations": [
    {
      "classId": "r_4",
      "confidence": {
        "prob": 1,
        "state": "",
        "who": [
          "user:Ashish"
        ]
      },
      "directed": false,
      "entities": [
        "s1h1|0,23",
        "s1h1|39,91"
      ],
      "type": "linked"
    },
    {
      "classId": "r_4",
      "confidence": {
        "prob": 1,
        "state": "",
        "who": [
          "user:Ashish"
        ]
      },
      "directed": false,
      "entities": [
        "s1h1|0,23",
        "s1h1|93,98"
      ],
      "type": "linked"
    },
    {
      "classId": "r_4",
      "confidence": {
        "prob": 1,
        "state": "",
        "who": [
          "user:Ashish"
        ]
      },
      "directed": false,
      "entities": [
        "s2p1|931,983",
        "s2p1|1105,1115"
      ],
      "type": "linked"
    },
    {
      "classId": "r_4",
      "confidence": {
        "prob": 1,
        "state": "",
        "who": [
          "user:Ashish"
        ]
      },
      "directed": false,
      "entities": [
        "s2p1|985,990",
        "s2p1|1105,1115"
      ],
      "type": "linked"
    },
    {
      "classId": "r_4",
      "confidence": {
        "prob": 1,
        "state": "",
        "who": [
          "user:Ashish"
        ]
      },
      "directed": false,
      "entities": [
        "s2p1|1136,1146",
        "s2p1|1152,1157"
      ],
      "type": "linked"
    },
    {
      "classId": "r_4",
      "confidence": {
        "prob": 1,
        "state": "",
        "who": [
          "user:Ashish"
        ]
      },
      "directed": false,
      "entities": [
        "s2p1|1418,1423",
        "s2p1|1450,1460"
      ],
      "type": "linked"
    },
    {
      "classId": "r_4",
      "confidence": {
        "prob": 1,
        "state": "",
        "who": [
          "user:Ashish"
        ]
      },
      "directed": false,
      "entities": [
        "s2p1|1572,1582",
        "s2p1|1588,1593"
      ],
      "type": "linked"
    }
  ],
  "sources": [
    {
      "id": "17875724",
      "name": "MEDLINE",
      "url": "http://ncbi.nlm.nih.gov/pubmed/17875724"
    },
    {
      "id": "17875724",
      "name": "PMID",
      "url": "http://www.ncbi.nlm.nih.gov/pubmed/17875724"
    }
  ]
}
