{
  "anncomplete": true,
  "annotatable": {
    "parts": [
      "s1h1",
      "s2h1",
      "s2p1"
    ]
  },
  "entities": [
    {
      "classId": "e_2",
      "confidence": {
        "prob": 1.0,
        "state": "",
        "who": [
          "ml:GNormPlus"
        ]
      },
      "fields": {},
      "normalizations": {
        "n_6": {
          "confidence": {
            "prob": 1.0,
            "state": "",
            "who": [
              "ml:GNormPlus"
            ]
          },
          "recName": "STAT3",
          "source": {
            "id": "6774",
            "name": "gene",
            "url": "http://www.ncbi.nlm.nih.gov/gene/6774"
          }
        },
        "n_7": {
          "confidence": {
            "prob": 1.0,
            "state": "",
            "who": [
              "user:Ashish"
            ]
          },
          "recName": "Signal transducer and activator of transcription 3",
          "source": {
            "id": "P40763",
            "name": "protein",
            "url": "http://www.uniprot.org/uniprot/P40763"
          }
        }
      },
      "offsets": [
        {
          "start": 23,
          "text": "Stat3"
        }
      ],
      "part": "s1h1"
    },
    {
      "classId": "e_1",
      "confidence": {
        "prob": 1.0,
        "state": "",
        "who": [
          "ml:GNormPlus"
        ]
      },
      "fields": {},
      "normalizations": {
        "n_6": {
          "confidence": {
            "prob": 1.0,
            "state": "",
            "who": [
              "ml:GNormPlus"
            ]
          },
          "recName": "PIAS3",
          "source": {
            "id": "10401",
            "name": "gene",
            "url": "http://www.ncbi.nlm.nih.gov/gene/10401"
          }
        },
        "n_7": {
          "confidence": {
            "prob": 1.0,
            "state": "",
            "who": [
              "user:Ashish"
            ]
          },
          "recName": "E3 SUMO-protein ligase PIAS3",
          "source": {
            "id": "Q9Y6X2",
            "name": "protein",
            "url": "http://www.uniprot.org/uniprot/Q9Y6X2"
          }
        }
      },
      "offsets": [
        {
          "start": 52,
          "text": "PIAS3"
        }
      ],
      "part": "s1h1"
    },
    {
      "classId": "e_2",
      "confidence": {
        "prob": 1.0,
        "state": "",
        "who": [
          "ml:GNormPlus"
        ]
      },
      "fields": {},
      "normalizations": {
        "n_6": {
          "confidence": {
            "prob": 1.0,
            "state": "",
            "who": [
              "ml:GNormPlus"
            ]
          },
          "recName": "STAT3",
          "source": {
            "id": "6774",
            "name": "gene",
            "url": "http://www.ncbi.nlm.nih.gov/gene/6774"
          }
        },
        "n_7": {
          "confidence": {
            "prob": 1.0,
            "state": "",
            "who": [
              "user:Ashish"
            ]
          },
          "recName": "Signal transducer and activator of transcription 3",
          "source": {
            "id": "Q9Y6X2",
            "name": "protein",
            "url": "http://www.uniprot.org/uniprot/Q9Y6X2"
          }
        }
      },
      "offsets": [
        {
          "start": 4,
          "text": "signal transducer and activator of transcription-3"
        }
      ],
      "part": "s2p1"
    },
    {
      "classId": "e_2",
      "confidence": {
        "prob": 1.0,
        "state": "",
        "who": [
          "ml:GNormPlus"
        ]
      },
      "fields": {},
      "normalizations": {
        "n_6": {
          "confidence": {
            "prob": 1.0,
            "state": "",
            "who": [
              "ml:GNormPlus"
            ]
          },
          "recName": "STAT3",
          "source": {
            "id": "6774",
            "name": "gene",
            "url": "http://www.ncbi.nlm.nih.gov/gene/6774"
          }
        },
        "n_7": {
          "confidence": {
            "prob": 1.0,
            "state": "",
            "who": [
              "user:Ashish"
            ]
          },
          "recName": "Signal transducer and activator of transcription 3",
          "source": {
            "id": "Q9Y6X2",
            "name": "protein",
            "url": "http://www.uniprot.org/uniprot/Q9Y6X2"
          }
        }
      },
      "offsets": [
        {
          "start": 56,
          "text": "Stat3"
        }
      ],
      "part": "s2p1"
    },
    {
      "classId": "e_1",
      "confidence": {
        "prob": 1.0,
        "state": "",
        "who": [
          "ml:GNormPlus"
        ]
      },
      "fields": {},
      "normalizations": {
        "n_6": {
          "confidence": {
            "prob": 1.0,
            "state": "",
            "who": [
              "ml:GNormPlus"
            ]
          },
          "recName": "LEP",
          "source": {
            "id": "3952",
            "name": "gene",
            "url": "http://www.ncbi.nlm.nih.gov/gene/3952"
          }
        },
        "n_7": {
          "confidence": {
            "prob": 1.0,
            "state": "",
            "who": [
              "user:Ashish"
            ]
          },
          "recName": "Leptin",
          "source": {
            "id": "P41159",
            "name": "protein",
            "url": "http://www.uniprot.org/uniprot/P41159"
          }
        }
      },
      "offsets": [
        {
          "start": 162,
          "text": "leptin"
        }
      ],
      "part": "s2p1"
    },
    {
      "classId": "e_1",
      "confidence": {
        "prob": 1.0,
        "state": "",
        "who": [
          "ml:GNormPlus"
        ]
      },
      "fields": {},
      "normalizations": {
        "n_6": {
          "confidence": {
            "prob": 1.0,
            "state": "",
            "who": [
              "ml:GNormPlus"
            ]
          },
          "recName": "PIAS3",
          "source": {
            "id": "10401",
            "name": "gene",
            "url": "http://www.ncbi.nlm.nih.gov/gene/10401"
          }
        },
        "n_7": {
          "confidence": {
            "prob": 1.0,
            "state": "",
            "who": [
              "user:Ashish"
            ]
          },
          "recName": "E3 SUMO-protein ligase PIAS3",
          "source": {
            "id": "P41159",
            "name": "protein",
            "url": "http://www.uniprot.org/uniprot/P41159"
          }
        }
      },
      "offsets": [
        {
          "start": 186,
          "text": "PIAS3"
        }
      ],
      "part": "s2p1"
    },
    {
      "classId": "e_2",
      "confidence": {
        "prob": 1.0,
        "state": "",
        "who": [
          "ml:GNormPlus"
        ]
      },
      "fields": {},
      "normalizations": {
        "n_6": {
          "confidence": {
            "prob": 1.0,
            "state": "",
            "who": [
              "ml:GNormPlus"
            ]
          },
          "recName": "STAT3",
          "source": {
            "id": "6774",
            "name": "gene",
            "url": "http://www.ncbi.nlm.nih.gov/gene/6774"
          }
        },
        "n_7": {
          "confidence": {
            "prob": 1.0,
            "state": "",
            "who": [
              "user:Ashish"
            ]
          },
          "recName": "Signal transducer and activator of transcription 3",
          "source": {
            "id": "P41159",
            "name": "protein",
            "url": "http://www.uniprot.org/uniprot/P41159"
          }
        }
      },
      "offsets": [
        {
          "start": 244,
          "text": "Stat3"
        }
      ],
      "part": "s2p1"
    },
    {
      "classId": "e_1",
      "confidence": {
        "prob": 1.0,
        "state": "",
        "who": [
          "ml:GNormPlus"
        ]
      },
      "fields": {},
      "normalizations": {
        "n_6": {
          "confidence": {
            "prob": 1.0,
            "state": "",
            "who": [
              "ml:GNormPlus"
            ]
          },
          "recName": "PIAS3",
          "source": {
            "id": "10401",
            "name": "gene",
            "url": "http://www.ncbi.nlm.nih.gov/gene/10401"
          }
        },
        "n_7": {
          "confidence": {
            "prob": 1.0,
            "state": "",
            "who": [
              "user:Ashish"
            ]
          },
          "recName": "E3 SUMO-protein ligase PIAS3",
          "source": {
            "id": "P41159",
            "name": "protein",
            "url": "http://www.uniprot.org/uniprot/P41159"
          }
        }
      },
      "offsets": [
        {
          "start": 301,
          "text": "PIAS3"
        }
      ],
      "part": "s2p1"
    },
    {
      "classId": "e_2",
      "confidence": {
        "prob": 1.0,
        "state": "",
        "who": [
          "ml:GNormPlus"
        ]
      },
      "fields": {},
      "normalizations": {
        "n_6": {
          "confidence": {
            "prob": 1.0,
            "state": "",
            "who": [
              "ml:GNormPlus"
            ]
          },
          "recName": "STAT3",
          "source": {
            "id": "6774",
            "name": "gene",
            "url": "http://www.ncbi.nlm.nih.gov/gene/6774"
          }
        },
        "n_7": {
          "confidence": {
            "prob": 1.0,
            "state": "",
            "who": [
              "user:Ashish"
            ]
          },
          "recName": "Signal transducer and activator of transcription 3",
          "source": {
            "id": "P41159",
            "name": "protein",
            "url": "http://www.uniprot.org/uniprot/P41159"
          }
        }
      },
      "offsets": [
        {
          "start": 312,
          "text": "Stat3"
        }
      ],
      "part": "s2p1"
    },
    {
      "classId": "e_2",
      "confidence": {
        "prob": 1.0,
        "state": "",
        "who": [
          "ml:GNormPlus"
        ]
      },
      "fields": {},
      "normalizations": {
        "n_6": {
          "confidence": {
            "prob": 1.0,
            "state": "",
            "who": [
              "ml:GNormPlus"
            ]
          },
          "recName": "STAT3",
          "source": {
            "id": "6774",
            "name": "gene",
            "url": "http://www.ncbi.nlm.nih.gov/gene/6774"
          }
        },
        "n_7": {
          "confidence": {
            "prob": 1.0,
            "state": "",
            "who": [
              "user:Ashish"
            ]
          },
          "recName": "Signal transducer and activator of transcription 3",
          "source": {
            "id": "P41159",
            "name": "protein",
            "url": "http://www.uniprot.org/uniprot/P41159"
          }
        }
      },
      "offsets": [
        {
          "start": 406,
          "text": "Stat3"
        }
      ],
      "part": "s2p1"
    },
    {
      "classId": "e_1",
      "confidence": {
        "prob": 1.0,
        "state": "",
        "who": [
          "ml:GNormPlus"
        ]
      },
      "fields": {},
      "normalizations": {
        "n_6": {
          "confidence": {
            "prob": 1.0,
            "state": "",
            "who": [
              "ml:GNormPlus"
            ]
          },
          "recName": "PIAS3",
          "source": {
            "id": "10401",
            "name": "gene",
            "url": "http://www.ncbi.nlm.nih.gov/gene/10401"
          }
        },
        "n_7": {
          "confidence": {
            "prob": 1.0,
            "state": "",
            "who": [
              "user:Ashish"
            ]
          },
          "recName": "E3 SUMO-protein ligase PIAS3",
          "source": {
            "id": "P41159",
            "name": "protein",
            "url": "http://www.uniprot.org/uniprot/P41159"
          }
        }
      },
      "offsets": [
        {
          "start": 413,
          "text": "PIAS3"
        }
      ],
      "part": "s2p1"
    },
    {
      "classId": "e_2",
      "confidence": {
        "prob": 1.0,
        "state": "",
        "who": [
          "ml:GNormPlus"
        ]
      },
      "fields": {},
      "normalizations": {
        "n_6": {
          "confidence": {
            "prob": 1.0,
            "state": "",
            "who": [
              "ml:GNormPlus"
            ]
          },
          "recName": "STAT3",
          "source": {
            "id": "6774",
            "name": "gene",
            "url": "http://www.ncbi.nlm.nih.gov/gene/6774"
          }
        },
        "n_7": {
          "confidence": {
            "prob": 1.0,
            "state": "",
            "who": [
              "user:Ashish"
            ]
          },
          "recName": "Signal transducer and activator of transcription 3",
          "source": {
            "id": "P41159",
            "name": "protein",
            "url": "http://www.uniprot.org/uniprot/P41159"
          }
        }
      },
      "offsets": [
        {
          "start": 455,
          "text": "Stat3"
        }
      ],
      "part": "s2p1"
    },
    {
      "classId": "e_2",
      "confidence": {
        "prob": 1.0,
        "state": "",
        "who": [
          "ml:GNormPlus"
        ]
      },
      "fields": {},
      "normalizations": {
        "n_6": {
          "confidence": {
            "prob": 1.0,
            "state": "",
            "who": [
              "ml:GNormPlus"
            ]
          },
          "recName": "STAT3",
          "source": {
            "id": "6774",
            "name": "gene",
            "url": "http://www.ncbi.nlm.nih.gov/gene/6774"
          }
        },
        "n_7": {
          "confidence": {
            "prob": 1.0,
            "state": "",
            "who": [
              "user:Ashish"
            ]
          },
          "recName": "Signal transducer and activator of transcription 3",
          "source": {
            "id": "P41159",
            "name": "protein",
            "url": "http://www.uniprot.org/uniprot/P41159"
          }
        }
      },
      "offsets": [
        {
          "start": 475,
          "text": "Stat3"
        }
      ],
      "part": "s2p1"
    },
    {
      "classId": "e_2",
      "confidence": {
        "prob": 1.0,
        "state": "",
        "who": [
          "ml:GNormPlus"
        ]
      },
      "fields": {},
      "normalizations": {
        "n_6": {
          "confidence": {
            "prob": 1.0,
            "state": "",
            "who": [
              "ml:GNormPlus"
            ]
          },
          "recName": "STAT1",
          "source": {
            "id": "6772",
            "name": "gene",
            "url": "http://www.ncbi.nlm.nih.gov/gene/6772"
          }
        },
        "n_7": {
          "confidence": {
            "prob": 1.0,
            "state": "",
            "who": [
              "user:Ashish"
            ]
          },
          "recName": "Signal transducer and activator of transcription 1-alpha/beta",
          "source": {
            "id": "P42224",
            "name": "protein",
            "url": "http://www.uniprot.org/uniprot/P42224"
          }
        }
      },
      "offsets": [
        {
          "start": 516,
          "text": "Stat1"
        }
      ],
      "part": "s2p1"
    },
    {
      "classId": "e_1",
      "confidence": {
        "prob": 1.0,
        "state": "",
        "who": [
          "ml:GNormPlus"
        ]
      },
      "fields": {},
      "normalizations": {
        "n_6": {
          "confidence": {
            "prob": 1.0,
            "state": "",
            "who": [
              "ml:GNormPlus"
            ]
          },
          "recName": "PIAS3",
          "source": {
            "id": "10401",
            "name": "gene",
            "url": "http://www.ncbi.nlm.nih.gov/gene/10401"
          }
        },
        "n_7": {
          "confidence": {
            "prob": 1.0,
            "state": "",
            "who": [
              "user:Ashish"
            ]
          },
          "recName": "E3 SUMO-protein ligase PIAS3",
          "source": {
            "id": "P42224",
            "name": "protein",
            "url": "http://www.uniprot.org/uniprot/P42224"
          }
        }
      },
      "offsets": [
        {
          "start": 566,
          "text": "PIAS3"
        }
      ],
      "part": "s2p1"
    },
    {
      "classId": "e_2",
      "confidence": {
        "prob": 1.0,
        "state": "",
        "who": [
          "ml:GNormPlus"
        ]
      },
      "fields": {},
      "normalizations": {
        "n_6": {
          "confidence": {
            "prob": 1.0,
            "state": "",
            "who": [
              "ml:GNormPlus"
            ]
          },
          "recName": "STAT1",
          "source": {
            "id": "6772",
            "name": "gene",
            "url": "http://www.ncbi.nlm.nih.gov/gene/6772"
          }
        },
        "n_7": {
          "confidence": {
            "prob": 1.0,
            "state": "",
            "who": [
              "user:Ashish"
            ]
          },
          "recName": "Signal transducer and activator of transcription 1-alpha/beta",
          "source": {
            "id": "P42224",
            "name": "protein",
            "url": "http://www.uniprot.org/uniprot/P42224"
          }
        }
      },
      "offsets": [
        {
          "start": 594,
          "text": "Stat1"
        }
      ],
      "part": "s2p1"
    },
    {
      "classId": "e_1",
      "confidence": {
        "prob": 1.0,
        "state": "",
        "who": [
          "ml:GNormPlus"
        ]
      },
      "fields": {},
      "normalizations": {
        "n_6": {
          "confidence": {
            "prob": 1.0,
            "state": "",
            "who": [
              "ml:GNormPlus"
            ]
          },
          "recName": "PIAS3",
          "source": {
            "id": "10401",
            "name": "gene",
            "url": "http://www.ncbi.nlm.nih.gov/gene/10401"
          }
        },
        "n_7": {
          "confidence": {
            "prob": 1.0,
            "state": "",
            "who": [
              "user:Ashish"
            ]
          },
          "recName": "E3 SUMO-protein ligase PIAS3",
          "source": {
            "id": "P42224",
            "name": "protein",
            "url": "http://www.uniprot.org/uniprot/P42224"
          }
        }
      },
      "offsets": [
        {
          "start": 681,
          "text": "PIAS3"
        }
      ],
      "part": "s2p1"
    },
    {
      "classId": "e_2",
      "confidence": {
        "prob": 1.0,
        "state": "",
        "who": [
          "ml:GNormPlus"
        ]
      },
      "fields": {},
      "normalizations": {
        "n_6": {
          "confidence": {
            "prob": 1.0,
            "state": "",
            "who": [
              "ml:GNormPlus"
            ]
          },
          "recName": "STAT3",
          "source": {
            "id": "6774",
            "name": "gene",
            "url": "http://www.ncbi.nlm.nih.gov/gene/6774"
          }
        },
        "n_7": {
          "confidence": {
            "prob": 1.0,
            "state": "",
            "who": [
              "user:Ashish"
            ]
          },
          "recName": "Signal transducer and activator of transcription 3",
          "source": {
            "id": "P42224",
            "name": "protein",
            "url": "http://www.uniprot.org/uniprot/P42224"
          }
        }
      },
      "offsets": [
        {
          "start": 714,
          "text": "Stat3"
        }
      ],
      "part": "s2p1"
    }
  ],
  "metas": {},
  "relations": [
    {
      "classId": "r_4",
      "confidence": {
        "prob": 1,
        "state": "",
        "who": [
          "user:Ashish"
        ]
      },
      "directed": false,
      "entities": [
        "s2p1|186,191",
        "s2p1|244,249"
      ],
      "type": "linked"
    },
    {
      "classId": "r_4",
      "confidence": {
        "prob": 1,
        "state": "",
        "who": [
          "user:Ashish"
        ]
      },
      "directed": false,
      "entities": [
        "s2p1|301,306",
        "s2p1|312,317"
      ],
      "type": "linked"
    }
  ],
  "sources": [
    {
      "id": "9388184",
      "name": "MEDLINE",
      "url": "http://ncbi.nlm.nih.gov/pubmed/9388184"
    },
    {
      "id": "9388184",
      "name": "PMID",
      "url": "http://www.ncbi.nlm.nih.gov/pubmed/9388184"
    }
  ]
}