{
  "anncomplete": true,
  "annotatable": {
    "parts": [
      "s1h1",
      "s2h1",
      "s2p1"
    ]
  },
  "entities": [
    {
      "classId": "e_2",
      "confidence": {
        "prob": 1.0,
        "state": "",
        "who": [
          "ml:GNormPlus"
        ]
      },
      "fields": {},
      "normalizations": {
        "n_6": {
          "confidence": {
            "prob": 1.0,
            "state": "",
            "who": [
              "ml:GNormPlus"
            ]
          },
          "recName": "ARID3A",
          "source": {
            "id": "1820",
            "name": "gene",
            "url": "http://www.ncbi.nlm.nih.gov/gene/1820"
          }
        },
        "n_7": {
          "confidence": {
            "prob": 1.0,
            "state": "",
            "who": [
              "user:Ashish"
            ]
          },
          "recName": "AT-rich interactive domain-containing protein 3A",
          "source": {
            "id": "Q99856",
            "name": "protein",
            "url": "http://www.uniprot.org/uniprot/Q99856"
          }
        }
      },
      "offsets": [
        {
          "start": 0,
          "text": "Bright/Dril1"
        }
      ],
      "part": "s2p1"
    },
    {
      "classId": "e_2",
      "confidence": {
        "prob": 1.0,
        "state": "",
        "who": [
          "ml:GNormPlus"
        ]
      },
      "fields": {},
      "normalizations": {
        "n_6": {
          "confidence": {
            "prob": 1.0,
            "state": "",
            "who": [
              "ml:GNormPlus"
            ]
          },
          "recName": "ARID3A",
          "source": {
            "id": "1820",
            "name": "gene",
            "url": "http://www.ncbi.nlm.nih.gov/gene/1820"
          }
        },
        "n_7": {
          "confidence": {
            "prob": 1.0,
            "state": "",
            "who": [
              "user:Ashish"
            ]
          },
          "recName": "AT-rich interactive domain-containing protein 3A",
          "source": {
            "id": "Q99856",
            "name": "protein",
            "url": "http://www.uniprot.org/uniprot/Q99856"
          }
        }
      },
      "offsets": [
        {
          "start": 13,
          "text": "ARID3a"
        }
      ],
      "part": "s2p1"
    },
    {
      "classId": "e_2",
      "confidence": {
        "prob": 1.0,
        "state": "",
        "who": [
          "ml:GNormPlus"
        ]
      },
      "fields": {},
      "normalizations": {
        "n_6": {
          "confidence": {
            "prob": 1.0,
            "state": "",
            "who": [
              "ml:GNormPlus"
            ]
          },
          "recName": "E2F1",
          "source": {
            "id": "1869",
            "name": "gene",
            "url": "http://www.ncbi.nlm.nih.gov/gene/1869"
          }
        },
        "n_7": {
          "confidence": {
            "prob": 1.0,
            "state": "",
            "who": [
              "user:Ashish"
            ]
          },
          "recName": "Transcription factor E2F1",
          "source": {
            "id": "Q01094",
            "name": "protein",
            "url": "http://www.uniprot.org/uniprot/Q01094"
          }
        }
      },
      "offsets": [
        {
          "start": 161,
          "text": "E2F1"
        }
      ],
      "part": "s2p1"
    },
    {
      "classId": "e_2",
      "confidence": {
        "prob": 1.0,
        "state": "",
        "who": [
          "ml:GNormPlus"
        ]
      },
      "fields": {},
      "normalizations": {
        "n_6": {
          "confidence": {
            "prob": 1.0,
            "state": "",
            "who": [
              "ml:GNormPlus"
            ]
          },
          "recName": "ARID3A",
          "source": {
            "id": "1820",
            "name": "gene",
            "url": "http://www.ncbi.nlm.nih.gov/gene/1820"
          }
        },
        "n_7": {
          "confidence": {
            "prob": 1.0,
            "state": "",
            "who": [
              "user:Ashish"
            ]
          },
          "recName": "AT-rich interactive domain-containing protein 3A",
          "source": {
            "id": "Q01094",
            "name": "protein",
            "url": "http://www.uniprot.org/uniprot/Q01094"
          }
        }
      },
      "offsets": [
        {
          "start": 200,
          "text": "Bright"
        }
      ],
      "part": "s2p1"
    },
    {
      "classId": "e_1",
      "confidence": {
        "prob": 1,
        "state": "",
        "who": [
          "ml:GNormPlus"
        ]
      },
      "fields": {},
      "normalizations": {
        "n_6": {
          "confidence": {
            "prob": 1.0,
            "state": "",
            "who": [
              "ml:GNormPlus"
            ]
          },
          "recName": "ARID2",
          "source": {
            "id": "196528",
            "name": "gene",
            "url": "http://www.ncbi.nlm.nih.gov/gene/196528"
          }
        },
        "n_7": {
          "confidence": {
            "prob": 1.0,
            "state": "",
            "who": [
              "user:Ashish"
            ]
          },
          "recName": "AT-rich interactive domain-containing protein 2",
          "source": {
            "id": "Q68CP9",
            "name": "protein",
            "url": "http://www.uniprot.org/uniprot/Q68CP9"
          }
        }
      },
      "offsets": [
        {
          "start": 453,
          "text": "ARID1-5"
        }
      ],
      "part": "s2p1"
    },
    {
      "classId": "e_2",
      "confidence": {
        "prob": 1,
        "state": "",
        "who": [
          "ml:GNormPlus"
        ]
      },
      "fields": {},
      "normalizations": {
        "n_6": {
          "confidence": {
            "prob": 1.0,
            "state": "",
            "who": [
              "ml:GNormPlus"
            ]
          },
          "recName": "JARID2",
          "source": {
            "id": "3720",
            "name": "gene",
            "url": "http://www.ncbi.nlm.nih.gov/gene/3720"
          }
        },
        "n_7": {
          "confidence": {
            "prob": 1.0,
            "state": "",
            "who": [
              "user:Ashish"
            ]
          },
          "recName": "Protein Jumonji",
          "source": {
            "id": "Q92833",
            "name": "protein",
            "url": "http://www.uniprot.org/uniprot/Q92833"
          }
        }
      },
      "offsets": [
        {
          "start": 465,
          "text": "JARID1-2"
        }
      ],
      "part": "s2p1"
    },
    {
      "classId": "e_2",
      "confidence": {
        "prob": 1.0,
        "state": "",
        "who": [
          "ml:GNormPlus"
        ]
      },
      "fields": {},
      "normalizations": {
        "n_6": {
          "confidence": {
            "prob": 1.0,
            "state": "",
            "who": [
              "ml:GNormPlus"
            ]
          },
          "recName": "ARID3A",
          "source": {
            "id": "1820",
            "name": "gene",
            "url": "http://www.ncbi.nlm.nih.gov/gene/1820"
          }
        },
        "n_7": {
          "confidence": {
            "prob": 1.0,
            "state": "",
            "who": [
              "user:Ashish"
            ]
          },
          "recName": "AT-rich interactive domain-containing protein 3A",
          "source": {
            "id": "Q01094",
            "name": "protein",
            "url": "http://www.uniprot.org/uniprot/Q01094"
          }
        }
      },
      "offsets": [
        {
          "start": 541,
          "text": "Bright"
        }
      ],
      "part": "s2p1"
    },
    {
      "classId": "e_2",
      "confidence": {
        "prob": 1.0,
        "state": "",
        "who": [
          "ml:GNormPlus"
        ]
      },
      "fields": {},
      "normalizations": {
        "n_6": {
          "confidence": {
            "prob": 1.0,
            "state": "",
            "who": [
              "ml:GNormPlus"
            ]
          },
          "recName": "ARID3A",
          "source": {
            "id": "1820",
            "name": "gene",
            "url": "http://www.ncbi.nlm.nih.gov/gene/1820"
          }
        },
        "n_7": {
          "confidence": {
            "prob": 1.0,
            "state": "",
            "who": [
              "user:Ashish"
            ]
          },
          "recName": "AT-rich interactive domain-containing protein 3A",
          "source": {
            "id": "Q01094",
            "name": "protein",
            "url": "http://www.uniprot.org/uniprot/Q01094"
          }
        }
      },
      "offsets": [
        {
          "start": 548,
          "text": "ARID3a"
        }
      ],
      "part": "s2p1"
    },
    {
      "classId": "e_2",
      "confidence": {
        "prob": 1.0,
        "state": "",
        "who": [
          "ml:GNormPlus"
        ]
      },
      "fields": {},
      "normalizations": {
        "n_6": {
          "confidence": {
            "prob": 1.0,
            "state": "",
            "who": [
              "ml:GNormPlus"
            ]
          },
          "recName": "ARID3B",
          "source": {
            "id": "10620",
            "name": "gene",
            "url": "http://www.ncbi.nlm.nih.gov/gene/10620"
          }
        },
        "n_7": {
          "confidence": {
            "prob": 1.0,
            "state": "",
            "who": [
              "user:Ashish"
            ]
          },
          "recName": "AT-rich interactive domain-containing protein 3B",
          "source": {
            "id": "Q8IVW6",
            "name": "protein",
            "url": "http://www.uniprot.org/uniprot/Q8IVW6"
          }
        }
      },
      "offsets": [
        {
          "start": 556,
          "text": "Bdp"
        }
      ],
      "part": "s2p1"
    },
    {
      "classId": "e_2",
      "confidence": {
        "prob": 1.0,
        "state": "",
        "who": [
          "ml:GNormPlus"
        ]
      },
      "fields": {},
      "normalizations": {
        "n_6": {
          "confidence": {
            "prob": 1.0,
            "state": "",
            "who": [
              "ml:GNormPlus"
            ]
          },
          "recName": "ARID3B",
          "source": {
            "id": "10620",
            "name": "gene",
            "url": "http://www.ncbi.nlm.nih.gov/gene/10620"
          }
        },
        "n_7": {
          "confidence": {
            "prob": 1.0,
            "state": "",
            "who": [
              "user:Ashish"
            ]
          },
          "recName": "AT-rich interactive domain-containing protein 3B",
          "source": {
            "id": "Q8IVW6",
            "name": "protein",
            "url": "http://www.uniprot.org/uniprot/Q8IVW6"
          }
        }
      },
      "offsets": [
        {
          "start": 560,
          "text": "ARID3b"
        }
      ],
      "part": "s2p1"
    },
    {
      "classId": "e_1",
      "confidence": {
        "prob": 1.0,
        "state": "",
        "who": [
          "ml:GNormPlus"
        ]
      },
      "fields": {},
      "normalizations": {
        "n_6": {
          "confidence": {
            "prob": 1.0,
            "state": "",
            "who": [
              "ml:GNormPlus"
            ]
          },
          "recName": "ARID3C",
          "source": {
            "id": "138715",
            "name": "gene",
            "url": "http://www.ncbi.nlm.nih.gov/gene/138715"
          }
        },
        "n_7": {
          "confidence": {
            "prob": 1.0,
            "state": "",
            "who": [
              "user:Ashish"
            ]
          },
          "recName": "AT-rich interactive domain-containing protein 3C",
          "source": {
            "id": "A6NKF2",
            "name": "protein",
            "url": "http://www.uniprot.org/uniprot/A6NKF2"
          }
        }
      },
      "offsets": [
        {
          "start": 572,
          "text": "Bright-like"
        }
      ],
      "part": "s2p1"
    },
    {
      "classId": "e_1",
      "confidence": {
        "prob": 1.0,
        "state": "",
        "who": [
          "ml:GNormPlus"
        ]
      },
      "fields": {},
      "normalizations": {
        "n_6": {
          "confidence": {
            "prob": 1.0,
            "state": "",
            "who": [
              "ml:GNormPlus"
            ]
          },
          "recName": "ARID3C",
          "source": {
            "id": "138715",
            "name": "gene",
            "url": "http://www.ncbi.nlm.nih.gov/gene/138715"
          }
        },
        "n_7": {
          "confidence": {
            "prob": 1.0,
            "state": "",
            "who": [
              "user:Ashish"
            ]
          },
          "recName": "AT-rich interactive domain-containing protein 3C",
          "source": {
            "id": "A6NKF2",
            "name": "protein",
            "url": "http://www.uniprot.org/uniprot/A6NKF2"
          }
        }
      },
      "offsets": [
        {
          "start": 584,
          "text": "ARID3c"
        }
      ],
      "part": "s2p1"
    },
    {
      "classId": "e_2",
      "confidence": {
        "prob": 1.0,
        "state": "",
        "who": [
          "ml:GNormPlus"
        ]
      },
      "fields": {},
      "normalizations": {
        "n_6": {
          "confidence": {
            "prob": 1.0,
            "state": "",
            "who": [
              "ml:GNormPlus"
            ]
          },
          "recName": "ARID3A",
          "source": {
            "id": "1820",
            "name": "gene",
            "url": "http://www.ncbi.nlm.nih.gov/gene/1820"
          }
        },
        "n_7": {
          "confidence": {
            "prob": 1.0,
            "state": "",
            "who": [
              "user:Ashish"
            ]
          },
          "recName": "AT-rich interactive domain-containing protein 3A",
          "source": {
            "id": "A6NKF2",
            "name": "protein",
            "url": "http://www.uniprot.org/uniprot/A6NKF2"
          }
        }
      },
      "offsets": [
        {
          "start": 779,
          "text": "Bright"
        }
      ],
      "part": "s2p1"
    },
    {
      "classId": "e_1",
      "confidence": {
        "prob": 1.0,
        "state": "",
        "who": [
          "ml:GNormPlus"
        ]
      },
      "fields": {},
      "normalizations": {
        "n_6": {
          "confidence": {
            "prob": 1.0,
            "state": "",
            "who": [
              "ml:GNormPlus"
            ]
          },
          "recName": "XPO1",
          "source": {
            "id": "7514",
            "name": "gene",
            "url": "http://www.ncbi.nlm.nih.gov/gene/7514"
          }
        },
        "n_7": {
          "confidence": {
            "prob": 1.0,
            "state": "",
            "who": [
              "user:Ashish"
            ]
          },
          "recName": "Exportin-1",
          "source": {
            "id": "O14980",
            "name": "protein",
            "url": "http://www.uniprot.org/uniprot/O14980"
          }
        }
      },
      "offsets": [
        {
          "start": 907,
          "text": "Crm1"
        }
      ],
      "part": "s2p1"
    },
    {
      "classId": "e_2",
      "confidence": {
        "prob": 1.0,
        "state": "",
        "who": [
          "ml:GNormPlus"
        ]
      },
      "fields": {},
      "normalizations": {
        "n_6": {
          "confidence": {
            "prob": 1.0,
            "state": "",
            "who": [
              "ml:GNormPlus"
            ]
          },
          "recName": "ARID3A",
          "source": {
            "id": "1820",
            "name": "gene",
            "url": "http://www.ncbi.nlm.nih.gov/gene/1820"
          }
        },
        "n_7": {
          "confidence": {
            "prob": 1.0,
            "state": "",
            "who": [
              "user:Ashish"
            ]
          },
          "recName": "AT-rich interactive domain-containing protein 3A",
          "source": {
            "id": "O14980",
            "name": "protein",
            "url": "http://www.uniprot.org/uniprot/O14980"
          }
        }
      },
      "offsets": [
        {
          "start": 956,
          "text": "Bright"
        }
      ],
      "part": "s2p1"
    },
    {
      "classId": "e_2",
      "confidence": {
        "prob": 1.0,
        "state": "",
        "who": [
          "ml:GNormPlus"
        ]
      },
      "fields": {},
      "normalizations": {
        "n_6": {
          "confidence": {
            "prob": 1.0,
            "state": "",
            "who": [
              "ml:GNormPlus"
            ]
          },
          "recName": "ARID3A",
          "source": {
            "id": "1820",
            "name": "gene",
            "url": "http://www.ncbi.nlm.nih.gov/gene/1820"
          }
        },
        "n_7": {
          "confidence": {
            "prob": 1.0,
            "state": "",
            "who": [
              "user:Ashish"
            ]
          },
          "recName": "AT-rich interactive domain-containing protein 3A",
          "source": {
            "id": "O14980",
            "name": "protein",
            "url": "http://www.uniprot.org/uniprot/O14980"
          }
        }
      },
      "offsets": [
        {
          "start": 1116,
          "text": "Bright"
        }
      ],
      "part": "s2p1"
    },
    {
      "classId": "e_2",
      "confidence": {
        "prob": 1.0,
        "state": "",
        "who": [
          "ml:GNormPlus"
        ]
      },
      "fields": {},
      "normalizations": {
        "n_6": {
          "confidence": {
            "prob": 1.0,
            "state": "",
            "who": [
              "ml:GNormPlus"
            ]
          },
          "recName": "ARID3A",
          "source": {
            "id": "1820",
            "name": "gene",
            "url": "http://www.ncbi.nlm.nih.gov/gene/1820"
          }
        },
        "n_7": {
          "confidence": {
            "prob": 1.0,
            "state": "",
            "who": [
              "user:Ashish"
            ]
          },
          "recName": "AT-rich interactive domain-containing protein 3A",
          "source": {
            "id": "O14980",
            "name": "protein",
            "url": "http://www.uniprot.org/uniprot/O14980"
          }
        }
      },
      "offsets": [
        {
          "start": 1272,
          "text": "Bright"
        }
      ],
      "part": "s2p1"
    },
    {
      "classId": "e_2",
      "confidence": {
        "prob": 1.0,
        "state": "",
        "who": [
          "ml:GNormPlus"
        ]
      },
      "fields": {},
      "normalizations": {
        "n_6": {
          "confidence": {
            "prob": 1.0,
            "state": "",
            "who": [
              "ml:GNormPlus"
            ]
          },
          "recName": "ARID3B",
          "source": {
            "id": "10620",
            "name": "gene",
            "url": "http://www.ncbi.nlm.nih.gov/gene/10620"
          }
        },
        "n_7": {
          "confidence": {
            "prob": 1.0,
            "state": "",
            "who": [
              "user:Ashish"
            ]
          },
          "recName": "AT-rich interactive domain-containing protein 3B",
          "source": {
            "id": "O14980",
            "name": "protein",
            "url": "http://www.uniprot.org/uniprot/O14980"
          }
        }
      },
      "offsets": [
        {
          "start": 1284,
          "text": "Bdp"
        }
      ],
      "part": "s2p1"
    },
    {
      "classId": "e_2",
      "confidence": {
        "prob": 1.0,
        "state": "",
        "who": [
          "ml:GNormPlus"
        ]
      },
      "fields": {},
      "normalizations": {
        "n_6": {
          "confidence": {
            "prob": 1.0,
            "state": "",
            "who": [
              "ml:GNormPlus"
            ]
          },
          "recName": "ARID3A",
          "source": {
            "id": "1820",
            "name": "gene",
            "url": "http://www.ncbi.nlm.nih.gov/gene/1820"
          }
        },
        "n_7": {
          "confidence": {
            "prob": 1.0,
            "state": "",
            "who": [
              "user:Ashish"
            ]
          },
          "recName": "AT-rich interactive domain-containing protein 3A",
          "source": {
            "id": "O14980",
            "name": "protein",
            "url": "http://www.uniprot.org/uniprot/O14980"
          }
        }
      },
      "offsets": [
        {
          "start": 1336,
          "text": "Bright"
        }
      ],
      "part": "s2p1"
    }
  ],
  "metas": {},
  "relations": [],
  "sources": [
    {
      "id": "17400556",
      "name": "MEDLINE",
      "url": "http://ncbi.nlm.nih.gov/pubmed/17400556"
    },
    {
      "id": "17400556",
      "name": "PMID",
      "url": "http://www.ncbi.nlm.nih.gov/pubmed/17400556"
    }
  ]
}
