{
  "anncomplete": true,
  "annotatable": {
    "parts": [
      "s1h1",
      "s2h1",
      "s2p1"
    ]
  },
  "entities": [
    {
      "classId": "e_1",
      "confidence": {
        "prob": 1.0,
        "state": "",
        "who": [
          "ml:GNormPlus"
        ]
      },
      "fields": {},
      "normalizations": {
        "n_6": {
          "confidence": {
            "prob": 1.0,
            "state": "",
            "who": [
              "ml:GNormPlus"
            ]
          },
          "recName": "Btg1",
          "source": {
            "id": "12226",
            "name": "gene",
            "url": "http://www.ncbi.nlm.nih.gov/gene/12226"
          }
        },
        "n_7": {
          "confidence": {
            "prob": 1.0,
            "state": "",
            "who": [
              "user:Ashish"
            ]
          },
          "recName": "Protein BTG1",
          "source": {
            "id": "P62325",
            "name": "protein",
            "url": "http://www.uniprot.org/uniprot/P62325"
          }
        }
      },
      "offsets": [
        {
          "start": 15,
          "text": "BTG1"
        }
      ],
      "part": "s1h1"
    },
    {
      "classId": "e_2",
      "confidence": {
        "prob": 1.0,
        "state": "",
        "who": [
          "ml:GNormPlus"
        ]
      },
      "fields": {},
      "normalizations": {
        "n_6": {
          "confidence": {
            "prob": 1.0,
            "state": "",
            "who": [
              "ml:GNormPlus"
            ]
          },
          "recName": "Tp53",
          "source": {
            "id": "22059",
            "name": "gene",
            "url": "http://www.ncbi.nlm.nih.gov/gene/22059"
          }
        },
        "n_7": {
          "confidence": {
            "prob": 1.0,
            "state": "",
            "who": [
              "user:Ashish"
            ]
          },
          "recName": "Cellular tumor antigen p53",
          "source": {
            "id": "P02340",
            "name": "protein",
            "url": "http://www.uniprot.org/uniprot/P02340"
          }
        }
      },
      "offsets": [
        {
          "start": 24,
          "text": "p53"
        }
      ],
      "part": "s1h1"
    },
    {
      "classId": "e_2",
      "confidence": {
        "prob": 1.0,
        "state": "",
        "who": [
          "ml:GNormPlus"
        ]
      },
      "fields": {},
      "normalizations": {
        "n_6": {
          "confidence": {
            "prob": 1.0,
            "state": "",
            "who": [
              "ml:GNormPlus"
            ]
          },
          "recName": "Btg2",
          "source": {
            "id": "12227",
            "name": "gene",
            "url": "http://www.ncbi.nlm.nih.gov/gene/12227"
          }
        },
        "n_7": {
          "confidence": {
            "prob": 1.0,
            "state": "",
            "who": [
              "user:Ashish"
            ]
          },
          "recName": "Protein BTG2",
          "source": {
            "id": "Q04211",
            "name": "protein",
            "url": "http://www.uniprot.org/uniprot/Q04211"
          }
        }
      },
      "offsets": [
        {
          "start": 38,
          "text": "BTG2"
        }
      ],
      "part": "s1h1"
    },
    {
      "classId": "e_2",
      "confidence": {
        "prob": 1.0,
        "state": "",
        "who": [
          "ml:GNormPlus"
        ]
      },
      "fields": {},
      "normalizations": {
        "n_6": {
          "confidence": {
            "prob": 1.0,
            "state": "",
            "who": [
              "ml:GNormPlus"
            ]
          },
          "recName": "Atf7ip",
          "source": {
            "id": "54343",
            "name": "gene",
            "url": "http://www.ncbi.nlm.nih.gov/gene/54343"
          }
        },
        "n_7": {
          "confidence": {
            "prob": 1.0,
            "state": "",
            "who": [
              "user:Ashish"
            ]
          },
          "recName": "Activating transcription factor 7-interacting protein 1",
          "source": {
            "id": "Q9D0N7",
            "name": "protein",
            "url": "http://www.uniprot.org/uniprot/Q9D0N7"
          }
        }
      },
      "offsets": [
        {
          "start": 62,
          "text": "mCaf1"
        }
      ],
      "part": "s1h1"
    },
    {
      "classId": "e_1",
      "confidence": {
        "prob": 1.0,
        "state": "",
        "who": [
          "ml:GNormPlus"
        ]
      },
      "fields": {},
      "normalizations": {
        "n_6": {
          "confidence": {
            "prob": 1.0,
            "state": "",
            "who": [
              "ml:GNormPlus"
            ]
          },
          "recName": "CCR4",
          "source": {
            "id": "851212",
            "name": "gene",
            "url": "http://www.ncbi.nlm.nih.gov/gene/851212"
          }
        },
        "n_7": {
          "confidence": {
            "prob": 1.0,
            "state": "",
            "who": [
              "user:Ashish"
            ]
          },
          "recName": "Glucose-repressible alcohol dehydrogenase transcriptional effector",
          "source": {
            "id": "P31384",
            "name": "protein",
            "url": "http://www.uniprot.org/uniprot/P31384"
          }
        }
      },
      "offsets": [
        {
          "start": 116,
          "text": "CCR4"
        }
      ],
      "part": "s1h1"
    },
    {
      "classId": "e_1",
      "confidence": {
        "prob": 1.0,
        "state": "",
        "who": [
          "ml:GNormPlus"
        ]
      },
      "fields": {},
      "normalizations": {
        "n_6": {
          "confidence": {
            "prob": 1.0,
            "state": "",
            "who": [
              "ml:GNormPlus"
            ]
          },
          "recName": "Btg1",
          "source": {
            "id": "12226",
            "name": "gene",
            "url": "http://www.ncbi.nlm.nih.gov/gene/12226"
          }
        },
        "n_7": {
          "confidence": {
            "prob": 1.0,
            "state": "",
            "who": [
              "user:Ashish"
            ]
          },
          "recName": "Protein BTG1",
          "source": {
            "id": "P31384",
            "name": "protein",
            "url": "http://www.uniprot.org/uniprot/P31384"
          }
        }
      },
      "offsets": [
        {
          "start": 5,
          "text": "BTG1"
        }
      ],
      "part": "s2p1"
    },
    {
      "classId": "e_2",
      "confidence": {
        "prob": 1.0,
        "state": "",
        "who": [
          "ml:GNormPlus"
        ]
      },
      "fields": {},
      "normalizations": {
        "n_6": {
          "confidence": {
            "prob": 1.0,
            "state": "",
            "who": [
              "ml:GNormPlus"
            ]
          },
          "recName": "Btg2",
          "source": {
            "id": "12227",
            "name": "gene",
            "url": "http://www.ncbi.nlm.nih.gov/gene/12227"
          }
        },
        "n_7": {
          "confidence": {
            "prob": 1.0,
            "state": "",
            "who": [
              "user:Ashish"
            ]
          },
          "recName": "Protein BTG2",
          "source": {
            "id": "P31384",
            "name": "protein",
            "url": "http://www.uniprot.org/uniprot/P31384"
          }
        }
      },
      "offsets": [
        {
          "start": 14,
          "text": "BTG2"
        }
      ],
      "part": "s2p1"
    },
    {
      "classId": "e_2",
      "confidence": {
        "prob": 1.0,
        "state": "",
        "who": [
          "ml:GNormPlus"
        ]
      },
      "fields": {},
      "normalizations": {
        "n_6": {
          "confidence": {
            "prob": 1.0,
            "state": "",
            "who": [
              "ml:GNormPlus"
            ]
          },
          "recName": "Btg2",
          "source": {
            "id": "12227",
            "name": "gene",
            "url": "http://www.ncbi.nlm.nih.gov/gene/12227"
          }
        },
        "n_7": {
          "confidence": {
            "prob": 1.0,
            "state": "",
            "who": [
              "user:Ashish"
            ]
          },
          "recName": "Protein BTG2",
          "source": {
            "id": "P31384",
            "name": "protein",
            "url": "http://www.uniprot.org/uniprot/P31384"
          }
        }
      },
      "offsets": [
        {
          "start": 56,
          "text": "BTG2"
        }
      ],
      "part": "s2p1"
    },
    {
      "classId": "e_2",
      "confidence": {
        "prob": 1.0,
        "state": "",
        "who": [
          "ml:GNormPlus"
        ]
      },
      "fields": {},
      "normalizations": {
        "n_6": {
          "confidence": {
            "prob": 1.0,
            "state": "",
            "who": [
              "ml:GNormPlus"
            ]
          },
          "recName": "Tp53",
          "source": {
            "id": "22059",
            "name": "gene",
            "url": "http://www.ncbi.nlm.nih.gov/gene/22059"
          }
        },
        "n_7": {
          "confidence": {
            "prob": 1.0,
            "state": "",
            "who": [
              "user:Ashish"
            ]
          },
          "recName": "Cellular tumor antigen p53",
          "source": {
            "id": "P31384",
            "name": "protein",
            "url": "http://www.uniprot.org/uniprot/P31384"
          }
        }
      },
      "offsets": [
        {
          "start": 88,
          "text": "p53"
        }
      ],
      "part": "s2p1"
    },
    {
      "classId": "e_1",
      "confidence": {
        "prob": 1.0,
        "state": "",
        "who": [
          "ml:GNormPlus"
        ]
      },
      "fields": {},
      "normalizations": {
        "n_6": {
          "confidence": {
            "prob": 1.0,
            "state": "",
            "who": [
              "ml:GNormPlus"
            ]
          },
          "recName": "Btg1",
          "source": {
            "id": "12226",
            "name": "gene",
            "url": "http://www.ncbi.nlm.nih.gov/gene/12226"
          }
        },
        "n_7": {
          "confidence": {
            "prob": 1.0,
            "state": "",
            "who": [
              "user:Ashish"
            ]
          },
          "recName": "Protein BTG1",
          "source": {
            "id": "P31384",
            "name": "protein",
            "url": "http://www.uniprot.org/uniprot/P31384"
          }
        }
      },
      "offsets": [
        {
          "start": 327,
          "text": "Btg1"
        }
      ],
      "part": "s2p1"
    },
    {
      "classId": "e_2",
      "confidence": {
        "prob": 1.0,
        "state": "",
        "who": [
          "ml:GNormPlus"
        ]
      },
      "fields": {},
      "normalizations": {
        "n_6": {
          "confidence": {
            "prob": 1.0,
            "state": "",
            "who": [
              "ml:GNormPlus"
            ]
          },
          "recName": "Btg2",
          "source": {
            "id": "12227",
            "name": "gene",
            "url": "http://www.ncbi.nlm.nih.gov/gene/12227"
          }
        },
        "n_7": {
          "confidence": {
            "prob": 1.0,
            "state": "",
            "who": [
              "user:Ashish"
            ]
          },
          "recName": "Protein BTG2",
          "source": {
            "id": "P31384",
            "name": "protein",
            "url": "http://www.uniprot.org/uniprot/P31384"
          }
        }
      },
      "offsets": [
        {
          "start": 336,
          "text": "Btg2"
        }
      ],
      "part": "s2p1"
    },
    {
      "classId": "e_1",
      "confidence": {
        "prob": 1.0,
        "state": "",
        "who": [
          "ml:GNormPlus"
        ]
      },
      "fields": {},
      "normalizations": {
        "n_6": {
          "confidence": {
            "prob": 1.0,
            "state": "",
            "who": [
              "ml:GNormPlus"
            ]
          },
          "recName": "BTG1",
          "source": {
            "id": "694",
            "name": "gene",
            "url": "http://www.ncbi.nlm.nih.gov/gene/694"
          }
        },
        "n_7": {
          "confidence": {
            "prob": 1.0,
            "state": "",
            "who": [
              "user:Ashish"
            ]
          },
          "recName": "Protein BTG1",
          "source": {
            "id": "P62324",
            "name": "protein",
            "url": "http://www.uniprot.org/uniprot/P62324"
          }
        }
      },
      "offsets": [
        {
          "start": 519,
          "text": "Btg1"
        }
      ],
      "part": "s2p1"
    },
    {
      "classId": "e_2",
      "confidence": {
        "prob": 1.0,
        "state": "",
        "who": [
          "ml:GNormPlus"
        ]
      },
      "fields": {},
      "normalizations": {
        "n_6": {
          "confidence": {
            "prob": 1.0,
            "state": "",
            "who": [
              "ml:GNormPlus"
            ]
          },
          "recName": "BTG2",
          "source": {
            "id": "7832",
            "name": "gene",
            "url": "http://www.ncbi.nlm.nih.gov/gene/7832"
          }
        },
        "n_7": {
          "confidence": {
            "prob": 1.0,
            "state": "",
            "who": [
              "user:Ashish"
            ]
          },
          "recName": "Protein BTG2",
          "source": {
            "id": "P78543",
            "name": "protein",
            "url": "http://www.uniprot.org/uniprot/P78543"
          }
        }
      },
      "offsets": [
        {
          "start": 528,
          "text": "Btg2"
        }
      ],
      "part": "s2p1"
    },
    {
      "classId": "e_2",
      "confidence": {
        "prob": 1.0,
        "state": "",
        "who": [
          "ml:GNormPlus"
        ]
      },
      "fields": {},
      "normalizations": {
        "n_6": {
          "confidence": {
            "prob": 1.0,
            "state": "",
            "who": [
              "ml:GNormPlus"
            ]
          },
          "recName": "Atf7ip",
          "source": {
            "id": "54343",
            "name": "gene",
            "url": "http://www.ncbi.nlm.nih.gov/gene/54343"
          }
        },
        "n_7": {
          "confidence": {
            "prob": 1.0,
            "state": "",
            "who": [
              "user:Ashish"
            ]
          },
          "recName": "Activating transcription factor 7-interacting protein 1",
          "source": {
            "id": "P78543",
            "name": "protein",
            "url": "http://www.uniprot.org/uniprot/P78543"
          }
        }
      },
      "offsets": [
        {
          "start": 556,
          "text": "mCaf1"
        }
      ],
      "part": "s2p1"
    },
    {
      "classId": "e_2",
      "confidence": {
        "prob": 1.0,
        "state": "",
        "who": [
          "ml:GNormPlus"
        ]
      },
      "fields": {},
      "normalizations": {
        "n_6": {
          "confidence": {
            "prob": 1.0,
            "state": "",
            "who": [
              "ml:GNormPlus"
            ]
          },
          "recName": "Atf7ip",
          "source": {
            "id": "54343",
            "name": "gene",
            "url": "http://www.ncbi.nlm.nih.gov/gene/54343"
          }
        },
        "n_7": {
          "confidence": {
            "prob": 1.0,
            "state": "",
            "who": [
              "user:Ashish"
            ]
          },
          "recName": "Activating transcription factor 7-interacting protein 1",
          "source": {
            "id": "P78543",
            "name": "protein",
            "url": "http://www.uniprot.org/uniprot/P78543"
          }
        }
      },
      "offsets": [
        {
          "start": 568,
          "text": "mouse CCR4-associated factor 1"
        }
      ],
      "part": "s2p1"
    },
    {
      "classId": "e_2",
      "confidence": {
        "prob": 1.0,
        "state": "",
        "who": [
          "ml:GNormPlus"
        ]
      },
      "fields": {},
      "normalizations": {
        "n_6": {
          "confidence": {
            "prob": 1.0,
            "state": "",
            "who": [
              "ml:GNormPlus"
            ]
          },
          "recName": "Atf7ip",
          "source": {
            "id": "54343",
            "name": "gene",
            "url": "http://www.ncbi.nlm.nih.gov/gene/54343"
          }
        },
        "n_7": {
          "confidence": {
            "prob": 1.0,
            "state": "",
            "who": [
              "user:Ashish"
            ]
          },
          "recName": "Activating transcription factor 7-interacting protein 1",
          "source": {
            "id": "P78543",
            "name": "protein",
            "url": "http://www.uniprot.org/uniprot/P78543"
          }
        }
      },
      "offsets": [
        {
          "start": 601,
          "text": "mCaf1"
        }
      ],
      "part": "s2p1"
    },
    {
      "classId": "e_1",
      "confidence": {
        "prob": 1.0,
        "state": "",
        "who": [
          "ml:GNormPlus"
        ]
      },
      "fields": {},
      "normalizations": {
        "n_6": {
          "confidence": {
            "prob": 1.0,
            "state": "",
            "who": [
              "ml:GNormPlus"
            ]
          },
          "recName": "Ccr4",
          "source": {
            "id": "12773",
            "name": "gene",
            "url": "http://www.ncbi.nlm.nih.gov/gene/12773"
          }
        },
        "n_7": {
          "confidence": {
            "prob": 1.0,
            "state": "",
            "who": [
              "user:Ashish"
            ]
          },
          "recName": "C-C chemokine receptor type 4",
          "source": {
            "id": "P51680",
            "name": "protein",
            "url": "http://www.uniprot.org/uniprot/P51680"
          }
        }
      },
      "offsets": [
        {
          "start": 655,
          "text": "CCR4"
        }
      ],
      "part": "s2p1"
    },
    {
      "classId": "e_2",
      "confidence": {
        "prob": 1.0,
        "state": "",
        "who": [
          "ml:GNormPlus"
        ]
      },
      "fields": {},
      "normalizations": {
        "n_6": {
          "confidence": {
            "prob": 1.0,
            "state": "",
            "who": [
              "ml:GNormPlus"
            ]
          },
          "recName": "Atf7ip",
          "source": {
            "id": "54343",
            "name": "gene",
            "url": "http://www.ncbi.nlm.nih.gov/gene/54343"
          }
        },
        "n_7": {
          "confidence": {
            "prob": 1.0,
            "state": "",
            "who": [
              "user:Ashish"
            ]
          },
          "recName": "Activating transcription factor 7-interacting protein 1",
          "source": {
            "id": "P51680",
            "name": "protein",
            "url": "http://www.uniprot.org/uniprot/P51680"
          }
        }
      },
      "offsets": [
        {
          "start": 911,
          "text": "mCaf1"
        }
      ],
      "part": "s2p1"
    },
    {
      "classId": "e_2",
      "confidence": {
        "prob": 1.0,
        "state": "",
        "who": [
          "ml:GNormPlus"
        ]
      },
      "fields": {},
      "normalizations": {
        "n_6": {
          "confidence": {
            "prob": 1.0,
            "state": "",
            "who": [
              "ml:GNormPlus"
            ]
          },
          "recName": "Atf7ip",
          "source": {
            "id": "54343",
            "name": "gene",
            "url": "http://www.ncbi.nlm.nih.gov/gene/54343"
          }
        },
        "n_7": {
          "confidence": {
            "prob": 1.0,
            "state": "",
            "who": [
              "user:Ashish"
            ]
          },
          "recName": "Activating transcription factor 7-interacting protein 1",
          "source": {
            "id": "P51680",
            "name": "protein",
            "url": "http://www.uniprot.org/uniprot/P51680"
          }
        }
      },
      "offsets": [
        {
          "start": 1208,
          "text": "mCaf1"
        }
      ],
      "part": "s2p1"
    }
  ],
  "metas": {},
  "relations": [
    {
      "classId": "r_4",
      "confidence": {
        "prob": 1,
        "state": "",
        "who": [
          "user:Ashish"
        ]
      },
      "directed": false,
      "entities": [
        "s1h1|15,19",
        "s1h1|62,67"
      ],
      "type": "linked"
    },
    {
      "classId": "r_4",
      "confidence": {
        "prob": 1,
        "state": "",
        "who": [
          "user:Ashish"
        ]
      },
      "directed": false,
      "entities": [
        "s2p1|519,523",
        "s2p1|556,561"
      ],
      "type": "linked"
    },
    {
      "classId": "r_4",
      "confidence": {
        "prob": 1,
        "state": "",
        "who": [
          "user:Ashish"
        ]
      },
      "directed": false,
      "entities": [
        "s2p1|601,606",
        "s2p1|655,659"
      ],
      "type": "linked"
    }
  ],
  "sources": [
    {
      "id": "9712883",
      "name": "MEDLINE",
      "url": "http://ncbi.nlm.nih.gov/pubmed/9712883"
    },
    {
      "id": "9712883",
      "name": "PMID",
      "url": "http://www.ncbi.nlm.nih.gov/pubmed/9712883"
    }
  ]
}