{
  "anncomplete": true,
  "annotatable": {
    "parts": [
      "s1h1",
      "s2h1",
      "s2p1"
    ]
  },
  "entities": [
    {
      "classId": "e_2",
      "confidence": {
        "prob": 1.0,
        "state": "",
        "who": [
          "ml:GNormPlus"
        ]
      },
      "fields": {},
      "normalizations": {
        "n_6": {
          "confidence": {
            "prob": 1.0,
            "state": "",
            "who": [
              "ml:GNormPlus"
            ]
          },
          "recName": "RUNX1",
          "source": {
            "id": "861",
            "name": "gene",
            "url": "http://www.ncbi.nlm.nih.gov/gene/861"
          }
        },
        "n_7": {
          "confidence": {
            "prob": 1.0,
            "state": "",
            "who": [
              "user:Ashish"
            ]
          },
          "recName": "Runt-related transcription factor 1",
          "source": {
            "id": "Q01196",
            "name": "protein",
            "url": "http://www.uniprot.org/uniprot/Q01196"
          }
        }
      },
      "offsets": [
        {
          "start": 30,
          "text": "AML1"
        }
      ],
      "part": "s1h1"
    },
    {
      "classId": "e_2",
      "confidence": {
        "prob": 1.0,
        "state": "",
        "who": [
          "ml:GNormPlus"
        ]
      },
      "fields": {},
      "normalizations": {
        "n_6": {
          "confidence": {
            "prob": 1.0,
            "state": "",
            "who": [
              "ml:GNormPlus"
            ]
          },
          "recName": "LEF1",
          "source": {
            "id": "51176",
            "name": "gene",
            "url": "http://www.ncbi.nlm.nih.gov/gene/51176"
          }
        },
        "n_7": {
          "confidence": {
            "prob": 1.0,
            "state": "",
            "who": [
              "user:Ashish"
            ]
          },
          "recName": "Lymphoid enhancer-binding factor 1",
          "source": {
            "id": "Q9UJU2",
            "name": "protein",
            "url": "http://www.uniprot.org/uniprot/Q9UJU2"
          }
        }
      },
      "offsets": [
        {
          "start": 39,
          "text": "LEF-1"
        }
      ],
      "part": "s1h1"
    },
    {
      "classId": "e_1",
      "confidence": {
        "prob": 1.0,
        "state": "",
        "who": [
          "ml:GNormPlus"
        ]
      },
      "fields": {},
      "normalizations": {
        "n_6": {
          "confidence": {
            "prob": 1.0,
            "state": "",
            "who": [
              "ml:GNormPlus"
            ]
          },
          "recName": "TLE1",
          "source": {
            "id": "7088",
            "name": "gene",
            "url": "http://www.ncbi.nlm.nih.gov/gene/7088"
          }
        },
        "n_7": {
          "confidence": {
            "prob": 1.0,
            "state": "",
            "who": [
              "user:Ashish"
            ]
          },
          "recName": "Transducin-like enhancer protein 1",
          "source": {
            "id": "Q04724",
            "name": "protein",
            "url": "http://www.uniprot.org/uniprot/Q04724"
          }
        }
      },
      "offsets": [
        {
          "start": 412,
          "text": "TLE1"
        }
      ],
      "part": "s2p1"
    },
    {
      "classId": "e_2",
      "confidence": {
        "prob": 1.0,
        "state": "",
        "who": [
          "ml:GNormPlus"
        ]
      },
      "fields": {},
      "normalizations": {
        "n_6": {
          "confidence": {
            "prob": 1.0,
            "state": "",
            "who": [
              "ml:GNormPlus"
            ]
          },
          "recName": "RUNX1",
          "source": {
            "id": "861",
            "name": "gene",
            "url": "http://www.ncbi.nlm.nih.gov/gene/861"
          }
        },
        "n_7": {
          "confidence": {
            "prob": 1.0,
            "state": "",
            "who": [
              "user:Ashish"
            ]
          },
          "recName": "Runt-related transcription factor 1",
          "source": {
            "id": "Q04724",
            "name": "protein",
            "url": "http://www.uniprot.org/uniprot/Q04724"
          }
        }
      },
      "offsets": [
        {
          "start": 444,
          "text": "AML1"
        }
      ],
      "part": "s2p1"
    },
    {
      "classId": "e_2",
      "confidence": {
        "prob": 1.0,
        "state": "",
        "who": [
          "ml:GNormPlus"
        ]
      },
      "fields": {},
      "normalizations": {
        "n_6": {
          "confidence": {
            "prob": 1.0,
            "state": "",
            "who": [
              "ml:GNormPlus"
            ]
          },
          "recName": "RUNX3",
          "source": {
            "id": "864",
            "name": "gene",
            "url": "http://www.ncbi.nlm.nih.gov/gene/864"
          }
        },
        "n_7": {
          "confidence": {
            "prob": 1.0,
            "state": "",
            "who": [
              "user:Ashish"
            ]
          },
          "recName": "Runt-related transcription factor 3",
          "source": {
            "id": "Q13761",
            "name": "protein",
            "url": "http://www.uniprot.org/uniprot/Q13761"
          }
        }
      },
      "offsets": [
        {
          "start": 453,
          "text": "AML2"
        }
      ],
      "part": "s2p1"
    },
    {
      "classId": "e_1",
      "confidence": {
        "prob": 1.0,
        "state": "",
        "who": [
          "ml:GNormPlus"
        ]
      },
      "fields": {},
      "normalizations": {
        "n_6": {
          "confidence": {
            "prob": 1.0,
            "state": "",
            "who": [
              "ml:GNormPlus"
            ]
          },
          "recName": "TLE1",
          "source": {
            "id": "7088",
            "name": "gene",
            "url": "http://www.ncbi.nlm.nih.gov/gene/7088"
          }
        },
        "n_7": {
          "confidence": {
            "prob": 1.0,
            "state": "",
            "who": [
              "user:Ashish"
            ]
          },
          "recName": "Transducin-like enhancer protein 1",
          "source": {
            "id": "Q13761",
            "name": "protein",
            "url": "http://www.uniprot.org/uniprot/Q13761"
          }
        }
      },
      "offsets": [
        {
          "start": 563,
          "text": "TLE1"
        }
      ],
      "part": "s2p1"
    },
    {
      "classId": "e_1",
      "confidence": {
        "prob": 1.0,
        "state": "",
        "who": [
          "ml:GNormPlus"
        ]
      },
      "fields": {},
      "normalizations": {
        "n_6": {
          "confidence": {
            "prob": 1.0,
            "state": "",
            "who": [
              "ml:GNormPlus"
            ]
          },
          "recName": "TLE1",
          "source": {
            "id": "7088",
            "name": "gene",
            "url": "http://www.ncbi.nlm.nih.gov/gene/7088"
          }
        },
        "n_7": {
          "confidence": {
            "prob": 1.0,
            "state": "",
            "who": [
              "user:Ashish"
            ]
          },
          "recName": "Transducin-like enhancer protein 1",
          "source": {
            "id": "Q13761",
            "name": "protein",
            "url": "http://www.uniprot.org/uniprot/Q13761"
          }
        }
      },
      "offsets": [
        {
          "start": 569,
          "text": "TLE1"
        }
      ],
      "part": "s2p1"
    },
    {
      "classId": "e_2",
      "confidence": {
        "prob": 1.0,
        "state": "",
        "who": [
          "ml:GNormPlus"
        ]
      },
      "fields": {},
      "normalizations": {
        "n_6": {
          "confidence": {
            "prob": 1.0,
            "state": "",
            "who": [
              "ml:GNormPlus"
            ]
          },
          "recName": "RUNX1",
          "source": {
            "id": "861",
            "name": "gene",
            "url": "http://www.ncbi.nlm.nih.gov/gene/861"
          }
        },
        "n_7": {
          "confidence": {
            "prob": 1.0,
            "state": "",
            "who": [
              "user:Ashish"
            ]
          },
          "recName": "Runt-related transcription factor 1",
          "source": {
            "id": "Q13761",
            "name": "protein",
            "url": "http://www.uniprot.org/uniprot/Q13761"
          }
        }
      },
      "offsets": [
        {
          "start": 583,
          "text": "AML1"
        }
      ],
      "part": "s2p1"
    },
    {
      "classId": "e_2",
      "confidence": {
        "prob": 1.0,
        "state": "",
        "who": [
          "ml:GNormPlus"
        ]
      },
      "fields": {},
      "normalizations": {
        "n_6": {
          "confidence": {
            "prob": 1.0,
            "state": "",
            "who": [
              "ml:GNormPlus"
            ]
          },
          "recName": "LEF1",
          "source": {
            "id": "51176",
            "name": "gene",
            "url": "http://www.ncbi.nlm.nih.gov/gene/51176"
          }
        },
        "n_7": {
          "confidence": {
            "prob": 1.0,
            "state": "",
            "who": [
              "user:Ashish"
            ]
          },
          "recName": "Lymphoid enhancer-binding factor 1",
          "source": {
            "id": "Q13761",
            "name": "protein",
            "url": "http://www.uniprot.org/uniprot/Q13761"
          }
        }
      },
      "offsets": [
        {
          "start": 744,
          "text": "LEF-1"
        }
      ],
      "part": "s2p1"
    },
    {
      "classId": "e_2",
      "confidence": {
        "prob": 1.0,
        "state": "",
        "who": [
          "ml:GNormPlus"
        ]
      },
      "fields": {},
      "normalizations": {
        "n_6": {
          "confidence": {
            "prob": 1.0,
            "state": "",
            "who": [
              "ml:GNormPlus"
            ]
          },
          "recName": "pan {ECO:0000312|FlyBase:FBgn0085432}",
          "source": {
            "id": "43769",
            "name": "gene",
            "url": "http://www.ncbi.nlm.nih.gov/gene/43769"
          }
        },
        "n_7": {
          "confidence": {
            "prob": 1.0,
            "state": "",
            "who": [
              "user:Ashish"
            ]
          },
          "recName": "Protein pangolin, isoform J",
          "source": {
            "id": "Q8IMA8",
            "name": "protein",
            "url": "http://www.uniprot.org/uniprot/Q8IMA8"
          }
        }
      },
      "offsets": [
        {
          "start": 836,
          "text": "LEF-1"
        }
      ],
      "part": "s2p1"
    },
    {
      "classId": "e_2",
      "confidence": {
        "prob": 1.0,
        "state": "",
        "who": [
          "ml:GNormPlus"
        ]
      },
      "fields": {},
      "normalizations": {
        "n_6": {
          "confidence": {
            "prob": 1.0,
            "state": "",
            "who": [
              "ml:GNormPlus"
            ]
          },
          "recName": "pan {ECO:0000312|FlyBase:FBgn0085432}",
          "source": {
            "id": "43769",
            "name": "gene",
            "url": "http://www.ncbi.nlm.nih.gov/gene/43769"
          }
        },
        "n_7": {
          "confidence": {
            "prob": 1.0,
            "state": "",
            "who": [
              "user:Ashish"
            ]
          },
          "recName": "Protein pangolin, isoform J",
          "source": {
            "id": "Q8IMA8",
            "name": "protein",
            "url": "http://www.uniprot.org/uniprot/Q8IMA8"
          }
        }
      },
      "offsets": [
        {
          "start": 869,
          "text": "Pangolin"
        }
      ],
      "part": "s2p1"
    },
    {
      "classId": "e_2",
      "confidence": {
        "prob": 1.0,
        "state": "",
        "who": [
          "ml:GNormPlus"
        ]
      },
      "fields": {},
      "normalizations": {
        "n_6": {
          "confidence": {
            "prob": 1.0,
            "state": "",
            "who": [
              "ml:GNormPlus"
            ]
          },
          "recName": "pan {ECO:0000312|FlyBase:FBgn0085432}",
          "source": {
            "id": "43769",
            "name": "gene",
            "url": "http://www.ncbi.nlm.nih.gov/gene/43769"
          }
        },
        "n_7": {
          "confidence": {
            "prob": 1.0,
            "state": "",
            "who": [
              "user:Ashish"
            ]
          },
          "recName": "Protein pangolin, isoform J",
          "source": {
            "id": "Q8IMA8",
            "name": "protein",
            "url": "http://www.uniprot.org/uniprot/Q8IMA8"
          }
        }
      },
      "offsets": [
        {
          "start": 879,
          "text": "Pan"
        }
      ],
      "part": "s2p1"
    },
    {
      "classId": "e_1",
      "confidence": {
        "prob": 1.0,
        "state": "",
        "who": [
          "ml:GNormPlus"
        ]
      },
      "fields": {},
      "normalizations": {
        "n_6": {
          "confidence": {
            "prob": 1.0,
            "state": "",
            "who": [
              "ml:GNormPlus"
            ]
          },
          "recName": "arm",
          "source": {
            "id": "31151",
            "name": "gene",
            "url": "http://www.ncbi.nlm.nih.gov/gene/31151"
          }
        },
        "n_7": {
          "confidence": {
            "prob": 1.0,
            "state": "",
            "who": [
              "user:Ashish"
            ]
          },
          "recName": "Armadillo segment polarity protein",
          "source": {
            "id": "P18824",
            "name": "protein",
            "url": "http://www.uniprot.org/uniprot/P18824"
          }
        }
      },
      "offsets": [
        {
          "start": 971,
          "text": "beta-catenin"
        }
      ],
      "part": "s2p1"
    },
    {
      "classId": "e_1",
      "confidence": {
        "prob": 1.0,
        "state": "",
        "who": [
          "ml:GNormPlus"
        ]
      },
      "fields": {},
      "normalizations": {
        "n_6": {
          "confidence": {
            "prob": 1.0,
            "state": "",
            "who": [
              "ml:GNormPlus"
            ]
          },
          "recName": "arm",
          "source": {
            "id": "31151",
            "name": "gene",
            "url": "http://www.ncbi.nlm.nih.gov/gene/31151"
          }
        },
        "n_7": {
          "confidence": {
            "prob": 1.0,
            "state": "",
            "who": [
              "user:Ashish"
            ]
          },
          "recName": "Armadillo segment polarity protein",
          "source": {
            "id": "P18824",
            "name": "protein",
            "url": "http://www.uniprot.org/uniprot/P18824"
          }
        }
      },
      "offsets": [
        {
          "start": 1021,
          "text": "Armadillo"
        }
      ],
      "part": "s2p1"
    },
    {
      "classId": "e_1",
      "confidence": {
        "prob": 1.0,
        "state": "",
        "who": [
          "ml:GNormPlus"
        ]
      },
      "fields": {},
      "normalizations": {
        "n_6": {
          "confidence": {
            "prob": 1.0,
            "state": "",
            "who": [
              "ml:GNormPlus"
            ]
          },
          "recName": "arm",
          "source": {
            "id": "31151",
            "name": "gene",
            "url": "http://www.ncbi.nlm.nih.gov/gene/31151"
          }
        },
        "n_7": {
          "confidence": {
            "prob": 1.0,
            "state": "",
            "who": [
              "user:Ashish"
            ]
          },
          "recName": "Armadillo segment polarity protein",
          "source": {
            "id": "P18824",
            "name": "protein",
            "url": "http://www.uniprot.org/uniprot/P18824"
          }
        }
      },
      "offsets": [
        {
          "start": 1032,
          "text": "Arm"
        }
      ],
      "part": "s2p1"
    },
    {
      "classId": "e_2",
      "confidence": {
        "prob": 1.0,
        "state": "",
        "who": [
          "ml:GNormPlus"
        ]
      },
      "fields": {},
      "normalizations": {
        "n_6": {
          "confidence": {
            "prob": 1.0,
            "state": "",
            "who": [
              "ml:GNormPlus"
            ]
          },
          "recName": "LEF1",
          "source": {
            "id": "51176",
            "name": "gene",
            "url": "http://www.ncbi.nlm.nih.gov/gene/51176"
          }
        },
        "n_7": {
          "confidence": {
            "prob": 1.0,
            "state": "",
            "who": [
              "user:Ashish"
            ]
          },
          "recName": "Lymphoid enhancer-binding factor 1",
          "source": {
            "id": "P18824",
            "name": "protein",
            "url": "http://www.uniprot.org/uniprot/P18824"
          }
        }
      },
      "offsets": [
        {
          "start": 1074,
          "text": "LEF-1"
        }
      ],
      "part": "s2p1"
    },
    {
      "classId": "e_2",
      "confidence": {
        "prob": 1.0,
        "state": "",
        "who": [
          "ml:GNormPlus"
        ]
      },
      "fields": {},
      "normalizations": {
        "n_6": {
          "confidence": {
            "prob": 1.0,
            "state": "",
            "who": [
              "ml:GNormPlus"
            ]
          },
          "recName": "LEF1",
          "source": {
            "id": "51176",
            "name": "gene",
            "url": "http://www.ncbi.nlm.nih.gov/gene/51176"
          }
        },
        "n_7": {
          "confidence": {
            "prob": 1.0,
            "state": "",
            "who": [
              "user:Ashish"
            ]
          },
          "recName": "Lymphoid enhancer-binding factor 1",
          "source": {
            "id": "P18824",
            "name": "protein",
            "url": "http://www.uniprot.org/uniprot/P18824"
          }
        }
      },
      "offsets": [
        {
          "start": 1102,
          "text": "LEF-1"
        }
      ],
      "part": "s2p1"
    },
    {
      "classId": "e_2",
      "confidence": {
        "prob": 1.0,
        "state": "",
        "who": [
          "ml:GNormPlus"
        ]
      },
      "fields": {},
      "normalizations": {
        "n_6": {
          "confidence": {
            "prob": 1.0,
            "state": "",
            "who": [
              "ml:GNormPlus"
            ]
          },
          "recName": "CTNNB1",
          "source": {
            "id": "1499",
            "name": "gene",
            "url": "http://www.ncbi.nlm.nih.gov/gene/1499"
          }
        },
        "n_7": {
          "confidence": {
            "prob": 1.0,
            "state": "",
            "who": [
              "user:Ashish"
            ]
          },
          "recName": "Catenin beta-1",
          "source": {
            "id": "P35222",
            "name": "protein",
            "url": "http://www.uniprot.org/uniprot/P35222"
          }
        }
      },
      "offsets": [
        {
          "start": 1108,
          "text": "beta-catenin"
        }
      ],
      "part": "s2p1"
    },
    {
      "classId": "e_2",
      "confidence": {
        "prob": 1.0,
        "state": "",
        "who": [
          "ml:GNormPlus"
        ]
      },
      "fields": {},
      "normalizations": {
        "n_6": {
          "confidence": {
            "prob": 1.0,
            "state": "",
            "who": [
              "ml:GNormPlus"
            ]
          },
          "recName": "RUNX1",
          "source": {
            "id": "861",
            "name": "gene",
            "url": "http://www.ncbi.nlm.nih.gov/gene/861"
          }
        },
        "n_7": {
          "confidence": {
            "prob": 1.0,
            "state": "",
            "who": [
              "user:Ashish"
            ]
          },
          "recName": "Runt-related transcription factor 1",
          "source": {
            "id": "P35222",
            "name": "protein",
            "url": "http://www.uniprot.org/uniprot/P35222"
          }
        }
      },
      "offsets": [
        {
          "start": 1233,
          "text": "AML1"
        }
      ],
      "part": "s2p1"
    },
    {
      "classId": "e_2",
      "confidence": {
        "prob": 1.0,
        "state": "",
        "who": [
          "ml:GNormPlus"
        ]
      },
      "fields": {},
      "normalizations": {
        "n_6": {
          "confidence": {
            "prob": 1.0,
            "state": "",
            "who": [
              "ml:GNormPlus"
            ]
          },
          "recName": "LEF1",
          "source": {
            "id": "51176",
            "name": "gene",
            "url": "http://www.ncbi.nlm.nih.gov/gene/51176"
          }
        },
        "n_7": {
          "confidence": {
            "prob": 1.0,
            "state": "",
            "who": [
              "user:Ashish"
            ]
          },
          "recName": "Lymphoid enhancer-binding factor 1",
          "source": {
            "id": "P35222",
            "name": "protein",
            "url": "http://www.uniprot.org/uniprot/P35222"
          }
        }
      },
      "offsets": [
        {
          "start": 1242,
          "text": "LEF-1"
        }
      ],
      "part": "s2p1"
    },
    {
      "classId": "e_1",
      "confidence": {
        "prob": 1.0,
        "state": "",
        "who": [
          "ml:GNormPlus"
        ]
      },
      "fields": {},
      "normalizations": {
        "n_6": {
          "confidence": {
            "prob": 1.0,
            "state": "",
            "who": [
              "ml:GNormPlus"
            ]
          },
          "recName": "TLE1",
          "source": {
            "id": "7088",
            "name": "gene",
            "url": "http://www.ncbi.nlm.nih.gov/gene/7088"
          }
        },
        "n_7": {
          "confidence": {
            "prob": 1.0,
            "state": "",
            "who": [
              "user:Ashish"
            ]
          },
          "recName": "Transducin-like enhancer protein 1",
          "source": {
            "id": "P35222",
            "name": "protein",
            "url": "http://www.uniprot.org/uniprot/P35222"
          }
        }
      },
      "offsets": [
        {
          "start": 1296,
          "text": "TLE1"
        }
      ],
      "part": "s2p1"
    }
  ],
  "metas": {},
  "relations": [
    {
      "classId": "r_4",
      "confidence": {
        "prob": 1,
        "state": "",
        "who": [
          "user:Ashish"
        ]
      },
      "directed": false,
      "entities": [
        "s2p1|412,416",
        "s2p1|444,448"
      ],
      "type": "linked"
    },
    {
      "classId": "r_4",
      "confidence": {
        "prob": 1,
        "state": "",
        "who": [
          "user:Ashish"
        ]
      },
      "directed": false,
      "entities": [
        "s2p1|412,416",
        "s2p1|453,457"
      ],
      "type": "linked"
    },
    {
      "classId": "r_4",
      "confidence": {
        "prob": 1,
        "state": "",
        "who": [
          "user:Ashish"
        ]
      },
      "directed": false,
      "entities": [
        "s2p1|836,841",
        "s2p1|971,983"
      ],
      "type": "linked"
    },
    {
      "classId": "r_4",
      "confidence": {
        "prob": 1,
        "state": "",
        "who": [
          "user:Ashish"
        ]
      },
      "directed": false,
      "entities": [
        "s2p1|869,877",
        "s2p1|1021,1030"
      ],
      "type": "linked"
    },
    {
      "classId": "r_4",
      "confidence": {
        "prob": 1,
        "state": "",
        "who": [
          "user:Ashish"
        ]
      },
      "directed": false,
      "entities": [
        "s2p1|869,877",
        "s2p1|1032,1035"
      ],
      "type": "linked"
    },
    {
      "classId": "r_4",
      "confidence": {
        "prob": 1,
        "state": "",
        "who": [
          "user:Ashish"
        ]
      },
      "directed": false,
      "entities": [
        "s2p1|879,882",
        "s2p1|1021,1030"
      ],
      "type": "linked"
    },
    {
      "classId": "r_4",
      "confidence": {
        "prob": 1,
        "state": "",
        "who": [
          "user:Ashish"
        ]
      },
      "directed": false,
      "entities": [
        "s2p1|879,882",
        "s2p1|1032,1035"
      ],
      "type": "linked"
    }
  ],
  "sources": [
    {
      "id": "9751710",
      "name": "MEDLINE",
      "url": "http://ncbi.nlm.nih.gov/pubmed/9751710"
    },
    {
      "id": "9751710",
      "name": "PMID",
      "url": "http://www.ncbi.nlm.nih.gov/pubmed/9751710"
    }
  ]
}