{
  "anncomplete": true,
  "annotatable": {
    "parts": [
      "s1h1",
      "s2h1",
      "s2p1"
    ]
  },
  "entities": [
    {
      "classId": "e_2",
      "confidence": {
        "prob": 1.0,
        "state": "",
        "who": [
          "ml:GNormPlus"
        ]
      },
      "fields": {},
      "normalizations": {
        "n_6": {
          "confidence": {
            "prob": 1.0,
            "state": "",
            "who": [
              "ml:GNormPlus"
            ]
          },
          "recName": "CLOCK",
          "source": {
            "id": "9575",
            "name": "gene",
            "url": "http://www.ncbi.nlm.nih.gov/gene/9575"
          }
        },
        "n_7": {
          "confidence": {
            "prob": 1.0,
            "state": "",
            "who": [
              "user:Ashish"
            ]
          },
          "recName": "Circadian locomoter output cycles protein kaput",
          "source": {
            "id": "O15516",
            "name": "protein",
            "url": "http://www.uniprot.org/uniprot/O15516"
          }
        }
      },
      "offsets": [
        {
          "start": 74,
          "text": "clock"
        }
      ],
      "part": "s1h1"
    },
    {
      "classId": "e_2",
      "confidence": {
        "prob": 1.0,
        "state": "",
        "who": [
          "ml:GNormPlus"
        ]
      },
      "fields": {},
      "normalizations": {
        "n_6": {
          "confidence": {
            "prob": 1.0,
            "state": "",
            "who": [
              "ml:GNormPlus"
            ]
          },
          "recName": "EP300",
          "source": {
            "id": "2033",
            "name": "gene",
            "url": "http://www.ncbi.nlm.nih.gov/gene/2033"
          }
        },
        "n_7": {
          "confidence": {
            "prob": 1.0,
            "state": "",
            "who": [
              "user:Ashish"
            ]
          },
          "recName": "Histone acetyltransferase p300",
          "source": {
            "id": "Q09472",
            "name": "protein",
            "url": "http://www.uniprot.org/uniprot/Q09472"
          }
        }
      },
      "offsets": [
        {
          "start": 359,
          "text": "p300"
        }
      ],
      "part": "s2p1"
    },
    {
      "classId": "e_2",
      "confidence": {
        "prob": 1.0,
        "state": "",
        "who": [
          "ml:GNormPlus"
        ]
      },
      "fields": {},
      "normalizations": {
        "n_6": {
          "confidence": {
            "prob": 1.0,
            "state": "",
            "who": [
              "ml:GNormPlus"
            ]
          },
          "recName": "CREBBP",
          "source": {
            "id": "1387",
            "name": "gene",
            "url": "http://www.ncbi.nlm.nih.gov/gene/1387"
          }
        },
        "n_7": {
          "confidence": {
            "prob": 1.0,
            "state": "",
            "who": [
              "user:Ashish"
            ]
          },
          "recName": "CREB-binding protein",
          "source": {
            "id": "Q92793",
            "name": "protein",
            "url": "http://www.uniprot.org/uniprot/Q92793"
          }
        }
      },
      "offsets": [
        {
          "start": 364,
          "text": "CBP"
        }
      ],
      "part": "s2p1"
    },
    {
      "classId": "e_1",
      "confidence": {
        "prob": 1.0,
        "state": "",
        "who": [
          "ml:GNormPlus"
        ]
      },
      "fields": {},
      "normalizations": {
        "n_6": {
          "confidence": {
            "prob": 1.0,
            "state": "",
            "who": [
              "ml:GNormPlus"
            ]
          },
          "recName": "KAT2B",
          "source": {
            "id": "8850",
            "name": "gene",
            "url": "http://www.ncbi.nlm.nih.gov/gene/8850"
          }
        },
        "n_7": {
          "confidence": {
            "prob": 1.0,
            "state": "",
            "who": [
              "user:Ashish"
            ]
          },
          "recName": "Histone acetyltransferase KAT2B",
          "source": {
            "id": "Q92831",
            "name": "protein",
            "url": "http://www.uniprot.org/uniprot/Q92831"
          }
        }
      },
      "offsets": [
        {
          "start": 369,
          "text": "PCAF"
        }
      ],
      "part": "s2p1"
    },
    {
      "classId": "e_1",
      "confidence": {
        "prob": 1.0,
        "state": "",
        "who": [
          "ml:GNormPlus"
        ]
      },
      "fields": {},
      "normalizations": {
        "n_6": {
          "confidence": {
            "prob": 1.0,
            "state": "",
            "who": [
              "ml:GNormPlus"
            ]
          },
          "recName": "NCOA3",
          "source": {
            "id": "8202",
            "name": "gene",
            "url": "http://www.ncbi.nlm.nih.gov/gene/8202"
          }
        },
        "n_7": {
          "confidence": {
            "prob": 1.0,
            "state": "",
            "who": [
              "user:Ashish"
            ]
          },
          "recName": "Nuclear receptor coactivator 3",
          "source": {
            "id": "Q9Y6Q9",
            "name": "protein",
            "url": "http://www.uniprot.org/uniprot/Q9Y6Q9"
          }
        }
      },
      "offsets": [
        {
          "start": 379,
          "text": "ACTR"
        }
      ],
      "part": "s2p1"
    },
    {
      "classId": "e_2",
      "confidence": {
        "prob": 1.0,
        "state": "",
        "who": [
          "ml:GNormPlus"
        ]
      },
      "fields": {},
      "normalizations": {
        "n_6": {
          "confidence": {
            "prob": 1.0,
            "state": "",
            "who": [
              "ml:GNormPlus"
            ]
          },
          "recName": "CLOCK",
          "source": {
            "id": "9575",
            "name": "gene",
            "url": "http://www.ncbi.nlm.nih.gov/gene/9575"
          }
        },
        "n_7": {
          "confidence": {
            "prob": 1.0,
            "state": "",
            "who": [
              "user:Ashish"
            ]
          },
          "recName": "Circadian locomoter output cycles protein kaput",
          "source": {
            "id": "Q9Y6Q9",
            "name": "protein",
            "url": "http://www.uniprot.org/uniprot/Q9Y6Q9"
          }
        }
      },
      "offsets": [
        {
          "start": 422,
          "text": "CLOCK"
        }
      ],
      "part": "s2p1"
    },
    {
      "classId": "e_2",
      "confidence": {
        "prob": 1.0,
        "state": "",
        "who": [
          "ml:GNormPlus"
        ]
      },
      "fields": {},
      "normalizations": {
        "n_6": {
          "confidence": {
            "prob": 1.0,
            "state": "",
            "who": [
              "ml:GNormPlus"
            ]
          },
          "recName": "NPAS2",
          "source": {
            "id": "4862",
            "name": "gene",
            "url": "http://www.ncbi.nlm.nih.gov/gene/4862"
          }
        },
        "n_7": {
          "confidence": {
            "prob": 1.0,
            "state": "",
            "who": [
              "user:Ashish"
            ]
          },
          "recName": "Neuronal PAS domain-containing protein 2",
          "source": {
            "id": "Q99743",
            "name": "protein",
            "url": "http://www.uniprot.org/uniprot/Q99743"
          }
        }
      },
      "offsets": [
        {
          "start": 432,
          "text": "NPAS2"
        }
      ],
      "part": "s2p1"
    },
    {
      "classId": "e_2",
      "confidence": {
        "prob": 1.0,
        "state": "",
        "who": [
          "ml:GNormPlus"
        ]
      },
      "fields": {},
      "normalizations": {
        "n_6": {
          "confidence": {
            "prob": 1.0,
            "state": "",
            "who": [
              "ml:GNormPlus"
            ]
          },
          "recName": "CLOCK",
          "source": {
            "id": "9575",
            "name": "gene",
            "url": "http://www.ncbi.nlm.nih.gov/gene/9575"
          }
        },
        "n_7": {
          "confidence": {
            "prob": 1.0,
            "state": "",
            "who": [
              "user:Ashish"
            ]
          },
          "recName": "Circadian locomoter output cycles protein kaput",
          "source": {
            "id": "Q99743",
            "name": "protein",
            "url": "http://www.uniprot.org/uniprot/Q99743"
          }
        }
      },
      "offsets": [
        {
          "start": 462,
          "text": "clock"
        }
      ],
      "part": "s2p1"
    },
    {
      "classId": "e_1",
      "confidence": {
        "prob": 1.0,
        "state": "",
        "who": [
          "ml:GNormPlus"
        ]
      },
      "fields": {},
      "normalizations": {
        "n_6": {
          "confidence": {
            "prob": 1.0,
            "state": "",
            "who": [
              "ml:GNormPlus"
            ]
          },
          "recName": "CRY2",
          "source": {
            "id": "1408",
            "name": "gene",
            "url": "http://www.ncbi.nlm.nih.gov/gene/1408"
          }
        },
        "n_7": {
          "confidence": {
            "prob": 1.0,
            "state": "",
            "who": [
              "user:Ashish"
            ]
          },
          "recName": "Cryptochrome-2",
          "source": {
            "id": "Q49AN0",
            "name": "protein",
            "url": "http://www.uniprot.org/uniprot/Q49AN0"
          }
        }
      },
      "offsets": [
        {
          "start": 498,
          "text": "Cry2"
        }
      ],
      "part": "s2p1"
    },
    {
      "classId": "e_2",
      "confidence": {
        "prob": 1.0,
        "state": "",
        "who": [
          "ml:GNormPlus"
        ]
      },
      "fields": {},
      "normalizations": {
        "n_6": {
          "confidence": {
            "prob": 1.0,
            "state": "",
            "who": [
              "ml:GNormPlus"
            ]
          },
          "recName": "NPAS2",
          "source": {
            "id": "4862",
            "name": "gene",
            "url": "http://www.ncbi.nlm.nih.gov/gene/4862"
          }
        },
        "n_7": {
          "confidence": {
            "prob": 1.0,
            "state": "",
            "who": [
              "user:Ashish"
            ]
          },
          "recName": "Neuronal PAS domain-containing protein 2",
          "source": {
            "id": "Q49AN0",
            "name": "protein",
            "url": "http://www.uniprot.org/uniprot/Q49AN0"
          }
        }
      },
      "offsets": [
        {
          "start": 526,
          "text": "NPAS2"
        }
      ],
      "part": "s2p1"
    },
    {
      "classId": "e_2",
      "confidence": {
        "prob": 1.0,
        "state": "",
        "who": [
          "ml:GNormPlus"
        ]
      },
      "fields": {},
      "normalizations": {
        "n_6": {
          "confidence": {
            "prob": 1.0,
            "state": "",
            "who": [
              "ml:GNormPlus"
            ]
          },
          "recName": "ARNTL",
          "source": {
            "id": "406",
            "name": "gene",
            "url": "http://www.ncbi.nlm.nih.gov/gene/406"
          }
        },
        "n_7": {
          "confidence": {
            "prob": 1.0,
            "state": "",
            "who": [
              "user:Ashish"
            ]
          },
          "recName": "Aryl hydrocarbon receptor nuclear translocator-like protein 1",
          "source": {
            "id": "O00327",
            "name": "protein",
            "url": "http://www.uniprot.org/uniprot/O00327"
          }
        }
      },
      "offsets": [
        {
          "start": 532,
          "text": "BMAL1"
        }
      ],
      "part": "s2p1"
    },
    {
      "classId": "e_2",
      "confidence": {
        "prob": 1.0,
        "state": "",
        "who": [
          "ml:GNormPlus"
        ]
      },
      "fields": {},
      "normalizations": {
        "n_6": {
          "confidence": {
            "prob": 1.0,
            "state": "",
            "who": [
              "ml:GNormPlus"
            ]
          },
          "recName": "EP300",
          "source": {
            "id": "2033",
            "name": "gene",
            "url": "http://www.ncbi.nlm.nih.gov/gene/2033"
          }
        },
        "n_7": {
          "confidence": {
            "prob": 1.0,
            "state": "",
            "who": [
              "user:Ashish"
            ]
          },
          "recName": "Histone acetyltransferase p300",
          "source": {
            "id": "O00327",
            "name": "protein",
            "url": "http://www.uniprot.org/uniprot/O00327"
          }
        }
      },
      "offsets": [
        {
          "start": 571,
          "text": "p300"
        }
      ],
      "part": "s2p1"
    },
    {
      "classId": "e_2",
      "confidence": {
        "prob": 1.0,
        "state": "",
        "who": [
          "ml:GNormPlus"
        ]
      },
      "fields": {},
      "normalizations": {
        "n_6": {
          "confidence": {
            "prob": 1.0,
            "state": "",
            "who": [
              "ml:GNormPlus"
            ]
          },
          "recName": "EP300",
          "source": {
            "id": "2033",
            "name": "gene",
            "url": "http://www.ncbi.nlm.nih.gov/gene/2033"
          }
        },
        "n_7": {
          "confidence": {
            "prob": 1.0,
            "state": "",
            "who": [
              "user:Ashish"
            ]
          },
          "recName": "Histone acetyltransferase p300",
          "source": {
            "id": "O00327",
            "name": "protein",
            "url": "http://www.uniprot.org/uniprot/O00327"
          }
        }
      },
      "offsets": [
        {
          "start": 616,
          "text": "p300"
        }
      ],
      "part": "s2p1"
    },
    {
      "classId": "e_2",
      "confidence": {
        "prob": 1.0,
        "state": "",
        "who": [
          "ml:GNormPlus"
        ]
      },
      "fields": {},
      "normalizations": {
        "n_6": {
          "confidence": {
            "prob": 1.0,
            "state": "",
            "who": [
              "ml:GNormPlus"
            ]
          },
          "recName": "NPAS2",
          "source": {
            "id": "4862",
            "name": "gene",
            "url": "http://www.ncbi.nlm.nih.gov/gene/4862"
          }
        },
        "n_7": {
          "confidence": {
            "prob": 1.0,
            "state": "",
            "who": [
              "user:Ashish"
            ]
          },
          "recName": "Neuronal PAS domain-containing protein 2",
          "source": {
            "id": "O00327",
            "name": "protein",
            "url": "http://www.uniprot.org/uniprot/O00327"
          }
        }
      },
      "offsets": [
        {
          "start": 674,
          "text": "NPAS2"
        }
      ],
      "part": "s2p1"
    },
    {
      "classId": "e_1",
      "confidence": {
        "prob": 1.0,
        "state": "",
        "who": [
          "ml:GNormPlus"
        ]
      },
      "fields": {},
      "normalizations": {
        "n_6": {
          "confidence": {
            "prob": 1.0,
            "state": "",
            "who": [
              "ml:GNormPlus"
            ]
          },
          "recName": "Per1",
          "source": {
            "id": "18626",
            "name": "gene",
            "url": "http://www.ncbi.nlm.nih.gov/gene/18626"
          }
        },
        "n_7": {
          "confidence": {
            "prob": 1.0,
            "state": "",
            "who": [
              "user:Ashish"
            ]
          },
          "recName": "Period circadian protein homolog 1",
          "source": {
            "id": "O35973",
            "name": "protein",
            "url": "http://www.uniprot.org/uniprot/O35973"
          }
        }
      },
      "offsets": [
        {
          "start": 808,
          "text": "mPer1"
        }
      ],
      "part": "s2p1"
    },
    {
      "classId": "e_2",
      "confidence": {
        "prob": 1.0,
        "state": "",
        "who": [
          "ml:GNormPlus"
        ]
      },
      "fields": {},
      "normalizations": {
        "n_6": {
          "confidence": {
            "prob": 1.0,
            "state": "",
            "who": [
              "ml:GNormPlus"
            ]
          },
          "recName": "CLOCK",
          "source": {
            "id": "9575",
            "name": "gene",
            "url": "http://www.ncbi.nlm.nih.gov/gene/9575"
          }
        },
        "n_7": {
          "confidence": {
            "prob": 1.0,
            "state": "",
            "who": [
              "user:Ashish"
            ]
          },
          "recName": "Circadian locomoter output cycles protein kaput",
          "source": {
            "id": "O35973",
            "name": "protein",
            "url": "http://www.uniprot.org/uniprot/O35973"
          }
        }
      },
      "offsets": [
        {
          "start": 978,
          "text": "clock"
        }
      ],
      "part": "s2p1"
    },
    {
      "classId": "e_2",
      "confidence": {
        "prob": 1.0,
        "state": "",
        "who": [
          "ml:GNormPlus"
        ]
      },
      "fields": {},
      "normalizations": {
        "n_6": {
          "confidence": {
            "prob": 1.0,
            "state": "",
            "who": [
              "ml:GNormPlus"
            ]
          },
          "recName": "CLOCK",
          "source": {
            "id": "9575",
            "name": "gene",
            "url": "http://www.ncbi.nlm.nih.gov/gene/9575"
          }
        },
        "n_7": {
          "confidence": {
            "prob": 1.0,
            "state": "",
            "who": [
              "user:Ashish"
            ]
          },
          "recName": "Circadian locomoter output cycles protein kaput",
          "source": {
            "id": "O35973",
            "name": "protein",
            "url": "http://www.uniprot.org/uniprot/O35973"
          }
        }
      },
      "offsets": [
        {
          "start": 1042,
          "text": "clock"
        }
      ],
      "part": "s2p1"
    }
  ],
  "metas": {},
  "relations": [
    {
      "classId": "r_4",
      "confidence": {
        "prob": 1,
        "state": "",
        "who": [
          "user:Ashish"
        ]
      },
      "directed": false,
      "entities": [
        "s2p1|369,373",
        "s2p1|422,427"
      ],
      "type": "linked"
    },
    {
      "classId": "r_4",
      "confidence": {
        "prob": 1,
        "state": "",
        "who": [
          "user:Ashish"
        ]
      },
      "directed": false,
      "entities": [
        "s2p1|369,373",
        "s2p1|432,437"
      ],
      "type": "linked"
    },
    {
      "classId": "r_4",
      "confidence": {
        "prob": 1,
        "state": "",
        "who": [
          "user:Ashish"
        ]
      },
      "directed": false,
      "entities": [
        "s2p1|379,383",
        "s2p1|422,427"
      ],
      "type": "linked"
    },
    {
      "classId": "r_4",
      "confidence": {
        "prob": 1,
        "state": "",
        "who": [
          "user:Ashish"
        ]
      },
      "directed": false,
      "entities": [
        "s2p1|379,383",
        "s2p1|432,437"
      ],
      "type": "linked"
    }
  ],
  "sources": [
    {
      "id": "14645221",
      "name": "MEDLINE",
      "url": "http://ncbi.nlm.nih.gov/pubmed/14645221"
    },
    {
      "id": "14645221",
      "name": "PMID",
      "url": "http://www.ncbi.nlm.nih.gov/pubmed/14645221"
    }
  ]
}