{
  "anncomplete": true,
  "annotatable": {
    "parts": [
      "s1h1",
      "s2h1",
      "s2p1"
    ]
  },
  "entities": [
    {
      "classId": "e_1",
      "confidence": {
        "prob": 1,
        "state": "",
        "who": [
          "ml:GNormPlus"
        ]
      },
      "fields": {},
      "normalizations": {
        "n_6": {
          "confidence": {
            "prob": 1.0,
            "state": "",
            "who": [
              "ml:GNormPlus"
            ]
          },
          "recName": "DNTTIP2",
          "source": {
            "id": "30836",
            "name": "gene",
            "url": "http://www.ncbi.nlm.nih.gov/gene/30836"
          }
        },
        "n_7": {
          "confidence": {
            "prob": 1.0,
            "state": "",
            "who": [
              "user:Ashish"
            ]
          },
          "recName": "Deoxynucleotidyltransferase terminal-interacting protein 2",
          "source": {
            "id": "Q5QJE6",
            "name": "protein",
            "url": "http://www.uniprot.org/uniprot/Q5QJE6"
          }
        }
      },
      "offsets": [
        {
          "start": 0,
          "text": "ERBP"
        }
      ],
      "part": "s1h1"
    },
    {
      "classId": "e_2",
      "confidence": {
        "prob": 1,
        "state": "",
        "who": [
          "ml:GNormPlus"
        ]
      },
      "fields": {},
      "normalizations": {
        "n_6": {
          "confidence": {
            "prob": 1.0,
            "state": "",
            "who": [
              "ml:GNormPlus"
            ]
          },
          "recName": "ESR1",
          "source": {
            "id": "2099",
            "name": "gene",
            "url": "http://www.ncbi.nlm.nih.gov/gene/2099"
          }
        },
        "n_7": {
          "confidence": {
            "prob": 1.0,
            "state": "",
            "who": [
              "user:Ashish"
            ]
          },
          "recName": "Estrogen receptor",
          "source": {
            "id": "P03372",
            "name": "protein",
            "url": "http://www.uniprot.org/uniprot/P03372"
          }
        }
      },
      "offsets": [
        {
          "start": 14,
          "text": "estrogen receptor"
        }
      ],
      "part": "s1h1"
    },
    {
      "classId": "e_2",
      "confidence": {
        "prob": 1.0,
        "state": "",
        "who": [
          "ml:GNormPlus"
        ]
      },
      "fields": {},
      "normalizations": {
        "n_6": {
          "confidence": {
            "prob": 1.0,
            "state": "",
            "who": [
              "ml:GNormPlus"
            ]
          },
          "recName": "ESR1",
          "source": {
            "id": "2099",
            "name": "gene",
            "url": "http://www.ncbi.nlm.nih.gov/gene/2099"
          }
        },
        "n_7": {
          "confidence": {
            "prob": 1.0,
            "state": "",
            "who": [
              "user:Ashish"
            ]
          },
          "recName": "Estrogen receptor",
          "source": {
            "id": "P03372",
            "name": "protein",
            "url": "http://www.uniprot.org/uniprot/P03372"
          }
        }
      },
      "offsets": [
        {
          "start": 74,
          "text": "estrogen receptor"
        }
      ],
      "part": "s1h1"
    },
    {
      "classId": "e_2",
      "confidence": {
        "prob": 1,
        "state": "",
        "who": [
          "ml:GNormPlus"
        ]
      },
      "fields": {},
      "normalizations": {
        "n_6": {
          "confidence": {
            "prob": 1.0,
            "state": "",
            "who": [
              "ml:GNormPlus"
            ]
          },
          "recName": "ESR1",
          "source": {
            "id": "2099",
            "name": "gene",
            "url": "http://www.ncbi.nlm.nih.gov/gene/2099"
          }
        },
        "n_7": {
          "confidence": {
            "prob": 1.0,
            "state": "",
            "who": [
              "user:Ashish"
            ]
          },
          "recName": "Estrogen receptor",
          "source": {
            "id": "P03372",
            "name": "protein",
            "url": "http://www.uniprot.org/uniprot/P03372"
          }
        }
      },
      "offsets": [
        {
          "start": 37,
          "text": "estrogen receptor"
        }
      ],
      "part": "s2p1"
    },
    {
      "classId": "e_2",
      "confidence": {
        "prob": 1,
        "state": "",
        "who": [
          "user:Ashish"
        ]
      },
      "fields": {},
      "normalizations": {
        "n_6": {
          "confidence": {
            "prob": 1.0,
            "state": "",
            "who": [
              "ml:GNormPlus"
            ]
          },
          "recName": "ESR1",
          "source": {
            "id": "2099",
            "name": "gene",
            "url": "http://www.ncbi.nlm.nih.gov/gene/2099"
          }
        },
        "n_7": {
          "confidence": {
            "prob": 1.0,
            "state": "",
            "who": [
              "user:Ashish"
            ]
          },
          "recName": "Estrogen receptor",
          "source": {
            "id": "P03372",
            "name": "protein",
            "url": "http://www.uniprot.org/uniprot/P03372"
          }
        }
      },
      "offsets": [
        {
          "start": 56,
          "text": "ER"
        }
      ],
      "part": "s2p1"
    },
    {
      "classId": "e_1",
      "confidence": {
        "prob": 1,
        "state": "",
        "who": [
          "ml:GNormPlus"
        ]
      },
      "fields": {},
      "normalizations": {
        "n_6": {
          "confidence": {
            "prob": 1.0,
            "state": "",
            "who": [
              "ml:GNormPlus"
            ]
          },
          "recName": "DNTTIP2",
          "source": {
            "id": "30836",
            "name": "gene",
            "url": "http://www.ncbi.nlm.nih.gov/gene/30836"
          }
        },
        "n_7": {
          "confidence": {
            "prob": 1.0,
            "state": "",
            "who": [
              "user:Ashish"
            ]
          },
          "recName": "Deoxynucleotidyltransferase terminal-interacting protein 2",
          "source": {
            "id": "Q5QJE6",
            "name": "protein",
            "url": "http://www.uniprot.org/uniprot/Q5QJE6"
          }
        }
      },
      "offsets": [
        {
          "start": 126,
          "text": "ERalpha binding protein"
        }
      ],
      "part": "s2p1"
    },
    {
      "classId": "e_1",
      "confidence": {
        "prob": 1,
        "state": "",
        "who": [
          "ml:GNormPlus"
        ]
      },
      "fields": {},
      "normalizations": {
        "n_6": {
          "confidence": {
            "prob": 1.0,
            "state": "",
            "who": [
              "ml:GNormPlus"
            ]
          },
          "recName": "DNTTIP2",
          "source": {
            "id": "30836",
            "name": "gene",
            "url": "http://www.ncbi.nlm.nih.gov/gene/30836"
          }
        },
        "n_7": {
          "confidence": {
            "prob": 1.0,
            "state": "",
            "who": [
              "user:Ashish"
            ]
          },
          "recName": "Deoxynucleotidyltransferase terminal-interacting protein 2",
          "source": {
            "id": "Q5QJE6",
            "name": "protein",
            "url": "http://www.uniprot.org/uniprot/Q5QJE6"
          }
        }
      },
      "offsets": [
        {
          "start": 151,
          "text": "ERBP"
        }
      ],
      "part": "s2p1"
    },
    {
      "classId": "e_1",
      "confidence": {
        "prob": 1,
        "state": "",
        "who": [
          "ml:GNormPlus"
        ]
      },
      "fields": {},
      "normalizations": {
        "n_6": {
          "confidence": {
            "prob": 1.0,
            "state": "",
            "who": [
              "ml:GNormPlus"
            ]
          },
          "recName": "DNTTIP2",
          "source": {
            "id": "30836",
            "name": "gene",
            "url": "http://www.ncbi.nlm.nih.gov/gene/30836"
          }
        },
        "n_7": {
          "confidence": {
            "prob": 1.0,
            "state": "",
            "who": [
              "user:Ashish"
            ]
          },
          "recName": "Deoxynucleotidyltransferase terminal-interacting protein 2",
          "source": {
            "id": "Q5QJE6",
            "name": "protein",
            "url": "http://www.uniprot.org/uniprot/Q5QJE6"
          }
        }
      },
      "offsets": [
        {
          "start": 237,
          "text": "ERBP"
        }
      ],
      "part": "s2p1"
    },
    {
      "classId": "e_1",
      "confidence": {
        "prob": 1,
        "state": "",
        "who": [
          "ml:GNormPlus"
        ]
      },
      "fields": {},
      "normalizations": {
        "n_6": {
          "confidence": {
            "prob": 1.0,
            "state": "",
            "who": [
              "ml:GNormPlus"
            ]
          },
          "recName": "DNTTIP2",
          "source": {
            "id": "30836",
            "name": "gene",
            "url": "http://www.ncbi.nlm.nih.gov/gene/30836"
          }
        },
        "n_7": {
          "confidence": {
            "prob": 1.0,
            "state": "",
            "who": [
              "user:Ashish"
            ]
          },
          "recName": "Deoxynucleotidyltransferase terminal-interacting protein 2",
          "source": {
            "id": "Q5QJE6",
            "name": "protein",
            "url": "http://www.uniprot.org/uniprot/Q5QJE6"
          }
        }
      },
      "offsets": [
        {
          "start": 331,
          "text": "ERBP"
        }
      ],
      "part": "s2p1"
    },
    {
      "classId": "e_2",
      "confidence": {
        "prob": 1.0,
        "state": "",
        "who": [
          "ml:GNormPlus"
        ]
      },
      "fields": {},
      "normalizations": {
        "n_6": {
          "confidence": {
            "prob": 1.0,
            "state": "",
            "who": [
              "ml:GNormPlus"
            ]
          },
          "recName": "ESR1",
          "source": {
            "id": "2099",
            "name": "gene",
            "url": "http://www.ncbi.nlm.nih.gov/gene/2099"
          }
        },
        "n_7": {
          "confidence": {
            "prob": 1.0,
            "state": "",
            "who": [
              "user:Ashish"
            ]
          },
          "recName": "Estrogen receptor",
          "source": {
            "id": "P03372",
            "name": "protein",
            "url": "http://www.uniprot.org/uniprot/P03372"
          }
        }
      },
      "offsets": [
        {
          "start": 341,
          "text": "ERalpha"
        }
      ],
      "part": "s2p1"
    },
    {
      "classId": "e_1",
      "confidence": {
        "prob": 1,
        "state": "",
        "who": [
          "ml:GNormPlus"
        ]
      },
      "fields": {},
      "normalizations": {
        "n_6": {
          "confidence": {
            "prob": 1.0,
            "state": "",
            "who": [
              "ml:GNormPlus"
            ]
          },
          "recName": "DNTTIP2",
          "source": {
            "id": "30836",
            "name": "gene",
            "url": "http://www.ncbi.nlm.nih.gov/gene/30836"
          }
        },
        "n_7": {
          "confidence": {
            "prob": 1.0,
            "state": "",
            "who": [
              "user:Ashish"
            ]
          },
          "recName": "Deoxynucleotidyltransferase terminal-interacting protein 2",
          "source": {
            "id": "Q5QJE6",
            "name": "protein",
            "url": "http://www.uniprot.org/uniprot/Q5QJE6"
          }
        }
      },
      "offsets": [
        {
          "start": 449,
          "text": "ERBP"
        }
      ],
      "part": "s2p1"
    },
    {
      "classId": "e_2",
      "confidence": {
        "prob": 1.0,
        "state": "",
        "who": [
          "ml:GNormPlus"
        ]
      },
      "fields": {},
      "normalizations": {
        "n_6": {
          "confidence": {
            "prob": 1.0,
            "state": "",
            "who": [
              "ml:GNormPlus"
            ]
          },
          "recName": "PPARG",
          "source": {
            "id": "5468",
            "name": "gene",
            "url": "http://www.ncbi.nlm.nih.gov/gene/5468"
          }
        },
        "n_7": {
          "confidence": {
            "prob": 1.0,
            "state": "",
            "who": [
              "user:Ashish"
            ]
          },
          "recName": "Peroxisome proliferator-activated receptor gamma",
          "source": {
            "id": "P37231",
            "name": "protein",
            "url": "http://www.uniprot.org/uniprot/P37231"
          }
        }
      },
      "offsets": [
        {
          "start": 468,
          "text": "PPARgamma"
        }
      ],
      "part": "s2p1"
    },
    {
      "classId": "e_2",
      "confidence": {
        "prob": 1.0,
        "state": "",
        "who": [
          "ml:GNormPlus"
        ]
      },
      "fields": {},
      "normalizations": {
        "n_6": {
          "confidence": {
            "prob": 1.0,
            "state": "",
            "who": [
              "ml:GNormPlus"
            ]
          },
          "recName": "RXRA",
          "source": {
            "id": "6256",
            "name": "gene",
            "url": "http://www.ncbi.nlm.nih.gov/gene/6256"
          }
        },
        "n_7": {
          "confidence": {
            "prob": 1.0,
            "state": "",
            "who": [
              "user:Ashish"
            ]
          },
          "recName": "Retinoic acid receptor RXR-alpha",
          "source": {
            "id": "P19793",
            "name": "protein",
            "url": "http://www.uniprot.org/uniprot/P19793"
          }
        }
      },
      "offsets": [
        {
          "start": 479,
          "text": "RXRalpha"
        }
      ],
      "part": "s2p1"
    },
    {
      "classId": "e_2",
      "confidence": {
        "prob": 1.0,
        "state": "",
        "who": [
          "ml:GNormPlus"
        ]
      },
      "fields": {},
      "normalizations": {
        "n_6": {
          "confidence": {
            "prob": 1.0,
            "state": "",
            "who": [
              "ml:GNormPlus"
            ]
          },
          "recName": "ESR2",
          "source": {
            "id": "2100",
            "name": "gene",
            "url": "http://www.ncbi.nlm.nih.gov/gene/2100"
          }
        },
        "n_7": {
          "confidence": {
            "prob": 1.0,
            "state": "",
            "who": [
              "user:Ashish"
            ]
          },
          "recName": "Estrogen receptor beta",
          "source": {
            "id": "Q92731",
            "name": "protein",
            "url": "http://www.uniprot.org/uniprot/Q92731"
          }
        }
      },
      "offsets": [
        {
          "start": 493,
          "text": "ERbeta"
        }
      ],
      "part": "s2p1"
    },
    {
      "classId": "e_1",
      "confidence": {
        "prob": 1,
        "state": "",
        "who": [
          "ml:GNormPlus"
        ]
      },
      "fields": {},
      "normalizations": {
        "n_6": {
          "confidence": {
            "prob": 1.0,
            "state": "",
            "who": [
              "ml:GNormPlus"
            ]
          },
          "recName": "DNTTIP2",
          "source": {
            "id": "30836",
            "name": "gene",
            "url": "http://www.ncbi.nlm.nih.gov/gene/30836"
          }
        },
        "n_7": {
          "confidence": {
            "prob": 1.0,
            "state": "",
            "who": [
              "user:Ashish"
            ]
          },
          "recName": "Deoxynucleotidyltransferase terminal-interacting protein 2",
          "source": {
            "id": "Q5QJE6",
            "name": "protein",
            "url": "http://www.uniprot.org/uniprot/Q5QJE6"
          }
        }
      },
      "offsets": [
        {
          "start": 501,
          "text": "ERBP"
        }
      ],
      "part": "s2p1"
    },
    {
      "classId": "e_2",
      "confidence": {
        "prob": 1.0,
        "state": "",
        "who": [
          "ml:GNormPlus"
        ]
      },
      "fields": {},
      "normalizations": {
        "n_6": {
          "confidence": {
            "prob": 1.0,
            "state": "",
            "who": [
              "ml:GNormPlus"
            ]
          },
          "recName": "ESR1",
          "source": {
            "id": "2099",
            "name": "gene",
            "url": "http://www.ncbi.nlm.nih.gov/gene/2099"
          }
        },
        "n_7": {
          "confidence": {
            "prob": 1.0,
            "state": "",
            "who": [
              "user:Ashish"
            ]
          },
          "recName": "Estrogen receptor",
          "source": {
            "id": "Q92731",
            "name": "protein",
            "url": "http://www.uniprot.org/uniprot/Q92731"
          }
        }
      },
      "offsets": [
        {
          "start": 569,
          "text": "ERalpha"
        }
      ],
      "part": "s2p1"
    },
    {
      "classId": "e_2",
      "confidence": {
        "prob": 1.0,
        "state": "",
        "who": [
          "ml:GNormPlus"
        ]
      },
      "fields": {},
      "normalizations": {
        "n_6": {
          "confidence": {
            "prob": 1.0,
            "state": "",
            "who": [
              "ml:GNormPlus"
            ]
          },
          "recName": "ESR1",
          "source": {
            "id": "2099",
            "name": "gene",
            "url": "http://www.ncbi.nlm.nih.gov/gene/2099"
          }
        },
        "n_7": {
          "confidence": {
            "prob": 1.0,
            "state": "",
            "who": [
              "user:Ashish"
            ]
          },
          "recName": "Estrogen receptor",
          "source": {
            "id": "Q92731",
            "name": "protein",
            "url": "http://www.uniprot.org/uniprot/Q92731"
          }
        }
      },
      "offsets": [
        {
          "start": 592,
          "text": "ERalpha"
        }
      ],
      "part": "s2p1"
    },
    {
      "classId": "e_1",
      "confidence": {
        "prob": 1,
        "state": "",
        "who": [
          "ml:GNormPlus"
        ]
      },
      "fields": {},
      "normalizations": {
        "n_6": {
          "confidence": {
            "prob": 1.0,
            "state": "",
            "who": [
              "ml:GNormPlus"
            ]
          },
          "recName": "DNTTIP2",
          "source": {
            "id": "30836",
            "name": "gene",
            "url": "http://www.ncbi.nlm.nih.gov/gene/30836"
          }
        },
        "n_7": {
          "confidence": {
            "prob": 1.0,
            "state": "",
            "who": [
              "user:Ashish"
            ]
          },
          "recName": "Deoxynucleotidyltransferase terminal-interacting protein 2",
          "source": {
            "id": "Q5QJE6",
            "name": "protein",
            "url": "http://www.uniprot.org/uniprot/Q5QJE6"
          }
        }
      },
      "offsets": [
        {
          "start": 619,
          "text": "ERBP"
        }
      ],
      "part": "s2p1"
    },
    {
      "classId": "e_1",
      "confidence": {
        "prob": 1,
        "state": "",
        "who": [
          "ml:GNormPlus"
        ]
      },
      "fields": {},
      "normalizations": {
        "n_6": {
          "confidence": {
            "prob": 1.0,
            "state": "",
            "who": [
              "ml:GNormPlus"
            ]
          },
          "recName": "DNTTIP2",
          "source": {
            "id": "30836",
            "name": "gene",
            "url": "http://www.ncbi.nlm.nih.gov/gene/30836"
          }
        },
        "n_7": {
          "confidence": {
            "prob": 1.0,
            "state": "",
            "who": [
              "user:Ashish"
            ]
          },
          "recName": "Deoxynucleotidyltransferase terminal-interacting protein 2",
          "source": {
            "id": "Q5QJE6",
            "name": "protein",
            "url": "http://www.uniprot.org/uniprot/Q5QJE6"
          }
        }
      },
      "offsets": [
        {
          "start": 640,
          "text": "ERBP"
        }
      ],
      "part": "s2p1"
    },
    {
      "classId": "e_2",
      "confidence": {
        "prob": 1.0,
        "state": "",
        "who": [
          "ml:GNormPlus"
        ]
      },
      "fields": {},
      "normalizations": {
        "n_6": {
          "confidence": {
            "prob": 1.0,
            "state": "",
            "who": [
              "ml:GNormPlus"
            ]
          },
          "recName": "ESR1",
          "source": {
            "id": "2099",
            "name": "gene",
            "url": "http://www.ncbi.nlm.nih.gov/gene/2099"
          }
        },
        "n_7": {
          "confidence": {
            "prob": 1.0,
            "state": "",
            "who": [
              "user:Ashish"
            ]
          },
          "recName": "Estrogen receptor",
          "source": {
            "id": "Q92731",
            "name": "protein",
            "url": "http://www.uniprot.org/uniprot/Q92731"
          }
        }
      },
      "offsets": [
        {
          "start": 669,
          "text": "ERalpha"
        }
      ],
      "part": "s2p1"
    },
    {
      "classId": "e_1",
      "confidence": {
        "prob": 1,
        "state": "",
        "who": [
          "ml:GNormPlus"
        ]
      },
      "fields": {},
      "normalizations": {
        "n_6": {
          "confidence": {
            "prob": 1.0,
            "state": "",
            "who": [
              "ml:GNormPlus"
            ]
          },
          "recName": "DNTTIP2",
          "source": {
            "id": "30836",
            "name": "gene",
            "url": "http://www.ncbi.nlm.nih.gov/gene/30836"
          }
        },
        "n_7": {
          "confidence": {
            "prob": 1.0,
            "state": "",
            "who": [
              "user:Ashish"
            ]
          },
          "recName": "Deoxynucleotidyltransferase terminal-interacting protein 2",
          "source": {
            "id": "Q5QJE6",
            "name": "protein",
            "url": "http://www.uniprot.org/uniprot/Q5QJE6"
          }
        }
      },
      "offsets": [
        {
          "start": 723,
          "text": "ERBP"
        }
      ],
      "part": "s2p1"
    },
    {
      "classId": "e_1",
      "confidence": {
        "prob": 1,
        "state": "",
        "who": [
          "ml:GNormPlus"
        ]
      },
      "fields": {},
      "normalizations": {
        "n_6": {
          "confidence": {
            "prob": 1.0,
            "state": "",
            "who": [
              "ml:GNormPlus"
            ]
          },
          "recName": "DNTTIP2",
          "source": {
            "id": "30836",
            "name": "gene",
            "url": "http://www.ncbi.nlm.nih.gov/gene/30836"
          }
        },
        "n_7": {
          "confidence": {
            "prob": 1.0,
            "state": "",
            "who": [
              "user:Ashish"
            ]
          },
          "recName": "Deoxynucleotidyltransferase terminal-interacting protein 2",
          "source": {
            "id": "Q5QJE6",
            "name": "protein",
            "url": "http://www.uniprot.org/uniprot/Q5QJE6"
          }
        }
      },
      "offsets": [
        {
          "start": 797,
          "text": "ERBP"
        }
      ],
      "part": "s2p1"
    },
    {
      "classId": "e_2",
      "confidence": {
        "prob": 1.0,
        "state": "",
        "who": [
          "ml:GNormPlus"
        ]
      },
      "fields": {},
      "normalizations": {
        "n_6": {
          "confidence": {
            "prob": 1.0,
            "state": "",
            "who": [
              "ml:GNormPlus"
            ]
          },
          "recName": "ESR1",
          "source": {
            "id": "2099",
            "name": "gene",
            "url": "http://www.ncbi.nlm.nih.gov/gene/2099"
          }
        },
        "n_7": {
          "confidence": {
            "prob": 1.0,
            "state": "",
            "who": [
              "user:Ashish"
            ]
          },
          "recName": "Estrogen receptor",
          "source": {
            "id": "Q92731",
            "name": "protein",
            "url": "http://www.uniprot.org/uniprot/Q92731"
          }
        }
      },
      "offsets": [
        {
          "start": 807,
          "text": "ERalpha"
        }
      ],
      "part": "s2p1"
    },
    {
      "classId": "e_1",
      "confidence": {
        "prob": 1,
        "state": "",
        "who": [
          "ml:GNormPlus"
        ]
      },
      "fields": {},
      "normalizations": {
        "n_6": {
          "confidence": {
            "prob": 1.0,
            "state": "",
            "who": [
              "ml:GNormPlus"
            ]
          },
          "recName": "DNTTIP2",
          "source": {
            "id": "30836",
            "name": "gene",
            "url": "http://www.ncbi.nlm.nih.gov/gene/30836"
          }
        },
        "n_7": {
          "confidence": {
            "prob": 1.0,
            "state": "",
            "who": [
              "user:Ashish"
            ]
          },
          "recName": "Deoxynucleotidyltransferase terminal-interacting protein 2",
          "source": {
            "id": "Q5QJE6",
            "name": "protein",
            "url": "http://www.uniprot.org/uniprot/Q5QJE6"
          }
        }
      },
      "offsets": [
        {
          "start": 921,
          "text": "ERBP"
        }
      ],
      "part": "s2p1"
    },
    {
      "classId": "e_2",
      "confidence": {
        "prob": 1.0,
        "state": "",
        "who": [
          "ml:GNormPlus"
        ]
      },
      "fields": {},
      "normalizations": {
        "n_6": {
          "confidence": {
            "prob": 1.0,
            "state": "",
            "who": [
              "ml:GNormPlus"
            ]
          },
          "recName": "ESR1",
          "source": {
            "id": "2099",
            "name": "gene",
            "url": "http://www.ncbi.nlm.nih.gov/gene/2099"
          }
        },
        "n_7": {
          "confidence": {
            "prob": 1.0,
            "state": "",
            "who": [
              "user:Ashish"
            ]
          },
          "recName": "Estrogen receptor",
          "source": {
            "id": "Q92731",
            "name": "protein",
            "url": "http://www.uniprot.org/uniprot/Q92731"
          }
        }
      },
      "offsets": [
        {
          "start": 967,
          "text": "ERalpha"
        }
      ],
      "part": "s2p1"
    }
  ],
  "metas": {},
  "relations": [
    {
      "classId": "r_4",
      "confidence": {
        "prob": 1,
        "state": "",
        "who": [
          "user:Ashish"
        ]
      },
      "directed": false,
      "entities": [
        "s1h1|0,4",
        "s1h1|14,31"
      ],
      "type": "linked"
    },
    {
      "classId": "r_4",
      "confidence": {
        "prob": 1,
        "state": "",
        "who": [
          "user:Ashish"
        ]
      },
      "directed": false,
      "entities": [
        "s2p1|331,335",
        "s2p1|341,348"
      ],
      "type": "linked"
    },
    {
      "classId": "r_4",
      "confidence": {
        "prob": 1,
        "state": "",
        "who": [
          "user:Ashish"
        ]
      },
      "directed": false,
      "entities": [
        "s2p1|449,453",
        "s2p1|468,477"
      ],
      "type": "linked"
    },
    {
      "classId": "r_4",
      "confidence": {
        "prob": 1,
        "state": "",
        "who": [
          "user:Ashish"
        ]
      },
      "directed": false,
      "entities": [
        "s2p1|797,801",
        "s2p1|807,814"
      ],
      "type": "linked"
    }
  ],
  "sources": [
    {
      "id": "15047147",
      "name": "MEDLINE",
      "url": "http://ncbi.nlm.nih.gov/pubmed/15047147"
    },
    {
      "id": "15047147",
      "name": "PMID",
      "url": "http://www.ncbi.nlm.nih.gov/pubmed/15047147"
    }
  ]
}
