{
  "anncomplete": true,
  "annotatable": {
    "parts": [
      "s1h1",
      "s2h1",
      "s2p1"
    ]
  },
  "entities": [
    {
      "classId": "e_2",
      "confidence": {
        "prob": 1.0,
        "state": "",
        "who": [
          "ml:GNormPlus"
        ]
      },
      "fields": {},
      "normalizations": {
        "n_6": {
          "confidence": {
            "prob": 1.0,
            "state": "",
            "who": [
              "ml:GNormPlus"
            ]
          },
          "recName": "CREBBP",
          "source": {
            "id": "1387",
            "name": "gene",
            "url": "http://www.ncbi.nlm.nih.gov/gene/1387"
          }
        },
        "n_7": {
          "confidence": {
            "prob": 1.0,
            "state": "",
            "who": [
              "user:Ashish"
            ]
          },
          "recName": "CREB-binding protein",
          "source": {
            "id": "Q92793",
            "name": "protein",
            "url": "http://www.uniprot.org/uniprot/Q92793"
          }
        }
      },
      "offsets": [
        {
          "start": 81,
          "text": "CBP/p300"
        }
      ],
      "part": "s1h1"
    },
    {
      "classId": "e_2",
      "confidence": {
        "prob": 1.0,
        "state": "",
        "who": [
          "ml:GNormPlus"
        ]
      },
      "fields": {},
      "normalizations": {
        "n_6": {
          "confidence": {
            "prob": 1.0,
            "state": "",
            "who": [
              "ml:GNormPlus"
            ]
          },
          "recName": "HDAC1",
          "source": {
            "id": "3065",
            "name": "gene",
            "url": "http://www.ncbi.nlm.nih.gov/gene/3065"
          }
        },
        "n_7": {
          "confidence": {
            "prob": 1.0,
            "state": "",
            "who": [
              "user:Ashish"
            ]
          },
          "recName": "Histone deacetylase 1",
          "source": {
            "id": "Q9UKV0",
            "name": "protein",
            "url": "http://www.uniprot.org/uniprot/Q9UKV0"
          }
        }
      },
      "offsets": [
        {
          "start": 93,
          "text": "HDAC-1"
        }
      ],
      "part": "s1h1"
    },
    {
      "classId": "e_2",
      "confidence": {
        "prob": 1.0,
        "state": "",
        "who": [
          "ml:GNormPlus"
        ]
      },
      "fields": {},
      "normalizations": {
        "n_6": {
          "confidence": {
            "prob": 1.0,
            "state": "",
            "who": [
              "ml:GNormPlus"
            ]
          },
          "recName": "NFKB1",
          "source": {
            "id": "4790",
            "name": "gene",
            "url": "http://www.ncbi.nlm.nih.gov/gene/4790"
          }
        },
        "n_7": {
          "confidence": {
            "prob": 1.0,
            "state": "",
            "who": [
              "user:Ashish"
            ]
          },
          "recName": "Nuclear factor NF-kappa-B p105 subunit",
          "source": {
            "id": "P19838",
            "name": "protein",
            "url": "http://www.uniprot.org/uniprot/P19838"
          }
        }
      },
      "offsets": [
        {
          "start": 18,
          "text": "NF-kappa B p50"
        }
      ],
      "part": "s2p1"
    },
    {
      "classId": "e_2",
      "confidence": {
        "prob": 1.0,
        "state": "",
        "who": [
          "ml:GNormPlus"
        ]
      },
      "fields": {},
      "normalizations": {
        "n_6": {
          "confidence": {
            "prob": 1.0,
            "state": "",
            "who": [
              "ml:GNormPlus"
            ]
          },
          "recName": "RELA",
          "source": {
            "id": "5970",
            "name": "gene",
            "url": "http://www.ncbi.nlm.nih.gov/gene/5970"
          }
        },
        "n_7": {
          "confidence": {
            "prob": 1.0,
            "state": "",
            "who": [
              "user:Ashish"
            ]
          },
          "recName": "Transcription factor p65",
          "source": {
            "id": "Q04206",
            "name": "protein",
            "url": "http://www.uniprot.org/uniprot/Q04206"
          }
        }
      },
      "offsets": [
        {
          "start": 341,
          "text": "p65"
        }
      ],
      "part": "s2p1"
    },
    {
      "classId": "e_2",
      "confidence": {
        "prob": 1.0,
        "state": "",
        "who": [
          "ml:GNormPlus"
        ]
      },
      "fields": {},
      "normalizations": {
        "n_6": {
          "confidence": {
            "prob": 1.0,
            "state": "",
            "who": [
              "ml:GNormPlus"
            ]
          },
          "recName": "NFKB1",
          "source": {
            "id": "4790",
            "name": "gene",
            "url": "http://www.ncbi.nlm.nih.gov/gene/4790"
          }
        },
        "n_7": {
          "confidence": {
            "prob": 1.0,
            "state": "",
            "who": [
              "user:Ashish"
            ]
          },
          "recName": "Nuclear factor NF-kappa-B p105 subunit",
          "source": {
            "id": "Q04206",
            "name": "protein",
            "url": "http://www.uniprot.org/uniprot/Q04206"
          }
        }
      },
      "offsets": [
        {
          "start": 348,
          "text": "p50"
        }
      ],
      "part": "s2p1"
    },
    {
      "classId": "e_2",
      "confidence": {
        "prob": 1.0,
        "state": "",
        "who": [
          "ml:GNormPlus"
        ]
      },
      "fields": {},
      "normalizations": {
        "n_6": {
          "confidence": {
            "prob": 1.0,
            "state": "",
            "who": [
              "ml:GNormPlus"
            ]
          },
          "recName": "HDAC1",
          "source": {
            "id": "3065",
            "name": "gene",
            "url": "http://www.ncbi.nlm.nih.gov/gene/3065"
          }
        },
        "n_7": {
          "confidence": {
            "prob": 1.0,
            "state": "",
            "who": [
              "user:Ashish"
            ]
          },
          "recName": "Histone deacetylase 1",
          "source": {
            "id": "Q04206",
            "name": "protein",
            "url": "http://www.uniprot.org/uniprot/Q04206"
          }
        }
      },
      "offsets": [
        {
          "start": 391,
          "text": "HDAC-1"
        }
      ],
      "part": "s2p1"
    },
    {
      "classId": "e_2",
      "confidence": {
        "prob": 1.0,
        "state": "",
        "who": [
          "ml:GNormPlus"
        ]
      },
      "fields": {},
      "normalizations": {
        "n_6": {
          "confidence": {
            "prob": 1.0,
            "state": "",
            "who": [
              "ml:GNormPlus"
            ]
          },
          "recName": "NFKB1",
          "source": {
            "id": "4790",
            "name": "gene",
            "url": "http://www.ncbi.nlm.nih.gov/gene/4790"
          }
        },
        "n_7": {
          "confidence": {
            "prob": 1.0,
            "state": "",
            "who": [
              "user:Ashish"
            ]
          },
          "recName": "Nuclear factor NF-kappa-B p105 subunit",
          "source": {
            "id": "Q04206",
            "name": "protein",
            "url": "http://www.uniprot.org/uniprot/Q04206"
          }
        }
      },
      "offsets": [
        {
          "start": 408,
          "text": "p50"
        }
      ],
      "part": "s2p1"
    },
    {
      "classId": "e_2",
      "confidence": {
        "prob": 1.0,
        "state": "",
        "who": [
          "ml:GNormPlus"
        ]
      },
      "fields": {},
      "normalizations": {
        "n_6": {
          "confidence": {
            "prob": 1.0,
            "state": "",
            "who": [
              "ml:GNormPlus"
            ]
          },
          "recName": "HDAC1",
          "source": {
            "id": "3065",
            "name": "gene",
            "url": "http://www.ncbi.nlm.nih.gov/gene/3065"
          }
        },
        "n_7": {
          "confidence": {
            "prob": 1.0,
            "state": "",
            "who": [
              "user:Ashish"
            ]
          },
          "recName": "Histone deacetylase 1",
          "source": {
            "id": "Q04206",
            "name": "protein",
            "url": "http://www.uniprot.org/uniprot/Q04206"
          }
        }
      },
      "offsets": [
        {
          "start": 412,
          "text": "HDAC-1"
        }
      ],
      "part": "s2p1"
    },
    {
      "classId": "e_2",
      "confidence": {
        "prob": 1.0,
        "state": "",
        "who": [
          "ml:GNormPlus"
        ]
      },
      "fields": {},
      "normalizations": {
        "n_6": {
          "confidence": {
            "prob": 1.0,
            "state": "",
            "who": [
              "ml:GNormPlus"
            ]
          },
          "recName": "RELA",
          "source": {
            "id": "5970",
            "name": "gene",
            "url": "http://www.ncbi.nlm.nih.gov/gene/5970"
          }
        },
        "n_7": {
          "confidence": {
            "prob": 1.0,
            "state": "",
            "who": [
              "user:Ashish"
            ]
          },
          "recName": "Transcription factor p65",
          "source": {
            "id": "Q04206",
            "name": "protein",
            "url": "http://www.uniprot.org/uniprot/Q04206"
          }
        }
      },
      "offsets": [
        {
          "start": 616,
          "text": "p65"
        }
      ],
      "part": "s2p1"
    },
    {
      "classId": "e_1",
      "confidence": {
        "prob": 1.0,
        "state": "",
        "who": [
          "ml:GNormPlus"
        ]
      },
      "fields": {},
      "normalizations": {
        "n_6": {
          "confidence": {
            "prob": 1.0,
            "state": "",
            "who": [
              "ml:GNormPlus"
            ]
          },
          "recName": "CREBBP",
          "source": {
            "id": "1387",
            "name": "gene",
            "url": "http://www.ncbi.nlm.nih.gov/gene/1387"
          }
        },
        "n_7": {
          "confidence": {
            "prob": 1.0,
            "state": "",
            "who": [
              "user:Ashish"
            ]
          },
          "recName": "CREB-binding protein",
          "source": {
            "id": "Q04206",
            "name": "protein",
            "url": "http://www.uniprot.org/uniprot/Q04206"
          }
        }
      },
      "offsets": [
        {
          "start": 641,
          "text": "CBP"
        }
      ],
      "part": "s2p1"
    },
    {
      "classId": "e_2",
      "confidence": {
        "prob": 1.0,
        "state": "",
        "who": [
          "ml:GNormPlus"
        ]
      },
      "fields": {},
      "normalizations": {
        "n_6": {
          "confidence": {
            "prob": 1.0,
            "state": "",
            "who": [
              "ml:GNormPlus"
            ]
          },
          "recName": "NFKB1",
          "source": {
            "id": "4790",
            "name": "gene",
            "url": "http://www.ncbi.nlm.nih.gov/gene/4790"
          }
        },
        "n_7": {
          "confidence": {
            "prob": 1.0,
            "state": "",
            "who": [
              "user:Ashish"
            ]
          },
          "recName": "Nuclear factor NF-kappa-B p105 subunit",
          "source": {
            "id": "Q04206",
            "name": "protein",
            "url": "http://www.uniprot.org/uniprot/Q04206"
          }
        }
      },
      "offsets": [
        {
          "start": 663,
          "text": "p50"
        }
      ],
      "part": "s2p1"
    },
    {
      "classId": "e_2",
      "confidence": {
        "prob": 1.0,
        "state": "",
        "who": [
          "ml:GNormPlus"
        ]
      },
      "fields": {},
      "normalizations": {
        "n_6": {
          "confidence": {
            "prob": 1.0,
            "state": "",
            "who": [
              "ml:GNormPlus"
            ]
          },
          "recName": "HDAC1",
          "source": {
            "id": "3065",
            "name": "gene",
            "url": "http://www.ncbi.nlm.nih.gov/gene/3065"
          }
        },
        "n_7": {
          "confidence": {
            "prob": 1.0,
            "state": "",
            "who": [
              "user:Ashish"
            ]
          },
          "recName": "Histone deacetylase 1",
          "source": {
            "id": "Q04206",
            "name": "protein",
            "url": "http://www.uniprot.org/uniprot/Q04206"
          }
        }
      },
      "offsets": [
        {
          "start": 667,
          "text": "HDAC-1"
        }
      ],
      "part": "s2p1"
    },
    {
      "classId": "e_2",
      "confidence": {
        "prob": 1.0,
        "state": "",
        "who": [
          "ml:GNormPlus"
        ]
      },
      "fields": {},
      "normalizations": {
        "n_6": {
          "confidence": {
            "prob": 1.0,
            "state": "",
            "who": [
              "ml:GNormPlus"
            ]
          },
          "recName": "RELA",
          "source": {
            "id": "5970",
            "name": "gene",
            "url": "http://www.ncbi.nlm.nih.gov/gene/5970"
          }
        },
        "n_7": {
          "confidence": {
            "prob": 1.0,
            "state": "",
            "who": [
              "user:Ashish"
            ]
          },
          "recName": "Transcription factor p65",
          "source": {
            "id": "Q04206",
            "name": "protein",
            "url": "http://www.uniprot.org/uniprot/Q04206"
          }
        }
      },
      "offsets": [
        {
          "start": 733,
          "text": "p65"
        }
      ],
      "part": "s2p1"
    },
    {
      "classId": "e_1",
      "confidence": {
        "prob": 1.0,
        "state": "",
        "who": [
          "ml:GNormPlus"
        ]
      },
      "fields": {},
      "normalizations": {
        "n_6": {
          "confidence": {
            "prob": 1.0,
            "state": "",
            "who": [
              "ml:GNormPlus"
            ]
          },
          "recName": "CREBBP",
          "source": {
            "id": "1387",
            "name": "gene",
            "url": "http://www.ncbi.nlm.nih.gov/gene/1387"
          }
        },
        "n_7": {
          "confidence": {
            "prob": 1.0,
            "state": "",
            "who": [
              "user:Ashish"
            ]
          },
          "recName": "CREB-binding protein",
          "source": {
            "id": "Q04206",
            "name": "protein",
            "url": "http://www.uniprot.org/uniprot/Q04206"
          }
        }
      },
      "offsets": [
        {
          "start": 782,
          "text": "CBP"
        }
      ],
      "part": "s2p1"
    },
    {
      "classId": "e_2",
      "confidence": {
        "prob": 1.0,
        "state": "",
        "who": [
          "ml:GNormPlus"
        ]
      },
      "fields": {},
      "normalizations": {
        "n_6": {
          "confidence": {
            "prob": 1.0,
            "state": "",
            "who": [
              "ml:GNormPlus"
            ]
          },
          "recName": "HDAC1",
          "source": {
            "id": "3065",
            "name": "gene",
            "url": "http://www.ncbi.nlm.nih.gov/gene/3065"
          }
        },
        "n_7": {
          "confidence": {
            "prob": 1.0,
            "state": "",
            "who": [
              "user:Ashish"
            ]
          },
          "recName": "Histone deacetylase 1",
          "source": {
            "id": "Q04206",
            "name": "protein",
            "url": "http://www.uniprot.org/uniprot/Q04206"
          }
        }
      },
      "offsets": [
        {
          "start": 789,
          "text": "HDAC-1"
        }
      ],
      "part": "s2p1"
    },
    {
      "classId": "e_2",
      "confidence": {
        "prob": 1.0,
        "state": "",
        "who": [
          "ml:GNormPlus"
        ]
      },
      "fields": {},
      "normalizations": {
        "n_6": {
          "confidence": {
            "prob": 1.0,
            "state": "",
            "who": [
              "ml:GNormPlus"
            ]
          },
          "recName": "RELA",
          "source": {
            "id": "5970",
            "name": "gene",
            "url": "http://www.ncbi.nlm.nih.gov/gene/5970"
          }
        },
        "n_7": {
          "confidence": {
            "prob": 1.0,
            "state": "",
            "who": [
              "user:Ashish"
            ]
          },
          "recName": "Transcription factor p65",
          "source": {
            "id": "Q04206",
            "name": "protein",
            "url": "http://www.uniprot.org/uniprot/Q04206"
          }
        }
      },
      "offsets": [
        {
          "start": 816,
          "text": "p65"
        }
      ],
      "part": "s2p1"
    }
  ],
  "metas": {},
  "relations": [
    {
      "classId": "r_4",
      "confidence": {
        "prob": 1,
        "state": "",
        "who": [
          "user:Ashish"
        ]
      },
      "directed": false,
      "entities": [
        "s2p1|616,619",
        "s2p1|641,644"
      ],
      "type": "linked"
    }
  ],
  "sources": [
    {
      "id": "11931769",
      "name": "MEDLINE",
      "url": "http://ncbi.nlm.nih.gov/pubmed/11931769"
    },
    {
      "id": "11931769",
      "name": "PMID",
      "url": "http://www.ncbi.nlm.nih.gov/pubmed/11931769"
    }
  ]
}