{
  "anncomplete": true,
  "annotatable": {
    "parts": [
      "s1h1",
      "s2h1",
      "s2p1"
    ]
  },
  "entities": [
    {
      "classId": "e_1",
      "confidence": {
        "prob": 1.0,
        "state": "",
        "who": [
          "ml:GNormPlus"
        ]
      },
      "fields": {},
      "normalizations": {
        "n_6": {
          "confidence": {
            "prob": 1.0,
            "state": "",
            "who": [
              "ml:GNormPlus"
            ]
          },
          "recName": "KMT2D",
          "source": {
            "id": "8085",
            "name": "gene",
            "url": "http://www.ncbi.nlm.nih.gov/gene/8085"
          }
        },
        "n_7": {
          "confidence": {
            "prob": 1.0,
            "state": "",
            "who": [
              "user:Ashish"
            ]
          },
          "recName": "Histone-lysine N-methyltransferase 2D",
          "source": {
            "id": "O14686",
            "name": "protein",
            "url": "http://www.uniprot.org/uniprot/O14686"
          }
        }
      },
      "offsets": [
        {
          "start": 22,
          "text": "MLL2"
        }
      ],
      "part": "s1h1"
    },
    {
      "classId": "e_2",
      "confidence": {
        "prob": 1.0,
        "state": "",
        "who": [
          "ml:GNormPlus"
        ]
      },
      "fields": {},
      "normalizations": {
        "n_6": {
          "confidence": {
            "prob": 1.0,
            "state": "",
            "who": [
              "ml:GNormPlus"
            ]
          },
          "recName": "ESR1",
          "source": {
            "id": "2099",
            "name": "gene",
            "url": "http://www.ncbi.nlm.nih.gov/gene/2099"
          }
        },
        "n_7": {
          "confidence": {
            "prob": 1.0,
            "state": "",
            "who": [
              "user:Ashish"
            ]
          },
          "recName": "Estrogen receptor",
          "source": {
            "id": "P03372",
            "name": "protein",
            "url": "http://www.uniprot.org/uniprot/P03372"
          }
        }
      },
      "offsets": [
        {
          "start": 56,
          "text": "estrogen receptor alpha"
        }
      ],
      "part": "s1h1"
    },
    {
      "classId": "e_1",
      "confidence": {
        "prob": 1.0,
        "state": "",
        "who": [
          "ml:GNormPlus"
        ]
      },
      "fields": {},
      "normalizations": {
        "n_6": {
          "confidence": {
            "prob": 1.0,
            "state": "",
            "who": [
              "ml:GNormPlus"
            ]
          },
          "recName": "KMT2D",
          "source": {
            "id": "8085",
            "name": "gene",
            "url": "http://www.ncbi.nlm.nih.gov/gene/8085"
          }
        },
        "n_7": {
          "confidence": {
            "prob": 1.0,
            "state": "",
            "who": [
              "user:Ashish"
            ]
          },
          "recName": "Histone-lysine N-methyltransferase 2D",
          "source": {
            "id": "P03372",
            "name": "protein",
            "url": "http://www.uniprot.org/uniprot/P03372"
          }
        }
      },
      "offsets": [
        {
          "start": 61,
          "text": "MLL2"
        }
      ],
      "part": "s2p1"
    },
    {
      "classId": "e_1",
      "confidence": {
        "prob": 1.0,
        "state": "",
        "who": [
          "ml:GNormPlus"
        ]
      },
      "fields": {},
      "normalizations": {
        "n_6": {
          "confidence": {
            "prob": 1.0,
            "state": "",
            "who": [
              "ml:GNormPlus"
            ]
          },
          "recName": "KMT2D",
          "source": {
            "id": "8085",
            "name": "gene",
            "url": "http://www.ncbi.nlm.nih.gov/gene/8085"
          }
        },
        "n_7": {
          "confidence": {
            "prob": 1.0,
            "state": "",
            "who": [
              "user:Ashish"
            ]
          },
          "recName": "Histone-lysine N-methyltransferase 2D",
          "source": {
            "id": "P03372",
            "name": "protein",
            "url": "http://www.uniprot.org/uniprot/P03372"
          }
        }
      },
      "offsets": [
        {
          "start": 93,
          "text": "MLL2"
        }
      ],
      "part": "s2p1"
    },
    {
      "classId": "e_2",
      "confidence": {
        "prob": 1.0,
        "state": "",
        "who": [
          "ml:GNormPlus"
        ]
      },
      "fields": {},
      "normalizations": {
        "n_6": {
          "confidence": {
            "prob": 1.0,
            "state": "",
            "who": [
              "ml:GNormPlus"
            ]
          },
          "recName": "ASCL2",
          "source": {
            "id": "430",
            "name": "gene",
            "url": "http://www.ncbi.nlm.nih.gov/gene/430"
          }
        },
        "n_7": {
          "confidence": {
            "prob": 1.0,
            "state": "",
            "who": [
              "user:Ashish"
            ]
          },
          "recName": "Achaete-scute homolog 2",
          "source": {
            "id": "Q99929",
            "name": "protein",
            "url": "http://www.uniprot.org/uniprot/Q99929"
          }
        }
      },
      "offsets": [
        {
          "start": 99,
          "text": "ASH2"
        }
      ],
      "part": "s2p1"
    },
    {
      "classId": "e_1",
      "confidence": {
        "prob": 1.0,
        "state": "",
        "who": [
          "ml:GNormPlus"
        ]
      },
      "fields": {},
      "normalizations": {
        "n_6": {
          "confidence": {
            "prob": 1.0,
            "state": "",
            "who": [
              "ml:GNormPlus"
            ]
          },
          "recName": "RBBP5",
          "source": {
            "id": "5929",
            "name": "gene",
            "url": "http://www.ncbi.nlm.nih.gov/gene/5929"
          }
        },
        "n_7": {
          "confidence": {
            "prob": 1.0,
            "state": "",
            "who": [
              "user:Ashish"
            ]
          },
          "recName": "Retinoblastoma-binding protein 5",
          "source": {
            "id": "Q15291",
            "name": "protein",
            "url": "http://www.uniprot.org/uniprot/Q15291"
          }
        }
      },
      "offsets": [
        {
          "start": 105,
          "text": "RBQ3"
        }
      ],
      "part": "s2p1"
    },
    {
      "classId": "e_1",
      "confidence": {
        "prob": 1.0,
        "state": "",
        "who": [
          "ml:GNormPlus"
        ]
      },
      "fields": {},
      "normalizations": {
        "n_6": {
          "confidence": {
            "prob": 1.0,
            "state": "",
            "who": [
              "ml:GNormPlus"
            ]
          },
          "recName": "WDR5",
          "source": {
            "id": "11091",
            "name": "gene",
            "url": "http://www.ncbi.nlm.nih.gov/gene/11091"
          }
        },
        "n_7": {
          "confidence": {
            "prob": 1.0,
            "state": "",
            "who": [
              "user:Ashish"
            ]
          },
          "recName": "WD repeat-containing protein 5",
          "source": {
            "id": "P61964",
            "name": "protein",
            "url": "http://www.uniprot.org/uniprot/P61964"
          }
        }
      },
      "offsets": [
        {
          "start": 115,
          "text": "WDR5"
        }
      ],
      "part": "s2p1"
    },
    {
      "classId": "e_2",
      "confidence": {
        "prob": 1.0,
        "state": "",
        "who": [
          "ml:GNormPlus"
        ]
      },
      "fields": {},
      "normalizations": {
        "n_6": {
          "confidence": {
            "prob": 1.0,
            "state": "",
            "who": [
              "ml:GNormPlus"
            ]
          },
          "recName": "ESR1",
          "source": {
            "id": "2099",
            "name": "gene",
            "url": "http://www.ncbi.nlm.nih.gov/gene/2099"
          }
        },
        "n_7": {
          "confidence": {
            "prob": 1.0,
            "state": "",
            "who": [
              "user:Ashish"
            ]
          },
          "recName": "Estrogen receptor",
          "source": {
            "id": "P61964",
            "name": "protein",
            "url": "http://www.uniprot.org/uniprot/P61964"
          }
        }
      },
      "offsets": [
        {
          "start": 137,
          "text": "ERalpha"
        }
      ],
      "part": "s2p1"
    },
    {
      "classId": "e_1",
      "confidence": {
        "prob": 1.0,
        "state": "",
        "who": [
          "ml:GNormPlus"
        ]
      },
      "fields": {},
      "normalizations": {
        "n_6": {
          "confidence": {
            "prob": 1.0,
            "state": "",
            "who": [
              "ml:GNormPlus"
            ]
          },
          "recName": "KMT2D",
          "source": {
            "id": "8085",
            "name": "gene",
            "url": "http://www.ncbi.nlm.nih.gov/gene/8085"
          }
        },
        "n_7": {
          "confidence": {
            "prob": 1.0,
            "state": "",
            "who": [
              "user:Ashish"
            ]
          },
          "recName": "Histone-lysine N-methyltransferase 2D",
          "source": {
            "id": "P61964",
            "name": "protein",
            "url": "http://www.uniprot.org/uniprot/P61964"
          }
        }
      },
      "offsets": [
        {
          "start": 167,
          "text": "MLL2"
        }
      ],
      "part": "s2p1"
    },
    {
      "classId": "e_1",
      "confidence": {
        "prob": 1.0,
        "state": "",
        "who": [
          "ml:GNormPlus"
        ]
      },
      "fields": {},
      "normalizations": {
        "n_6": {
          "confidence": {
            "prob": 1.0,
            "state": "",
            "who": [
              "ml:GNormPlus"
            ]
          },
          "recName": "KMT2D",
          "source": {
            "id": "8085",
            "name": "gene",
            "url": "http://www.ncbi.nlm.nih.gov/gene/8085"
          }
        },
        "n_7": {
          "confidence": {
            "prob": 1.0,
            "state": "",
            "who": [
              "user:Ashish"
            ]
          },
          "recName": "Histone-lysine N-methyltransferase 2D",
          "source": {
            "id": "P61964",
            "name": "protein",
            "url": "http://www.uniprot.org/uniprot/P61964"
          }
        }
      },
      "offsets": [
        {
          "start": 220,
          "text": "MLL2"
        }
      ],
      "part": "s2p1"
    },
    {
      "classId": "e_2",
      "confidence": {
        "prob": 1.0,
        "state": "",
        "who": [
          "ml:GNormPlus"
        ]
      },
      "fields": {},
      "normalizations": {
        "n_6": {
          "confidence": {
            "prob": 1.0,
            "state": "",
            "who": [
              "ml:GNormPlus"
            ]
          },
          "recName": "ESR1",
          "source": {
            "id": "2099",
            "name": "gene",
            "url": "http://www.ncbi.nlm.nih.gov/gene/2099"
          }
        },
        "n_7": {
          "confidence": {
            "prob": 1.0,
            "state": "",
            "who": [
              "user:Ashish"
            ]
          },
          "recName": "Estrogen receptor",
          "source": {
            "id": "P61964",
            "name": "protein",
            "url": "http://www.uniprot.org/uniprot/P61964"
          }
        }
      },
      "offsets": [
        {
          "start": 310,
          "text": "ERalpha"
        }
      ],
      "part": "s2p1"
    },
    {
      "classId": "e_1",
      "confidence": {
        "prob": 1.0,
        "state": "",
        "who": [
          "ml:GNormPlus"
        ]
      },
      "fields": {},
      "normalizations": {
        "n_6": {
          "confidence": {
            "prob": 1.0,
            "state": "",
            "who": [
              "ml:GNormPlus"
            ]
          },
          "recName": "KMT2D",
          "source": {
            "id": "8085",
            "name": "gene",
            "url": "http://www.ncbi.nlm.nih.gov/gene/8085"
          }
        },
        "n_7": {
          "confidence": {
            "prob": 1.0,
            "state": "",
            "who": [
              "user:Ashish"
            ]
          },
          "recName": "Histone-lysine N-methyltransferase 2D",
          "source": {
            "id": "P61964",
            "name": "protein",
            "url": "http://www.uniprot.org/uniprot/P61964"
          }
        }
      },
      "offsets": [
        {
          "start": 326,
          "text": "MLL2"
        }
      ],
      "part": "s2p1"
    },
    {
      "classId": "e_1",
      "confidence": {
        "prob": 1.0,
        "state": "",
        "who": [
          "ml:GNormPlus"
        ]
      },
      "fields": {},
      "normalizations": {
        "n_6": {
          "confidence": {
            "prob": 1.0,
            "state": "",
            "who": [
              "ml:GNormPlus"
            ]
          },
          "recName": "KMT2D",
          "source": {
            "id": "8085",
            "name": "gene",
            "url": "http://www.ncbi.nlm.nih.gov/gene/8085"
          }
        },
        "n_7": {
          "confidence": {
            "prob": 1.0,
            "state": "",
            "who": [
              "user:Ashish"
            ]
          },
          "recName": "Histone-lysine N-methyltransferase 2D",
          "source": {
            "id": "P61964",
            "name": "protein",
            "url": "http://www.uniprot.org/uniprot/P61964"
          }
        }
      },
      "offsets": [
        {
          "start": 384,
          "text": "MLL2"
        }
      ],
      "part": "s2p1"
    },
    {
      "classId": "e_1",
      "confidence": {
        "prob": 1.0,
        "state": "",
        "who": [
          "ml:GNormPlus"
        ]
      },
      "fields": {},
      "normalizations": {
        "n_6": {
          "confidence": {
            "prob": 1.0,
            "state": "",
            "who": [
              "ml:GNormPlus"
            ]
          },
          "recName": "KMT2D",
          "source": {
            "id": "8085",
            "name": "gene",
            "url": "http://www.ncbi.nlm.nih.gov/gene/8085"
          }
        },
        "n_7": {
          "confidence": {
            "prob": 1.0,
            "state": "",
            "who": [
              "user:Ashish"
            ]
          },
          "recName": "Histone-lysine N-methyltransferase 2D",
          "source": {
            "id": "P61964",
            "name": "protein",
            "url": "http://www.uniprot.org/uniprot/P61964"
          }
        }
      },
      "offsets": [
        {
          "start": 395,
          "text": "MLL2"
        }
      ],
      "part": "s2p1"
    },
    {
      "classId": "e_2",
      "confidence": {
        "prob": 1.0,
        "state": "",
        "who": [
          "ml:GNormPlus"
        ]
      },
      "fields": {},
      "normalizations": {
        "n_6": {
          "confidence": {
            "prob": 1.0,
            "state": "",
            "who": [
              "ml:GNormPlus"
            ]
          },
          "recName": "ESR1",
          "source": {
            "id": "2099",
            "name": "gene",
            "url": "http://www.ncbi.nlm.nih.gov/gene/2099"
          }
        },
        "n_7": {
          "confidence": {
            "prob": 1.0,
            "state": "",
            "who": [
              "user:Ashish"
            ]
          },
          "recName": "Estrogen receptor",
          "source": {
            "id": "P61964",
            "name": "protein",
            "url": "http://www.uniprot.org/uniprot/P61964"
          }
        }
      },
      "offsets": [
        {
          "start": 450,
          "text": "ERalpha"
        }
      ],
      "part": "s2p1"
    },
    {
      "classId": "e_2",
      "confidence": {
        "prob": 1.0,
        "state": "",
        "who": [
          "ml:GNormPlus"
        ]
      },
      "fields": {},
      "normalizations": {
        "n_6": {
          "confidence": {
            "prob": 1.0,
            "state": "",
            "who": [
              "ml:GNormPlus"
            ]
          },
          "recName": "ESR1",
          "source": {
            "id": "2099",
            "name": "gene",
            "url": "http://www.ncbi.nlm.nih.gov/gene/2099"
          }
        },
        "n_7": {
          "confidence": {
            "prob": 1.0,
            "state": "",
            "who": [
              "user:Ashish"
            ]
          },
          "recName": "Estrogen receptor",
          "source": {
            "id": "P61964",
            "name": "protein",
            "url": "http://www.uniprot.org/uniprot/P61964"
          }
        }
      },
      "offsets": [
        {
          "start": 486,
          "text": "ERalpha"
        }
      ],
      "part": "s2p1"
    },
    {
      "classId": "e_1",
      "confidence": {
        "prob": 1.0,
        "state": "",
        "who": [
          "ml:GNormPlus"
        ]
      },
      "fields": {},
      "normalizations": {
        "n_6": {
          "confidence": {
            "prob": 1.0,
            "state": "",
            "who": [
              "ml:GNormPlus"
            ]
          },
          "recName": "KMT2D",
          "source": {
            "id": "8085",
            "name": "gene",
            "url": "http://www.ncbi.nlm.nih.gov/gene/8085"
          }
        },
        "n_7": {
          "confidence": {
            "prob": 1.0,
            "state": "",
            "who": [
              "user:Ashish"
            ]
          },
          "recName": "Histone-lysine N-methyltransferase 2D",
          "source": {
            "id": "P61964",
            "name": "protein",
            "url": "http://www.uniprot.org/uniprot/P61964"
          }
        }
      },
      "offsets": [
        {
          "start": 522,
          "text": "MLL2"
        }
      ],
      "part": "s2p1"
    },
    {
      "classId": "e_2",
      "confidence": {
        "prob": 1.0,
        "state": "",
        "who": [
          "ml:GNormPlus"
        ]
      },
      "fields": {},
      "normalizations": {
        "n_6": {
          "confidence": {
            "prob": 1.0,
            "state": "",
            "who": [
              "ml:GNormPlus"
            ]
          },
          "recName": "ESR1",
          "source": {
            "id": "2099",
            "name": "gene",
            "url": "http://www.ncbi.nlm.nih.gov/gene/2099"
          }
        },
        "n_7": {
          "confidence": {
            "prob": 1.0,
            "state": "",
            "who": [
              "user:Ashish"
            ]
          },
          "recName": "Estrogen receptor",
          "source": {
            "id": "P61964",
            "name": "protein",
            "url": "http://www.uniprot.org/uniprot/P61964"
          }
        }
      },
      "offsets": [
        {
          "start": 565,
          "text": "ERalpha"
        }
      ],
      "part": "s2p1"
    },
    {
      "classId": "e_2",
      "confidence": {
        "prob": 1.0,
        "state": "",
        "who": [
          "ml:GNormPlus"
        ]
      },
      "fields": {},
      "normalizations": {
        "n_6": {
          "confidence": {
            "prob": 1.0,
            "state": "",
            "who": [
              "ml:GNormPlus"
            ]
          },
          "recName": "ESR1",
          "source": {
            "id": "2099",
            "name": "gene",
            "url": "http://www.ncbi.nlm.nih.gov/gene/2099"
          }
        },
        "n_7": {
          "confidence": {
            "prob": 1.0,
            "state": "",
            "who": [
              "user:Ashish"
            ]
          },
          "recName": "Estrogen receptor",
          "source": {
            "id": "P61964",
            "name": "protein",
            "url": "http://www.uniprot.org/uniprot/P61964"
          }
        }
      },
      "offsets": [
        {
          "start": 597,
          "text": "ERalpha"
        }
      ],
      "part": "s2p1"
    },
    {
      "classId": "e_1",
      "confidence": {
        "prob": 1.0,
        "state": "",
        "who": [
          "ml:GNormPlus"
        ]
      },
      "fields": {},
      "normalizations": {
        "n_6": {
          "confidence": {
            "prob": 1.0,
            "state": "",
            "who": [
              "ml:GNormPlus"
            ]
          },
          "recName": "KMT2D",
          "source": {
            "id": "8085",
            "name": "gene",
            "url": "http://www.ncbi.nlm.nih.gov/gene/8085"
          }
        },
        "n_7": {
          "confidence": {
            "prob": 1.0,
            "state": "",
            "who": [
              "user:Ashish"
            ]
          },
          "recName": "Histone-lysine N-methyltransferase 2D",
          "source": {
            "id": "P61964",
            "name": "protein",
            "url": "http://www.uniprot.org/uniprot/P61964"
          }
        }
      },
      "offsets": [
        {
          "start": 646,
          "text": "MLL2"
        }
      ],
      "part": "s2p1"
    },
    {
      "classId": "e_2",
      "confidence": {
        "prob": 1.0,
        "state": "",
        "who": [
          "ml:GNormPlus"
        ]
      },
      "fields": {},
      "normalizations": {
        "n_6": {
          "confidence": {
            "prob": 1.0,
            "state": "",
            "who": [
              "ml:GNormPlus"
            ]
          },
          "recName": "ESR1",
          "source": {
            "id": "2099",
            "name": "gene",
            "url": "http://www.ncbi.nlm.nih.gov/gene/2099"
          }
        },
        "n_7": {
          "confidence": {
            "prob": 1.0,
            "state": "",
            "who": [
              "user:Ashish"
            ]
          },
          "recName": "Estrogen receptor",
          "source": {
            "id": "P61964",
            "name": "protein",
            "url": "http://www.uniprot.org/uniprot/P61964"
          }
        }
      },
      "offsets": [
        {
          "start": 707,
          "text": "ERalpha"
        }
      ],
      "part": "s2p1"
    },
    {
      "classId": "e_1",
      "confidence": {
        "prob": 1.0,
        "state": "",
        "who": [
          "ml:GNormPlus"
        ]
      },
      "fields": {},
      "normalizations": {
        "n_6": {
          "confidence": {
            "prob": 1.0,
            "state": "",
            "who": [
              "ml:GNormPlus"
            ]
          },
          "recName": "CTSD",
          "source": {
            "id": "1509",
            "name": "gene",
            "url": "http://www.ncbi.nlm.nih.gov/gene/1509"
          }
        },
        "n_7": {
          "confidence": {
            "prob": 1.0,
            "state": "",
            "who": [
              "user:Ashish"
            ]
          },
          "recName": "Cathepsin D",
          "source": {
            "id": "P07339",
            "name": "protein",
            "url": "http://www.uniprot.org/uniprot/P07339"
          }
        }
      },
      "offsets": [
        {
          "start": 728,
          "text": "cathepsin D"
        }
      ],
      "part": "s2p1"
    },
    {
      "classId": "e_1",
      "confidence": {
        "prob": 1.0,
        "state": "",
        "who": [
          "ml:GNormPlus"
        ]
      },
      "fields": {},
      "normalizations": {
        "n_6": {
          "confidence": {
            "prob": 1.0,
            "state": "",
            "who": [
              "ml:GNormPlus"
            ]
          },
          "recName": "TFF1",
          "source": {
            "id": "7031",
            "name": "gene",
            "url": "http://www.ncbi.nlm.nih.gov/gene/7031"
          }
        },
        "n_7": {
          "confidence": {
            "prob": 1.0,
            "state": "",
            "who": [
              "user:Ashish"
            ]
          },
          "recName": "Trefoil factor 1",
          "source": {
            "id": "P04155",
            "name": "protein",
            "url": "http://www.uniprot.org/uniprot/P04155"
          }
        }
      },
      "offsets": [
        {
          "start": 763,
          "text": "pS2"
        }
      ],
      "part": "s2p1"
    },
    {
      "classId": "e_1",
      "confidence": {
        "prob": 1.0,
        "state": "",
        "who": [
          "ml:GNormPlus"
        ]
      },
      "fields": {},
      "normalizations": {
        "n_6": {
          "confidence": {
            "prob": 1.0,
            "state": "",
            "who": [
              "ml:GNormPlus"
            ]
          },
          "recName": "KMT2D",
          "source": {
            "id": "8085",
            "name": "gene",
            "url": "http://www.ncbi.nlm.nih.gov/gene/8085"
          }
        },
        "n_7": {
          "confidence": {
            "prob": 1.0,
            "state": "",
            "who": [
              "user:Ashish"
            ]
          },
          "recName": "Histone-lysine N-methyltransferase 2D",
          "source": {
            "id": "P04155",
            "name": "protein",
            "url": "http://www.uniprot.org/uniprot/P04155"
          }
        }
      },
      "offsets": [
        {
          "start": 838,
          "text": "MLL2"
        }
      ],
      "part": "s2p1"
    },
    {
      "classId": "e_2",
      "confidence": {
        "prob": 1.0,
        "state": "",
        "who": [
          "ml:GNormPlus"
        ]
      },
      "fields": {},
      "normalizations": {
        "n_6": {
          "confidence": {
            "prob": 1.0,
            "state": "",
            "who": [
              "ml:GNormPlus"
            ]
          },
          "recName": "ESR1",
          "source": {
            "id": "2099",
            "name": "gene",
            "url": "http://www.ncbi.nlm.nih.gov/gene/2099"
          }
        },
        "n_7": {
          "confidence": {
            "prob": 1.0,
            "state": "",
            "who": [
              "user:Ashish"
            ]
          },
          "recName": "Estrogen receptor",
          "source": {
            "id": "P04155",
            "name": "protein",
            "url": "http://www.uniprot.org/uniprot/P04155"
          }
        }
      },
      "offsets": [
        {
          "start": 879,
          "text": "ERalpha"
        }
      ],
      "part": "s2p1"
    },
    {
      "classId": "e_1",
      "confidence": {
        "prob": 1.0,
        "state": "",
        "who": [
          "ml:GNormPlus"
        ]
      },
      "fields": {},
      "normalizations": {
        "n_6": {
          "confidence": {
            "prob": 1.0,
            "state": "",
            "who": [
              "ml:GNormPlus"
            ]
          },
          "recName": "KMT2D",
          "source": {
            "id": "8085",
            "name": "gene",
            "url": "http://www.ncbi.nlm.nih.gov/gene/8085"
          }
        },
        "n_7": {
          "confidence": {
            "prob": 1.0,
            "state": "",
            "who": [
              "user:Ashish"
            ]
          },
          "recName": "Histone-lysine N-methyltransferase 2D",
          "source": {
            "id": "P04155",
            "name": "protein",
            "url": "http://www.uniprot.org/uniprot/P04155"
          }
        }
      },
      "offsets": [
        {
          "start": 964,
          "text": "MLL2"
        }
      ],
      "part": "s2p1"
    },
    {
      "classId": "e_1",
      "confidence": {
        "prob": 1.0,
        "state": "",
        "who": [
          "ml:GNormPlus"
        ]
      },
      "fields": {},
      "normalizations": {
        "n_6": {
          "confidence": {
            "prob": 1.0,
            "state": "",
            "who": [
              "ml:GNormPlus"
            ]
          },
          "recName": "KMT2D",
          "source": {
            "id": "8085",
            "name": "gene",
            "url": "http://www.ncbi.nlm.nih.gov/gene/8085"
          }
        },
        "n_7": {
          "confidence": {
            "prob": 1.0,
            "state": "",
            "who": [
              "user:Ashish"
            ]
          },
          "recName": "Histone-lysine N-methyltransferase 2D",
          "source": {
            "id": "P04155",
            "name": "protein",
            "url": "http://www.uniprot.org/uniprot/P04155"
          }
        }
      },
      "offsets": [
        {
          "start": 1012,
          "text": "MLL2"
        }
      ],
      "part": "s2p1"
    },
    {
      "classId": "e_2",
      "confidence": {
        "prob": 1.0,
        "state": "",
        "who": [
          "ml:GNormPlus"
        ]
      },
      "fields": {},
      "normalizations": {
        "n_6": {
          "confidence": {
            "prob": 1.0,
            "state": "",
            "who": [
              "ml:GNormPlus"
            ]
          },
          "recName": "ESR1",
          "source": {
            "id": "2099",
            "name": "gene",
            "url": "http://www.ncbi.nlm.nih.gov/gene/2099"
          }
        },
        "n_7": {
          "confidence": {
            "prob": 1.0,
            "state": "",
            "who": [
              "user:Ashish"
            ]
          },
          "recName": "Estrogen receptor",
          "source": {
            "id": "P04155",
            "name": "protein",
            "url": "http://www.uniprot.org/uniprot/P04155"
          }
        }
      },
      "offsets": [
        {
          "start": 1042,
          "text": "ERalpha"
        }
      ],
      "part": "s2p1"
    }
  ],
  "metas": {},
  "relations": [
    {
      "classId": "r_4",
      "confidence": {
        "prob": 1,
        "state": "",
        "who": [
          "user:Ashish"
        ]
      },
      "directed": false,
      "entities": [
        "s2p1|167,171",
        "s2p1|137,144"
      ],
      "type": "linked"
    },
    {
      "classId": "r_4",
      "confidence": {
        "prob": 1,
        "state": "",
        "who": [
          "user:Ashish"
        ]
      },
      "directed": false,
      "entities": [
        "s2p1|326,330",
        "s2p1|310,317"
      ],
      "type": "linked"
    },
    {
      "classId": "r_4",
      "confidence": {
        "prob": 1,
        "state": "",
        "who": [
          "user:Ashish"
        ]
      },
      "directed": false,
      "entities": [
        "s2p1|964,968",
        "s2p1|879,886"
      ],
      "type": "linked"
    }
  ],
  "sources": [
    {
      "id": "16603732",
      "name": "MEDLINE",
      "url": "http://ncbi.nlm.nih.gov/pubmed/16603732"
    },
    {
      "id": "16603732",
      "name": "PMID",
      "url": "http://www.ncbi.nlm.nih.gov/pubmed/16603732"
    }
  ]
}