{
  "anncomplete": true,
  "annotatable": {
    "parts": [
      "s1h1",
      "s2h1",
      "s2p1"
    ]
  },
  "entities": [
    {
      "classId": "e_1",
      "confidence": {
        "prob": 1.0,
        "state": "",
        "who": [
          "ml:GNormPlus"
        ]
      },
      "fields": {},
      "normalizations": {
        "n_6": {
          "confidence": {
            "prob": 1.0,
            "state": "",
            "who": [
              "ml:GNormPlus"
            ]
          },
          "recName": "MXD3",
          "source": {
            "id": "83463",
            "name": "gene",
            "url": "http://www.ncbi.nlm.nih.gov/gene/83463"
          }
        },
        "n_7": {
          "confidence": {
            "prob": 1.0,
            "state": "",
            "who": [
              "user:Ashish"
            ]
          },
          "recName": "Max dimerization protein 3",
          "source": {
            "id": "Q9BW11",
            "name": "protein",
            "url": "http://www.uniprot.org/uniprot/Q9BW11"
          }
        }
      },
      "offsets": [
        {
          "start": 10,
          "text": "MAD-3"
        }
      ],
      "part": "s1h1"
    },
    {
      "classId": "e_2",
      "confidence": {
        "prob": 1.0,
        "state": "",
        "who": [
          "ml:GNormPlus"
        ]
      },
      "fields": {},
      "normalizations": {
        "n_6": {
          "confidence": {
            "prob": 1.0,
            "state": "",
            "who": [
              "ml:GNormPlus"
            ]
          },
          "recName": "RELA",
          "source": {
            "id": "5970",
            "name": "gene",
            "url": "http://www.ncbi.nlm.nih.gov/gene/5970"
          }
        },
        "n_7": {
          "confidence": {
            "prob": 1.0,
            "state": "",
            "who": [
              "user:Ashish"
            ]
          },
          "recName": "Transcription factor p65",
          "source": {
            "id": "Q04206",
            "name": "protein",
            "url": "http://www.uniprot.org/uniprot/Q04206"
          }
        }
      },
      "offsets": [
        {
          "start": 57,
          "text": "NF-kappa B p65"
        }
      ],
      "part": "s1h1"
    },
    {
      "classId": "e_2",
      "confidence": {
        "prob": 1.0,
        "state": "",
        "who": [
          "ml:GNormPlus"
        ]
      },
      "fields": {},
      "normalizations": {
        "n_6": {
          "confidence": {
            "prob": 1.0,
            "state": "",
            "who": [
              "ml:GNormPlus"
            ]
          },
          "recName": "RELA",
          "source": {
            "id": "5970",
            "name": "gene",
            "url": "http://www.ncbi.nlm.nih.gov/gene/5970"
          }
        },
        "n_7": {
          "confidence": {
            "prob": 1.0,
            "state": "",
            "who": [
              "user:Ashish"
            ]
          },
          "recName": "Transcription factor p65",
          "source": {
            "id": "Q04206",
            "name": "protein",
            "url": "http://www.uniprot.org/uniprot/Q04206"
          }
        }
      },
      "offsets": [
        {
          "start": 123,
          "text": "NF-kappa B p65"
        }
      ],
      "part": "s1h1"
    },
    {
      "classId": "e_2",
      "confidence": {
        "prob": 1.0,
        "state": "",
        "who": [
          "ml:GNormPlus"
        ]
      },
      "fields": {},
      "normalizations": {
        "n_6": {
          "confidence": {
            "prob": 1.0,
            "state": "",
            "who": [
              "ml:GNormPlus"
            ]
          },
          "recName": "RELA",
          "source": {
            "id": "5970",
            "name": "gene",
            "url": "http://www.ncbi.nlm.nih.gov/gene/5970"
          }
        },
        "n_7": {
          "confidence": {
            "prob": 1.0,
            "state": "",
            "who": [
              "user:Ashish"
            ]
          },
          "recName": "Transcription factor p65",
          "source": {
            "id": "Q04206",
            "name": "protein",
            "url": "http://www.uniprot.org/uniprot/Q04206"
          }
        }
      },
      "offsets": [
        {
          "start": 112,
          "text": "NF-kappa B p65"
        }
      ],
      "part": "s2p1"
    },
    {
      "classId": "e_2",
      "confidence": {
        "prob": 1.0,
        "state": "",
        "who": [
          "ml:GNormPlus"
        ]
      },
      "fields": {},
      "normalizations": {
        "n_6": {
          "confidence": {
            "prob": 1.0,
            "state": "",
            "who": [
              "ml:GNormPlus"
            ]
          },
          "recName": "NFKB1",
          "source": {
            "id": "4790",
            "name": "gene",
            "url": "http://www.ncbi.nlm.nih.gov/gene/4790"
          }
        },
        "n_7": {
          "confidence": {
            "prob": 1.0,
            "state": "",
            "who": [
              "user:Ashish"
            ]
          },
          "recName": "Nuclear factor NF-kappa-B p105 subunit",
          "source": {
            "id": "P19838",
            "name": "protein",
            "url": "http://www.uniprot.org/uniprot/P19838"
          }
        }
      },
      "offsets": [
        {
          "start": 131,
          "text": "NF-kappa B p50"
        }
      ],
      "part": "s2p1"
    },
    {
      "classId": "e_2",
      "confidence": {
        "prob": 1.0,
        "state": "",
        "who": [
          "ml:GNormPlus"
        ]
      },
      "fields": {},
      "normalizations": {
        "n_6": {
          "confidence": {
            "prob": 1.0,
            "state": "",
            "who": [
              "ml:GNormPlus"
            ]
          },
          "recName": "RELA",
          "source": {
            "id": "5970",
            "name": "gene",
            "url": "http://www.ncbi.nlm.nih.gov/gene/5970"
          }
        },
        "n_7": {
          "confidence": {
            "prob": 1.0,
            "state": "",
            "who": [
              "user:Ashish"
            ]
          },
          "recName": "Transcription factor p65",
          "source": {
            "id": "P19838",
            "name": "protein",
            "url": "http://www.uniprot.org/uniprot/P19838"
          }
        }
      },
      "offsets": [
        {
          "start": 243,
          "text": "NF-kappa B p65"
        }
      ],
      "part": "s2p1"
    },
    {
      "classId": "e_2",
      "confidence": {
        "prob": 1.0,
        "state": "",
        "who": [
          "ml:GNormPlus"
        ]
      },
      "fields": {},
      "normalizations": {
        "n_6": {
          "confidence": {
            "prob": 1.0,
            "state": "",
            "who": [
              "ml:GNormPlus"
            ]
          },
          "recName": "NFKB1",
          "source": {
            "id": "4790",
            "name": "gene",
            "url": "http://www.ncbi.nlm.nih.gov/gene/4790"
          }
        },
        "n_7": {
          "confidence": {
            "prob": 1.0,
            "state": "",
            "who": [
              "user:Ashish"
            ]
          },
          "recName": "Nuclear factor NF-kappa-B p105 subunit",
          "source": {
            "id": "P19838",
            "name": "protein",
            "url": "http://www.uniprot.org/uniprot/P19838"
          }
        }
      },
      "offsets": [
        {
          "start": 434,
          "text": "NF-kappa B p50"
        }
      ],
      "part": "s2p1"
    },
    {
      "classId": "e_1",
      "confidence": {
        "prob": 1.0,
        "state": "",
        "who": [
          "ml:GNormPlus"
        ]
      },
      "fields": {},
      "normalizations": {
        "n_6": {
          "confidence": {
            "prob": 1.0,
            "state": "",
            "who": [
              "ml:GNormPlus"
            ]
          },
          "recName": "MXD3",
          "source": {
            "id": "83463",
            "name": "gene",
            "url": "http://www.ncbi.nlm.nih.gov/gene/83463"
          }
        },
        "n_7": {
          "confidence": {
            "prob": 1.0,
            "state": "",
            "who": [
              "user:Ashish"
            ]
          },
          "recName": "Max dimerization protein 3",
          "source": {
            "id": "P19838",
            "name": "protein",
            "url": "http://www.uniprot.org/uniprot/P19838"
          }
        }
      },
      "offsets": [
        {
          "start": 691,
          "text": "MAD-3"
        }
      ],
      "part": "s2p1"
    },
    {
      "classId": "e_2",
      "confidence": {
        "prob": 1.0,
        "state": "",
        "who": [
          "ml:GNormPlus"
        ]
      },
      "fields": {},
      "normalizations": {
        "n_6": {
          "confidence": {
            "prob": 1.0,
            "state": "",
            "who": [
              "ml:GNormPlus"
            ]
          },
          "recName": "RELA",
          "source": {
            "id": "5970",
            "name": "gene",
            "url": "http://www.ncbi.nlm.nih.gov/gene/5970"
          }
        },
        "n_7": {
          "confidence": {
            "prob": 1.0,
            "state": "",
            "who": [
              "user:Ashish"
            ]
          },
          "recName": "Transcription factor p65",
          "source": {
            "id": "P19838",
            "name": "protein",
            "url": "http://www.uniprot.org/uniprot/P19838"
          }
        }
      },
      "offsets": [
        {
          "start": 716,
          "text": "NF-kappa B p65"
        }
      ],
      "part": "s2p1"
    },
    {
      "classId": "e_1",
      "confidence": {
        "prob": 1.0,
        "state": "",
        "who": [
          "ml:GNormPlus"
        ]
      },
      "fields": {},
      "normalizations": {
        "n_6": {
          "confidence": {
            "prob": 1.0,
            "state": "",
            "who": [
              "ml:GNormPlus"
            ]
          },
          "recName": "MXD3",
          "source": {
            "id": "83463",
            "name": "gene",
            "url": "http://www.ncbi.nlm.nih.gov/gene/83463"
          }
        },
        "n_7": {
          "confidence": {
            "prob": 1.0,
            "state": "",
            "who": [
              "user:Ashish"
            ]
          },
          "recName": "Max dimerization protein 3",
          "source": {
            "id": "P19838",
            "name": "protein",
            "url": "http://www.uniprot.org/uniprot/P19838"
          }
        }
      },
      "offsets": [
        {
          "start": 1222,
          "text": "MAD-3"
        }
      ],
      "part": "s2p1"
    },
    {
      "classId": "e_2",
      "confidence": {
        "prob": 1.0,
        "state": "",
        "who": [
          "ml:GNormPlus"
        ]
      },
      "fields": {},
      "normalizations": {
        "n_6": {
          "confidence": {
            "prob": 1.0,
            "state": "",
            "who": [
              "ml:GNormPlus"
            ]
          },
          "recName": "RELA",
          "source": {
            "id": "5970",
            "name": "gene",
            "url": "http://www.ncbi.nlm.nih.gov/gene/5970"
          }
        },
        "n_7": {
          "confidence": {
            "prob": 1.0,
            "state": "",
            "who": [
              "user:Ashish"
            ]
          },
          "recName": "Transcription factor p65",
          "source": {
            "id": "P19838",
            "name": "protein",
            "url": "http://www.uniprot.org/uniprot/P19838"
          }
        }
      },
      "offsets": [
        {
          "start": 1231,
          "text": "NF-kappa B p65"
        }
      ],
      "part": "s2p1"
    },
    {
      "classId": "e_2",
      "confidence": {
        "prob": 1.0,
        "state": "",
        "who": [
          "ml:GNormPlus"
        ]
      },
      "fields": {},
      "normalizations": {
        "n_6": {
          "confidence": {
            "prob": 1.0,
            "state": "",
            "who": [
              "ml:GNormPlus"
            ]
          },
          "recName": "RELA",
          "source": {
            "id": "5970",
            "name": "gene",
            "url": "http://www.ncbi.nlm.nih.gov/gene/5970"
          }
        },
        "n_7": {
          "confidence": {
            "prob": 1.0,
            "state": "",
            "who": [
              "user:Ashish"
            ]
          },
          "recName": "Transcription factor p65",
          "source": {
            "id": "P19838",
            "name": "protein",
            "url": "http://www.uniprot.org/uniprot/P19838"
          }
        }
      },
      "offsets": [
        {
          "start": 1272,
          "text": "NF-kappa B p65"
        }
      ],
      "part": "s2p1"
    },
    {
      "classId": "e_2",
      "confidence": {
        "prob": 1.0,
        "state": "",
        "who": [
          "ml:GNormPlus"
        ]
      },
      "fields": {},
      "normalizations": {
        "n_6": {
          "confidence": {
            "prob": 1.0,
            "state": "",
            "who": [
              "ml:GNormPlus"
            ]
          },
          "recName": "RELA",
          "source": {
            "id": "5970",
            "name": "gene",
            "url": "http://www.ncbi.nlm.nih.gov/gene/5970"
          }
        },
        "n_7": {
          "confidence": {
            "prob": 1.0,
            "state": "",
            "who": [
              "user:Ashish"
            ]
          },
          "recName": "Transcription factor p65",
          "source": {
            "id": "P19838",
            "name": "protein",
            "url": "http://www.uniprot.org/uniprot/P19838"
          }
        }
      },
      "offsets": [
        {
          "start": 1428,
          "text": "NF-kappa B p65"
        }
      ],
      "part": "s2p1"
    },
    {
      "classId": "e_2",
      "confidence": {
        "prob": 1.0,
        "state": "",
        "who": [
          "ml:GNormPlus"
        ]
      },
      "fields": {},
      "normalizations": {
        "n_6": {
          "confidence": {
            "prob": 1.0,
            "state": "",
            "who": [
              "ml:GNormPlus"
            ]
          },
          "recName": "MXD3",
          "source": {
            "id": "83463",
            "name": "gene",
            "url": "http://www.ncbi.nlm.nih.gov/gene/83463"
          }
        },
        "n_7": {
          "confidence": {
            "prob": 1.0,
            "state": "",
            "who": [
              "user:Ashish"
            ]
          },
          "recName": "Max dimerization protein 3",
          "source": {
            "id": "Q14582",
            "name": "protein",
            "url": "http://www.uniprot.org/uniprot/Q14582"
          }
        }
      },
      "offsets": [
        {
          "start": 1484,
          "text": "MAD-3, and 4"
        }
      ],
      "part": "s2p1"
    },
    {
      "classId": "e_2",
      "confidence": {
        "prob": 1.0,
        "state": "",
        "who": [
          "ml:GNormPlus"
        ]
      },
      "fields": {},
      "normalizations": {
        "n_6": {
          "confidence": {
            "prob": 1.0,
            "state": "",
            "who": [
              "ml:GNormPlus"
            ]
          },
          "recName": "RELA",
          "source": {
            "id": "5970",
            "name": "gene",
            "url": "http://www.ncbi.nlm.nih.gov/gene/5970"
          }
        },
        "n_7": {
          "confidence": {
            "prob": 1.0,
            "state": "",
            "who": [
              "user:Ashish"
            ]
          },
          "recName": "Transcription factor p65",
          "source": {
            "id": "Q14582",
            "name": "protein",
            "url": "http://www.uniprot.org/uniprot/Q14582"
          }
        }
      },
      "offsets": [
        {
          "start": 1523,
          "text": "NF-kappa B p65"
        }
      ],
      "part": "s2p1"
    },
    {
      "classId": "e_2",
      "confidence": {
        "prob": 1.0,
        "state": "",
        "who": [
          "ml:GNormPlus"
        ]
      },
      "fields": {},
      "normalizations": {
        "n_6": {
          "confidence": {
            "prob": 1.0,
            "state": "",
            "who": [
              "ml:GNormPlus"
            ]
          },
          "recName": "RELA",
          "source": {
            "id": "5970",
            "name": "gene",
            "url": "http://www.ncbi.nlm.nih.gov/gene/5970"
          }
        },
        "n_7": {
          "confidence": {
            "prob": 1.0,
            "state": "",
            "who": [
              "user:Ashish"
            ]
          },
          "recName": "Transcription factor p65",
          "source": {
            "id": "Q14582",
            "name": "protein",
            "url": "http://www.uniprot.org/uniprot/Q14582"
          }
        }
      },
      "offsets": [
        {
          "start": 1656,
          "text": "NF-kappa B p65"
        }
      ],
      "part": "s2p1"
    },
    {
      "classId": "e_2",
      "confidence": {
        "prob": 1.0,
        "state": "",
        "who": [
          "ml:GNormPlus"
        ]
      },
      "fields": {},
      "normalizations": {
        "n_6": {
          "confidence": {
            "prob": 1.0,
            "state": "",
            "who": [
              "ml:GNormPlus"
            ]
          },
          "recName": "RELA",
          "source": {
            "id": "5970",
            "name": "gene",
            "url": "http://www.ncbi.nlm.nih.gov/gene/5970"
          }
        },
        "n_7": {
          "confidence": {
            "prob": 1.0,
            "state": "",
            "who": [
              "user:Ashish"
            ]
          },
          "recName": "Transcription factor p65",
          "source": {
            "id": "Q14582",
            "name": "protein",
            "url": "http://www.uniprot.org/uniprot/Q14582"
          }
        }
      },
      "offsets": [
        {
          "start": 1793,
          "text": "NF-kappa B p65"
        }
      ],
      "part": "s2p1"
    },
    {
      "classId": "e_1",
      "confidence": {
        "prob": 1.0,
        "state": "",
        "who": [
          "ml:GNormPlus"
        ]
      },
      "fields": {},
      "normalizations": {
        "n_6": {
          "confidence": {
            "prob": 1.0,
            "state": "",
            "who": [
              "ml:GNormPlus"
            ]
          },
          "recName": "MXD3",
          "source": {
            "id": "83463",
            "name": "gene",
            "url": "http://www.ncbi.nlm.nih.gov/gene/83463"
          }
        },
        "n_7": {
          "confidence": {
            "prob": 1.0,
            "state": "",
            "who": [
              "user:Ashish"
            ]
          },
          "recName": "Max dimerization protein 3",
          "source": {
            "id": "Q14582",
            "name": "protein",
            "url": "http://www.uniprot.org/uniprot/Q14582"
          }
        }
      },
      "offsets": [
        {
          "start": 1906,
          "text": "MAD-3"
        }
      ],
      "part": "s2p1"
    },
    {
      "classId": "e_1",
      "confidence": {
        "prob": 1.0,
        "state": "",
        "who": [
          "ml:GNormPlus"
        ]
      },
      "fields": {},
      "normalizations": {
        "n_6": {
          "confidence": {
            "prob": 1.0,
            "state": "",
            "who": [
              "ml:GNormPlus"
            ]
          },
          "recName": "MXD3",
          "source": {
            "id": "83463",
            "name": "gene",
            "url": "http://www.ncbi.nlm.nih.gov/gene/83463"
          }
        },
        "n_7": {
          "confidence": {
            "prob": 1.0,
            "state": "",
            "who": [
              "user:Ashish"
            ]
          },
          "recName": "Max dimerization protein 3",
          "source": {
            "id": "Q14582",
            "name": "protein",
            "url": "http://www.uniprot.org/uniprot/Q14582"
          }
        }
      },
      "offsets": [
        {
          "start": 1979,
          "text": "MAD-3"
        }
      ],
      "part": "s2p1"
    },
    {
      "classId": "e_2",
      "confidence": {
        "prob": 1.0,
        "state": "",
        "who": [
          "ml:GNormPlus"
        ]
      },
      "fields": {},
      "normalizations": {
        "n_6": {
          "confidence": {
            "prob": 1.0,
            "state": "",
            "who": [
              "ml:GNormPlus"
            ]
          },
          "recName": "NFKB1",
          "source": {
            "id": "4790",
            "name": "gene",
            "url": "http://www.ncbi.nlm.nih.gov/gene/4790"
          }
        },
        "n_7": {
          "confidence": {
            "prob": 1.0,
            "state": "",
            "who": [
              "user:Ashish"
            ]
          },
          "recName": "Nuclear factor NF-kappa-B p105 subunit",
          "source": {
            "id": "Q14582",
            "name": "protein",
            "url": "http://www.uniprot.org/uniprot/Q14582"
          }
        }
      },
      "offsets": [
        {
          "start": 2003,
          "text": "NF-kappa B p50"
        }
      ],
      "part": "s2p1"
    },
    {
      "classId": "e_2",
      "confidence": {
        "prob": 1.0,
        "state": "",
        "who": [
          "ml:GNormPlus"
        ]
      },
      "fields": {},
      "normalizations": {
        "n_6": {
          "confidence": {
            "prob": 1.0,
            "state": "",
            "who": [
              "ml:GNormPlus"
            ]
          },
          "recName": "NFKB1",
          "source": {
            "id": "4790",
            "name": "gene",
            "url": "http://www.ncbi.nlm.nih.gov/gene/4790"
          }
        },
        "n_7": {
          "confidence": {
            "prob": 1.0,
            "state": "",
            "who": [
              "user:Ashish"
            ]
          },
          "recName": "Nuclear factor NF-kappa-B p105 subunit",
          "source": {
            "id": "Q14582",
            "name": "protein",
            "url": "http://www.uniprot.org/uniprot/Q14582"
          }
        }
      },
      "offsets": [
        {
          "start": 2080,
          "text": "NF-kappa B p50"
        }
      ],
      "part": "s2p1"
    },
    {
      "classId": "e_2",
      "confidence": {
        "prob": 1.0,
        "state": "",
        "who": [
          "ml:GNormPlus"
        ]
      },
      "fields": {},
      "normalizations": {
        "n_6": {
          "confidence": {
            "prob": 1.0,
            "state": "",
            "who": [
              "ml:GNormPlus"
            ]
          },
          "recName": "RELA",
          "source": {
            "id": "5970",
            "name": "gene",
            "url": "http://www.ncbi.nlm.nih.gov/gene/5970"
          }
        },
        "n_7": {
          "confidence": {
            "prob": 1.0,
            "state": "",
            "who": [
              "user:Ashish"
            ]
          },
          "recName": "Transcription factor p65",
          "source": {
            "id": "Q14582",
            "name": "protein",
            "url": "http://www.uniprot.org/uniprot/Q14582"
          }
        }
      },
      "offsets": [
        {
          "start": 2273,
          "text": "NF-kappa B p65"
        }
      ],
      "part": "s2p1"
    }
  ],
  "metas": {},
  "relations": [
    {
      "classId": "r_4",
      "confidence": {
        "prob": 1,
        "state": "",
        "who": [
          "user:Ashish"
        ]
      },
      "directed": false,
      "entities": [
        "s2p1|1222,1227",
        "s2p1|1231,1245"
      ],
      "type": "linked"
    },
    {
      "classId": "r_4",
      "confidence": {
        "prob": 1,
        "state": "",
        "who": [
          "user:Ashish"
        ]
      },
      "directed": false,
      "entities": [
        "s2p1|1979,1984",
        "s2p1|2003,2017"
      ],
      "type": "linked"
    }
  ],
  "sources": [
    {
      "id": "1493333",
      "name": "MEDLINE",
      "url": "http://ncbi.nlm.nih.gov/pubmed/1493333"
    },
    {
      "id": "1493333",
      "name": "PMID",
      "url": "http://www.ncbi.nlm.nih.gov/pubmed/1493333"
    }
  ]
}