{
  "anncomplete": true,
  "annotatable": {
    "parts": [
      "s1h1",
      "s2h1",
      "s2p1"
    ]
  },
  "entities": [
    {
      "classId": "e_1",
      "confidence": {
        "prob": 1.0,
        "state": "",
        "who": [
          "ml:GNormPlus"
        ]
      },
      "fields": {},
      "normalizations": {
        "n_6": {
          "confidence": {
            "prob": 1.0,
            "state": "",
            "who": [
              "ml:GNormPlus"
            ]
          },
          "recName": "ATAD2",
          "source": {
            "id": "29028",
            "name": "gene",
            "url": "http://www.ncbi.nlm.nih.gov/gene/29028"
          }
        },
        "n_7": {
          "confidence": {
            "prob": 1.0,
            "state": "",
            "who": [
              "user:Ashish"
            ]
          },
          "recName": "ATPase family AAA domain-containing protein 2",
          "source": {
            "id": "Q6PL18",
            "name": "protein",
            "url": "http://www.uniprot.org/uniprot/Q6PL18"
          }
        }
      },
      "offsets": [
        {
          "start": 0,
          "text": "ANCCA"
        }
      ],
      "part": "s1h1"
    },
    {
      "classId": "e_2",
      "confidence": {
        "prob": 1.0,
        "state": "",
        "who": [
          "ml:GNormPlus"
        ]
      },
      "fields": {},
      "normalizations": {
        "n_6": {
          "confidence": {
            "prob": 1.0,
            "state": "",
            "who": [
              "ml:GNormPlus"
            ]
          },
          "recName": "ESR1",
          "source": {
            "id": "2099",
            "name": "gene",
            "url": "http://www.ncbi.nlm.nih.gov/gene/2099"
          }
        },
        "n_7": {
          "confidence": {
            "prob": 1.0,
            "state": "",
            "who": [
              "user:Ashish"
            ]
          },
          "recName": "Estrogen receptor",
          "source": {
            "id": "P03372",
            "name": "protein",
            "url": "http://www.uniprot.org/uniprot/P03372"
          }
        }
      },
      "offsets": [
        {
          "start": 57,
          "text": "ERalpha"
        }
      ],
      "part": "s1h1"
    },
    {
      "classId": "e_1",
      "confidence": {
        "prob": 1.0,
        "state": "",
        "who": [
          "ml:GNormPlus"
        ]
      },
      "fields": {},
      "normalizations": {
        "n_6": {
          "confidence": {
            "prob": 1.0,
            "state": "",
            "who": [
              "ml:GNormPlus"
            ]
          },
          "recName": "ATAD2",
          "source": {
            "id": "29028",
            "name": "gene",
            "url": "http://www.ncbi.nlm.nih.gov/gene/29028"
          }
        },
        "n_7": {
          "confidence": {
            "prob": 1.0,
            "state": "",
            "who": [
              "user:Ashish"
            ]
          },
          "recName": "ATPase family AAA domain-containing protein 2",
          "source": {
            "id": "P03372",
            "name": "protein",
            "url": "http://www.uniprot.org/uniprot/P03372"
          }
        }
      },
      "offsets": [
        {
          "start": 208,
          "text": "ANCCA"
        }
      ],
      "part": "s2p1"
    },
    {
      "classId": "e_1",
      "confidence": {
        "prob": 1.0,
        "state": "",
        "who": [
          "ml:GNormPlus"
        ]
      },
      "fields": {},
      "normalizations": {
        "n_6": {
          "confidence": {
            "prob": 1.0,
            "state": "",
            "who": [
              "ml:GNormPlus"
            ]
          },
          "recName": "NCOA3",
          "source": {
            "id": "8202",
            "name": "gene",
            "url": "http://www.ncbi.nlm.nih.gov/gene/8202"
          }
        },
        "n_7": {
          "confidence": {
            "prob": 1.0,
            "state": "",
            "who": [
              "user:Ashish"
            ]
          },
          "recName": "Nuclear receptor coactivator 3",
          "source": {
            "id": "Q9Y6Q9",
            "name": "protein",
            "url": "http://www.uniprot.org/uniprot/Q9Y6Q9"
          }
        }
      },
      "offsets": [
        {
          "start": 356,
          "text": "ACTR"
        }
      ],
      "part": "s2p1"
    },
    {
      "classId": "e_1",
      "confidence": {
        "prob": 1.0,
        "state": "",
        "who": [
          "ml:GNormPlus"
        ]
      },
      "fields": {},
      "normalizations": {
        "n_6": {
          "confidence": {
            "prob": 1.0,
            "state": "",
            "who": [
              "ml:GNormPlus"
            ]
          },
          "recName": "NCOA3",
          "source": {
            "id": "8202",
            "name": "gene",
            "url": "http://www.ncbi.nlm.nih.gov/gene/8202"
          }
        },
        "n_7": {
          "confidence": {
            "prob": 1.0,
            "state": "",
            "who": [
              "user:Ashish"
            ]
          },
          "recName": "Nuclear receptor coactivator 3",
          "source": {
            "id": "Q9Y6Q9",
            "name": "protein",
            "url": "http://www.uniprot.org/uniprot/Q9Y6Q9"
          }
        }
      },
      "offsets": [
        {
          "start": 361,
          "text": "AIB1"
        }
      ],
      "part": "s2p1"
    },
    {
      "classId": "e_1",
      "confidence": {
        "prob": 1.0,
        "state": "",
        "who": [
          "ml:GNormPlus"
        ]
      },
      "fields": {},
      "normalizations": {
        "n_6": {
          "confidence": {
            "prob": 1.0,
            "state": "",
            "who": [
              "ml:GNormPlus"
            ]
          },
          "recName": "NCOA3",
          "source": {
            "id": "8202",
            "name": "gene",
            "url": "http://www.ncbi.nlm.nih.gov/gene/8202"
          }
        },
        "n_7": {
          "confidence": {
            "prob": 1.0,
            "state": "",
            "who": [
              "user:Ashish"
            ]
          },
          "recName": "Nuclear receptor coactivator 3",
          "source": {
            "id": "Q9Y6Q9",
            "name": "protein",
            "url": "http://www.uniprot.org/uniprot/Q9Y6Q9"
          }
        }
      },
      "offsets": [
        {
          "start": 366,
          "text": "SRC-3"
        }
      ],
      "part": "s2p1"
    },
    {
      "classId": "e_1",
      "confidence": {
        "prob": 1.0,
        "state": "",
        "who": [
          "ml:GNormPlus"
        ]
      },
      "fields": {},
      "normalizations": {
        "n_6": {
          "confidence": {
            "prob": 1.0,
            "state": "",
            "who": [
              "ml:GNormPlus"
            ]
          },
          "recName": "ATAD2",
          "source": {
            "id": "29028",
            "name": "gene",
            "url": "http://www.ncbi.nlm.nih.gov/gene/29028"
          }
        },
        "n_7": {
          "confidence": {
            "prob": 1.0,
            "state": "",
            "who": [
              "user:Ashish"
            ]
          },
          "recName": "ATPase family AAA domain-containing protein 2",
          "source": {
            "id": "Q9Y6Q9",
            "name": "protein",
            "url": "http://www.uniprot.org/uniprot/Q9Y6Q9"
          }
        }
      },
      "offsets": [
        {
          "start": 387,
          "text": "ANCCA"
        }
      ],
      "part": "s2p1"
    },
    {
      "classId": "e_2",
      "confidence": {
        "prob": 1.0,
        "state": "",
        "who": [
          "ml:GNormPlus"
        ]
      },
      "fields": {},
      "normalizations": {
        "n_6": {
          "confidence": {
            "prob": 1.0,
            "state": "",
            "who": [
              "ml:GNormPlus"
            ]
          },
          "recName": "ESR1",
          "source": {
            "id": "2099",
            "name": "gene",
            "url": "http://www.ncbi.nlm.nih.gov/gene/2099"
          }
        },
        "n_7": {
          "confidence": {
            "prob": 1.0,
            "state": "",
            "who": [
              "user:Ashish"
            ]
          },
          "recName": "Estrogen receptor",
          "source": {
            "id": "Q9Y6Q9",
            "name": "protein",
            "url": "http://www.uniprot.org/uniprot/Q9Y6Q9"
          }
        }
      },
      "offsets": [
        {
          "start": 433,
          "text": "estrogen receptor"
        }
      ],
      "part": "s2p1"
    },
    {
      "classId": "e_2",
      "confidence": {
        "prob": 1,
        "state": "",
        "who": [
          "user:Ashish"
        ]
      },
      "fields": {},
      "normalizations": {
        "n_6": {
          "confidence": {
            "prob": 1.0,
            "state": "",
            "who": [
              "ml:GNormPlus"
            ]
          },
          "recName": "ESR1",
          "source": {
            "id": "2099",
            "name": "gene",
            "url": "http://www.ncbi.nlm.nih.gov/gene/2099"
          }
        },
        "n_7": {
          "confidence": {
            "prob": 1.0,
            "state": "",
            "who": [
              "user:Ashish"
            ]
          },
          "recName": "Estrogen receptor",
          "source": {
            "id": "P03372",
            "name": "protein",
            "url": "http://www.uniprot.org/uniprot/P03372"
          }
        }
      },
      "offsets": [
        {
          "start": 452,
          "text": "ER"
        }
      ],
      "part": "s2p1"
    },
    {
      "classId": "e_1",
      "confidence": {
        "prob": 1.0,
        "state": "",
        "who": [
          "ml:GNormPlus"
        ]
      },
      "fields": {},
      "normalizations": {
        "n_6": {
          "confidence": {
            "prob": 1.0,
            "state": "",
            "who": [
              "ml:GNormPlus"
            ]
          },
          "recName": "NCOA3",
          "source": {
            "id": "8202",
            "name": "gene",
            "url": "http://www.ncbi.nlm.nih.gov/gene/8202"
          }
        },
        "n_7": {
          "confidence": {
            "prob": 1.0,
            "state": "",
            "who": [
              "user:Ashish"
            ]
          },
          "recName": "Nuclear receptor coactivator 3",
          "source": {
            "id": "Q9Y6Q9",
            "name": "protein",
            "url": "http://www.uniprot.org/uniprot/Q9Y6Q9"
          }
        }
      },
      "offsets": [
        {
          "start": 466,
          "text": "ACTR"
        }
      ],
      "part": "s2p1"
    },
    {
      "classId": "e_2",
      "confidence": {
        "prob": 1.0,
        "state": "",
        "who": [
          "ml:GNormPlus"
        ]
      },
      "fields": {},
      "normalizations": {
        "n_6": {
          "confidence": {
            "prob": 1.0,
            "state": "",
            "who": [
              "ml:GNormPlus"
            ]
          },
          "recName": "ESR1",
          "source": {
            "id": "2099",
            "name": "gene",
            "url": "http://www.ncbi.nlm.nih.gov/gene/2099"
          }
        },
        "n_7": {
          "confidence": {
            "prob": 1.0,
            "state": "",
            "who": [
              "user:Ashish"
            ]
          },
          "recName": "Estrogen receptor",
          "source": {
            "id": "Q9Y6Q9",
            "name": "protein",
            "url": "http://www.uniprot.org/uniprot/Q9Y6Q9"
          }
        }
      },
      "offsets": [
        {
          "start": 543,
          "text": "ERalpha"
        }
      ],
      "part": "s2p1"
    },
    {
      "classId": "e_1",
      "confidence": {
        "prob": 1.0,
        "state": "",
        "who": [
          "ml:GNormPlus"
        ]
      },
      "fields": {},
      "normalizations": {
        "n_6": {
          "confidence": {
            "prob": 1.0,
            "state": "",
            "who": [
              "ml:GNormPlus"
            ]
          },
          "recName": "CCND1",
          "source": {
            "id": "595",
            "name": "gene",
            "url": "http://www.ncbi.nlm.nih.gov/gene/595"
          }
        },
        "n_7": {
          "confidence": {
            "prob": 1.0,
            "state": "",
            "who": [
              "user:Ashish"
            ]
          },
          "recName": "G1/S-specific cyclin-D1",
          "source": {
            "id": "P24385",
            "name": "protein",
            "url": "http://www.uniprot.org/uniprot/P24385"
          }
        }
      },
      "offsets": [
        {
          "start": 574,
          "text": "cyclin D1"
        }
      ],
      "part": "s2p1"
    },
    {
      "classId": "e_2",
      "confidence": {
        "prob": 1.0,
        "state": "",
        "who": [
          "ml:GNormPlus"
        ]
      },
      "fields": {},
      "normalizations": {
        "n_6": {
          "confidence": {
            "prob": 1.0,
            "state": "",
            "who": [
              "ml:GNormPlus"
            ]
          },
          "recName": "MYC",
          "source": {
            "id": "4609",
            "name": "gene",
            "url": "http://www.ncbi.nlm.nih.gov/gene/4609"
          }
        },
        "n_7": {
          "confidence": {
            "prob": 1.0,
            "state": "",
            "who": [
              "user:Ashish"
            ]
          },
          "recName": "Myc proto-oncogene protein",
          "source": {
            "id": "P01106",
            "name": "protein",
            "url": "http://www.uniprot.org/uniprot/P01106"
          }
        }
      },
      "offsets": [
        {
          "start": 585,
          "text": "c-myc"
        }
      ],
      "part": "s2p1"
    },
    {
      "classId": "e_2",
      "confidence": {
        "prob": 1.0,
        "state": "",
        "who": [
          "ml:GNormPlus"
        ]
      },
      "fields": {},
      "normalizations": {
        "n_6": {
          "confidence": {
            "prob": 1.0,
            "state": "",
            "who": [
              "ml:GNormPlus"
            ]
          },
          "recName": "E2F1",
          "source": {
            "id": "1869",
            "name": "gene",
            "url": "http://www.ncbi.nlm.nih.gov/gene/1869"
          }
        },
        "n_7": {
          "confidence": {
            "prob": 1.0,
            "state": "",
            "who": [
              "user:Ashish"
            ]
          },
          "recName": "Transcription factor E2F1",
          "source": {
            "id": "Q01094",
            "name": "protein",
            "url": "http://www.uniprot.org/uniprot/Q01094"
          }
        }
      },
      "offsets": [
        {
          "start": 596,
          "text": "E2F1"
        }
      ],
      "part": "s2p1"
    },
    {
      "classId": "e_1",
      "confidence": {
        "prob": 1.0,
        "state": "",
        "who": [
          "ml:GNormPlus"
        ]
      },
      "fields": {},
      "normalizations": {
        "n_6": {
          "confidence": {
            "prob": 1.0,
            "state": "",
            "who": [
              "ml:GNormPlus"
            ]
          },
          "recName": "ATAD2",
          "source": {
            "id": "29028",
            "name": "gene",
            "url": "http://www.ncbi.nlm.nih.gov/gene/29028"
          }
        },
        "n_7": {
          "confidence": {
            "prob": 1.0,
            "state": "",
            "who": [
              "user:Ashish"
            ]
          },
          "recName": "ATPase family AAA domain-containing protein 2",
          "source": {
            "id": "Q01094",
            "name": "protein",
            "url": "http://www.uniprot.org/uniprot/Q01094"
          }
        }
      },
      "offsets": [
        {
          "start": 730,
          "text": "ANCCA"
        }
      ],
      "part": "s2p1"
    },
    {
      "classId": "e_1",
      "confidence": {
        "prob": 1,
        "state": "",
        "who": [
          "ml:GNormPlus"
        ]
      },
      "fields": {},
      "normalizations": {
        "n_6": {
          "confidence": {
            "prob": 1.0,
            "state": "",
            "who": [
              "ml:GNormPlus"
            ]
          },
          "recName": "EIF4E",
          "source": {
            "id": "1977",
            "name": "gene",
            "url": "http://www.ncbi.nlm.nih.gov/gene/1977"
          }
        },
        "n_7": {
          "confidence": {
            "prob": 1.0,
            "state": "",
            "who": [
              "user:Ashish"
            ]
          },
          "recName": "Eukaryotic translation initiation factor 4E",
          "source": {
            "id": "P06730",
            "name": "protein",
            "url": "http://www.uniprot.org/uniprot/P06730"
          }
        }
      },
      "offsets": [
        {
          "start": 808,
          "text": "CBP"
        }
      ],
      "part": "s2p1"
    },
    {
      "classId": "e_2",
      "confidence": {
        "prob": 1,
        "state": "pre-added",
        "who": [
          "user:Ashish"
        ]
      },
      "fields": {},
      "normalizations": {
        "n_6": {
          "confidence": {
            "prob": 1.0,
            "state": "",
            "who": [
              "ml:GNormPlus"
            ]
          },
          "recName": "ESR1",
          "source": {
            "id": "2099",
            "name": "gene",
            "url": "http://www.ncbi.nlm.nih.gov/gene/2099"
          }
        },
        "n_7": {
          "confidence": {
            "prob": 1.0,
            "state": "",
            "who": [
              "user:Ashish"
            ]
          },
          "recName": "Estrogen receptor",
          "source": {
            "id": "P03372",
            "name": "protein",
            "url": "http://www.uniprot.org/uniprot/P03372"
          }
        }
      },
      "offsets": [
        {
          "start": 848,
          "text": "ER"
        }
      ],
      "part": "s2p1"
    },
    {
      "classId": "e_1",
      "confidence": {
        "prob": 1.0,
        "state": "",
        "who": [
          "ml:GNormPlus"
        ]
      },
      "fields": {},
      "normalizations": {
        "n_6": {
          "confidence": {
            "prob": 1.0,
            "state": "",
            "who": [
              "ml:GNormPlus"
            ]
          },
          "recName": "ATAD2",
          "source": {
            "id": "29028",
            "name": "gene",
            "url": "http://www.ncbi.nlm.nih.gov/gene/29028"
          }
        },
        "n_7": {
          "confidence": {
            "prob": 1.0,
            "state": "",
            "who": [
              "user:Ashish"
            ]
          },
          "recName": "ATPase family AAA domain-containing protein 2",
          "source": {
            "id": "Q01094",
            "name": "protein",
            "url": "http://www.uniprot.org/uniprot/Q01094"
          }
        }
      },
      "offsets": [
        {
          "start": 924,
          "text": "ANCCA"
        }
      ],
      "part": "s2p1"
    },
    {
      "classId": "e_1",
      "confidence": {
        "prob": 1.0,
        "state": "",
        "who": [
          "ml:GNormPlus"
        ]
      },
      "fields": {},
      "normalizations": {
        "n_6": {
          "confidence": {
            "prob": 1.0,
            "state": "",
            "who": [
              "ml:GNormPlus"
            ]
          },
          "recName": "ATAD2",
          "source": {
            "id": "29028",
            "name": "gene",
            "url": "http://www.ncbi.nlm.nih.gov/gene/29028"
          }
        },
        "n_7": {
          "confidence": {
            "prob": 1.0,
            "state": "",
            "who": [
              "user:Ashish"
            ]
          },
          "recName": "ATPase family AAA domain-containing protein 2",
          "source": {
            "id": "Q01094",
            "name": "protein",
            "url": "http://www.uniprot.org/uniprot/Q01094"
          }
        }
      },
      "offsets": [
        {
          "start": 1116,
          "text": "ANCCA"
        }
      ],
      "part": "s2p1"
    }
  ],
  "metas": {},
  "relations": [
    {
      "classId": "r_4",
      "confidence": {
        "prob": 1,
        "state": "",
        "who": [
          "user:Ashish"
        ]
      },
      "directed": false,
      "entities": [
        "s1h1|0,5",
        "s1h1|57,64"
      ],
      "type": "linked"
    },
    {
      "classId": "r_4",
      "confidence": {
        "prob": 1,
        "state": "",
        "who": [
          "user:Ashish"
        ]
      },
      "directed": false,
      "entities": [
        "s2p1|387,392",
        "s2p1|433,450"
      ],
      "type": "linked"
    },
    {
      "classId": "r_4",
      "confidence": {
        "prob": 1,
        "state": "",
        "who": [
          "user:Ashish"
        ]
      },
      "directed": false,
      "entities": [
        "s2p1|387,392",
        "s2p1|452,454"
      ],
      "type": "linked"
    }
  ],
  "sources": [
    {
      "id": "17998543",
      "name": "MEDLINE",
      "url": "http://ncbi.nlm.nih.gov/pubmed/17998543"
    },
    {
      "id": "17998543",
      "name": "PMID",
      "url": "http://www.ncbi.nlm.nih.gov/pubmed/17998543"
    }
  ]
}
