{
  "anncomplete": true,
  "annotatable": {
    "parts": [
      "s1h1",
      "s2h1",
      "s2p1"
    ]
  },
  "entities": [
    {
      "classId": "e_1",
      "confidence": {
        "prob": 1.0,
        "state": "",
        "who": [
          "ml:GNormPlus"
        ]
      },
      "fields": {},
      "normalizations": {
        "n_6": {
          "confidence": {
            "prob": 1.0,
            "state": "",
            "who": [
              "ml:GNormPlus"
            ]
          },
          "recName": "WWOX",
          "source": {
            "id": "51741",
            "name": "gene",
            "url": "http://www.ncbi.nlm.nih.gov/gene/51741"
          }
        },
        "n_7": {
          "confidence": {
            "prob": 1.0,
            "state": "",
            "who": [
              "user:Ashish"
            ]
          },
          "recName": "WW domain-containing oxidoreductase",
          "source": {
            "id": "Q9NZC7",
            "name": "protein",
            "url": "http://www.uniprot.org/uniprot/Q9NZC7"
          }
        }
      },
      "offsets": [
        {
          "start": 49,
          "text": "Wwox"
        }
      ],
      "part": "s1h1"
    },
    {
      "classId": "e_2",
      "confidence": {
        "prob": 1,
        "state": "pre-added",
        "who": [
          "user:Ashish"
        ]
      },
      "fields": {},
      "normalizations": {
		"n_6": {
          "confidence": {
            "prob": 1.0,
            "state": "",
            "who": [
              "ml:GNormPlus"
            ]
          },
          "recName": "TFAP2C",
          "source": {
            "id": "7022",
            "name": "gene",
            "url": "http://www.ncbi.nlm.nih.gov/gene/7022"
          }
        },
        "n_7": {
          "confidence": {
            "prob": 1.0,
            "state": "",
            "who": [
              "user:Ashish"
            ]
          },
          "recName": "Transcription factor AP-2 gamma",
          "source": {
            "id": "Q92754",
            "name": "protein",
            "url": "http://www.uniprot.org/uniprot/Q92754"
          }
        }
      },
      "offsets": [
        {
          "start": 87,
          "text": "AP-2gamma"
        }
      ],
      "part": "s1h1"
    },
    {
      "classId": "e_1",
      "confidence": {
        "prob": 1.0,
        "state": "",
        "who": [
          "ml:GNormPlus"
        ]
      },
      "fields": {},
      "normalizations": {
        "n_6": {
          "confidence": {
            "prob": 1.0,
            "state": "",
            "who": [
              "ml:GNormPlus"
            ]
          },
          "recName": "WWOX",
          "source": {
            "id": "51741",
            "name": "gene",
            "url": "http://www.ncbi.nlm.nih.gov/gene/51741"
          }
        },
        "n_7": {
          "confidence": {
            "prob": 1.0,
            "state": "",
            "who": [
              "user:Ashish"
            ]
          },
          "recName": "WW domain-containing oxidoreductase",
          "source": {
            "id": "Q9NZC7",
            "name": "protein",
            "url": "http://www.uniprot.org/uniprot/Q9NZC7"
          }
        }
      },
      "offsets": [
        {
          "start": 4,
          "text": "WWOX"
        }
      ],
      "part": "s2p1"
    },
    {
      "classId": "e_1",
      "confidence": {
        "prob": 1.0,
        "state": "",
        "who": [
          "ml:GNormPlus"
        ]
      },
      "fields": {},
      "normalizations": {
        "n_6": {
          "confidence": {
            "prob": 1.0,
            "state": "",
            "who": [
              "ml:GNormPlus"
            ]
          },
          "recName": "WWOX",
          "source": {
            "id": "51741",
            "name": "gene",
            "url": "http://www.ncbi.nlm.nih.gov/gene/51741"
          }
        },
        "n_7": {
          "confidence": {
            "prob": 1.0,
            "state": "",
            "who": [
              "user:Ashish"
            ]
          },
          "recName": "WW domain-containing oxidoreductase",
          "source": {
            "id": "Q9NZC7",
            "name": "protein",
            "url": "http://www.uniprot.org/uniprot/Q9NZC7"
          }
        }
      },
      "offsets": [
        {
          "start": 71,
          "text": "Wwox"
        }
      ],
      "part": "s2p1"
    },
    {
      "classId": "e_1",
      "confidence": {
        "prob": 1.0,
        "state": "",
        "who": [
          "ml:GNormPlus"
        ]
      },
      "fields": {},
      "normalizations": {
        "n_6": {
          "confidence": {
            "prob": 1.0,
            "state": "",
            "who": [
              "ml:GNormPlus"
            ]
          },
          "recName": "WWOX",
          "source": {
            "id": "51741",
            "name": "gene",
            "url": "http://www.ncbi.nlm.nih.gov/gene/51741"
          }
        },
        "n_7": {
          "confidence": {
            "prob": 1.0,
            "state": "",
            "who": [
              "user:Ashish"
            ]
          },
          "recName": "WW domain-containing oxidoreductase",
          "source": {
            "id": "Q9NZC7",
            "name": "protein",
            "url": "http://www.uniprot.org/uniprot/Q9NZC7"
          }
        }
      },
      "offsets": [
        {
          "start": 92,
          "text": "WWOX"
        }
      ],
      "part": "s2p1"
    },
    {
      "classId": "e_1",
      "confidence": {
        "prob": 1.0,
        "state": "",
        "who": [
          "ml:GNormPlus"
        ]
      },
      "fields": {},
      "normalizations": {
        "n_6": {
          "confidence": {
            "prob": 1.0,
            "state": "",
            "who": [
              "ml:GNormPlus"
            ]
          },
          "recName": "WWOX",
          "source": {
            "id": "51741",
            "name": "gene",
            "url": "http://www.ncbi.nlm.nih.gov/gene/51741"
          }
        },
        "n_7": {
          "confidence": {
            "prob": 1.0,
            "state": "",
            "who": [
              "user:Ashish"
            ]
          },
          "recName": "WW domain-containing oxidoreductase",
          "source": {
            "id": "Q9NZC7",
            "name": "protein",
            "url": "http://www.uniprot.org/uniprot/Q9NZC7"
          }
        }
      },
      "offsets": [
        {
          "start": 169,
          "text": "Wwox"
        }
      ],
      "part": "s2p1"
    },
    {
      "classId": "e_1",
      "confidence": {
        "prob": 1.0,
        "state": "",
        "who": [
          "ml:GNormPlus"
        ]
      },
      "fields": {},
      "normalizations": {
        "n_6": {
          "confidence": {
            "prob": 1.0,
            "state": "",
            "who": [
              "ml:GNormPlus"
            ]
          },
          "recName": "WWOX",
          "source": {
            "id": "51741",
            "name": "gene",
            "url": "http://www.ncbi.nlm.nih.gov/gene/51741"
          }
        },
        "n_7": {
          "confidence": {
            "prob": 1.0,
            "state": "",
            "who": [
              "user:Ashish"
            ]
          },
          "recName": "WW domain-containing oxidoreductase",
          "source": {
            "id": "Q9NZC7",
            "name": "protein",
            "url": "http://www.uniprot.org/uniprot/Q9NZC7"
          }
        }
      },
      "offsets": [
        {
          "start": 179,
          "text": "Wwox"
        }
      ],
      "part": "s2p1"
    },
    {
      "classId": "e_1",
      "confidence": {
        "prob": 1.0,
        "state": "",
        "who": [
          "ml:GNormPlus"
        ]
      },
      "fields": {},
      "normalizations": {
        "n_6": {
          "confidence": {
            "prob": 1.0,
            "state": "",
            "who": [
              "ml:GNormPlus"
            ]
          },
          "recName": "WWOX",
          "source": {
            "id": "51741",
            "name": "gene",
            "url": "http://www.ncbi.nlm.nih.gov/gene/51741"
          }
        },
        "n_7": {
          "confidence": {
            "prob": 1.0,
            "state": "",
            "who": [
              "user:Ashish"
            ]
          },
          "recName": "WW domain-containing oxidoreductase",
          "source": {
            "id": "Q9NZC7",
            "name": "protein",
            "url": "http://www.uniprot.org/uniprot/Q9NZC7"
          }
        }
      },
      "offsets": [
        {
          "start": 258,
          "text": "Wwox"
        }
      ],
      "part": "s2p1"
    },
    {
      "classId": "e_1",
      "confidence": {
        "prob": 1.0,
        "state": "",
        "who": [
          "ml:GNormPlus"
        ]
      },
      "fields": {},
      "normalizations": {
        "n_6": {
          "confidence": {
            "prob": 1.0,
            "state": "",
            "who": [
              "ml:GNormPlus"
            ]
          },
          "recName": "WWOX",
          "source": {
            "id": "51741",
            "name": "gene",
            "url": "http://www.ncbi.nlm.nih.gov/gene/51741"
          }
        },
        "n_7": {
          "confidence": {
            "prob": 1.0,
            "state": "",
            "who": [
              "user:Ashish"
            ]
          },
          "recName": "WW domain-containing oxidoreductase",
          "source": {
            "id": "Q9NZC7",
            "name": "protein",
            "url": "http://www.uniprot.org/uniprot/Q9NZC7"
          }
        }
      },
      "offsets": [
        {
          "start": 439,
          "text": "Wwox"
        }
      ],
      "part": "s2p1"
    },
    {
      "classId": "e_2",
      "confidence": {
        "prob": 1.0,
        "state": "",
        "who": [
          "ml:GNormPlus"
        ]
      },
      "fields": {},
      "normalizations": {
        "n_6": {
          "confidence": {
            "prob": 1.0,
            "state": "",
            "who": [
              "ml:GNormPlus"
            ]
          },
          "recName": "TP53",
          "source": {
            "id": "7157",
            "name": "gene",
            "url": "http://www.ncbi.nlm.nih.gov/gene/7157"
          }
        },
        "n_7": {
          "confidence": {
            "prob": 1.0,
            "state": "",
            "who": [
              "user:Ashish"
            ]
          },
          "recName": "Cellular tumor antigen p53",
          "source": {
            "id": "P04637",
            "name": "protein",
            "url": "http://www.uniprot.org/uniprot/P04637"
          }
        }
      },
      "offsets": [
        {
          "start": 460,
          "text": "p53"
        }
      ],
      "part": "s2p1"
    },
    {
      "classId": "e_2",
      "confidence": {
        "prob": 1.0,
        "state": "",
        "who": [
          "ml:GNormPlus"
        ]
      },
      "fields": {},
      "normalizations": {
        "n_6": {
          "confidence": {
            "prob": 1.0,
            "state": "",
            "who": [
              "ml:GNormPlus"
            ]
          },
          "recName": "TP73",
          "source": {
            "id": "7161",
            "name": "gene",
            "url": "http://www.ncbi.nlm.nih.gov/gene/7161"
          }
        },
        "n_7": {
          "confidence": {
            "prob": 1.0,
            "state": "",
            "who": [
              "user:Ashish"
            ]
          },
          "recName": "Tumor protein p73",
          "source": {
            "id": "O15350",
            "name": "protein",
            "url": "http://www.uniprot.org/uniprot/O15350"
          }
        }
      },
      "offsets": [
        {
          "start": 475,
          "text": "p73"
        }
      ],
      "part": "s2p1"
    },
    {
      "classId": "e_1",
      "confidence": {
        "prob": 1.0,
        "state": "",
        "who": [
          "ml:GNormPlus"
        ]
      },
      "fields": {},
      "normalizations": {
        "n_6": {
          "confidence": {
            "prob": 1.0,
            "state": "",
            "who": [
              "ml:GNormPlus"
            ]
          },
          "recName": "WWOX",
          "source": {
            "id": "51741",
            "name": "gene",
            "url": "http://www.ncbi.nlm.nih.gov/gene/51741"
          }
        },
        "n_7": {
          "confidence": {
            "prob": 1.0,
            "state": "",
            "who": [
              "user:Ashish"
            ]
          },
          "recName": "WW domain-containing oxidoreductase",
          "source": {
            "id": "O15350",
            "name": "protein",
            "url": "http://www.uniprot.org/uniprot/O15350"
          }
        }
      },
      "offsets": [
        {
          "start": 526,
          "text": "Wwox"
        }
      ],
      "part": "s2p1"
    },
    {
      "classId": "e_2",
      "confidence": {
        "prob": 1,
        "state": "",
        "who": [
          "user:Ashish"
        ]
      },
      "fields": {},
      "normalizations": {
		"n_6": {
          "confidence": {
            "prob": 1.0,
            "state": "",
            "who": [
              "ml:GNormPlus"
            ]
          },
          "recName": "TFAP2C",
          "source": {
            "id": "7022",
            "name": "gene",
            "url": "http://www.ncbi.nlm.nih.gov/gene/7022"
          }
        },
        "n_7": {
          "confidence": {
            "prob": 1.0,
            "state": "",
            "who": [
              "user:Ashish"
            ]
          },
          "recName": "Transcription factor AP-2 gamma",
          "source": {
            "id": "Q92754",
            "name": "protein",
            "url": "http://www.uniprot.org/uniprot/Q92754"
          }
        }
      },
      "offsets": [
        {
          "start": 655,
          "text": "AP-2gamma"
        }
      ],
      "part": "s2p1"
    },
    {
      "classId": "e_1",
      "confidence": {
        "prob": 1.0,
        "state": "",
        "who": [
          "ml:GNormPlus"
        ]
      },
      "fields": {},
      "normalizations": {
        "n_6": {
          "confidence": {
            "prob": 1.0,
            "state": "",
            "who": [
              "ml:GNormPlus"
            ]
          },
          "recName": "WWOX",
          "source": {
            "id": "51741",
            "name": "gene",
            "url": "http://www.ncbi.nlm.nih.gov/gene/51741"
          }
        },
        "n_7": {
          "confidence": {
            "prob": 1.0,
            "state": "",
            "who": [
              "user:Ashish"
            ]
          },
          "recName": "WW domain-containing oxidoreductase",
          "source": {
            "id": "O15350",
            "name": "protein",
            "url": "http://www.uniprot.org/uniprot/O15350"
          }
        }
      },
      "offsets": [
        {
          "start": 694,
          "text": "Wwox"
        }
      ],
      "part": "s2p1"
    },
    {
      "classId": "e_2",
      "confidence": {
        "prob": 1.0,
        "state": "",
        "who": [
          "ml:GNormPlus"
        ]
      },
      "fields": {},
      "normalizations": {
        "n_6": {
          "confidence": {
            "prob": 1.0,
            "state": "",
            "who": [
              "ml:GNormPlus"
            ]
          },
          "recName": "TFAP2C",
          "source": {
            "id": "7022",
            "name": "gene",
            "url": "http://www.ncbi.nlm.nih.gov/gene/7022"
          }
        },
        "n_7": {
          "confidence": {
            "prob": 1.0,
            "state": "",
            "who": [
              "user:Ashish"
            ]
          },
          "recName": "Transcription factor AP-2 gamma",
          "source": {
            "id": "Q92754",
            "name": "protein",
            "url": "http://www.uniprot.org/uniprot/Q92754"
          }
        }
      },
      "offsets": [
        {
          "start": 708,
          "text": "AP-2gamma"
        }
      ],
      "part": "s2p1"
    },
    {
      "classId": "e_1",
      "confidence": {
        "prob": 1.0,
        "state": "",
        "who": [
          "ml:GNormPlus"
        ]
      },
      "fields": {},
      "normalizations": {
        "n_6": {
          "confidence": {
            "prob": 1.0,
            "state": "",
            "who": [
              "ml:GNormPlus"
            ]
          },
          "recName": "WWOX",
          "source": {
            "id": "51741",
            "name": "gene",
            "url": "http://www.ncbi.nlm.nih.gov/gene/51741"
          }
        },
        "n_7": {
          "confidence": {
            "prob": 1.0,
            "state": "",
            "who": [
              "user:Ashish"
            ]
          },
          "recName": "WW domain-containing oxidoreductase",
          "source": {
            "id": "Q92754",
            "name": "protein",
            "url": "http://www.uniprot.org/uniprot/Q92754"
          }
        }
      },
      "offsets": [
        {
          "start": 822,
          "text": "Wwox"
        }
      ],
      "part": "s2p1"
    },
    {
      "classId": "e_2",
      "confidence": {
        "prob": 1.0,
        "state": "",
        "who": [
          "ml:GNormPlus"
        ]
      },
      "fields": {},
      "normalizations": {
        "n_6": {
          "confidence": {
            "prob": 1.0,
            "state": "",
            "who": [
              "ml:GNormPlus"
            ]
          },
          "recName": "TFAP2C",
          "source": {
            "id": "7022",
            "name": "gene",
            "url": "http://www.ncbi.nlm.nih.gov/gene/7022"
          }
        },
        "n_7": {
          "confidence": {
            "prob": 1.0,
            "state": "",
            "who": [
              "user:Ashish"
            ]
          },
          "recName": "Transcription factor AP-2 gamma",
          "source": {
            "id": "Q92754",
            "name": "protein",
            "url": "http://www.uniprot.org/uniprot/Q92754"
          }
        }
      },
      "offsets": [
        {
          "start": 854,
          "text": "AP-2gamma"
        }
      ],
      "part": "s2p1"
    },
    {
      "classId": "e_1",
      "confidence": {
        "prob": 1.0,
        "state": "",
        "who": [
          "ml:GNormPlus"
        ]
      },
      "fields": {},
      "normalizations": {
        "n_6": {
          "confidence": {
            "prob": 1.0,
            "state": "",
            "who": [
              "ml:GNormPlus"
            ]
          },
          "recName": "WWOX",
          "source": {
            "id": "51741",
            "name": "gene",
            "url": "http://www.ncbi.nlm.nih.gov/gene/51741"
          }
        },
        "n_7": {
          "confidence": {
            "prob": 1.0,
            "state": "",
            "who": [
              "user:Ashish"
            ]
          },
          "recName": "WW domain-containing oxidoreductase",
          "source": {
            "id": "Q92754",
            "name": "protein",
            "url": "http://www.uniprot.org/uniprot/Q92754"
          }
        }
      },
      "offsets": [
        {
          "start": 942,
          "text": "Wwox"
        }
      ],
      "part": "s2p1"
    },
    {
      "classId": "e_2",
      "confidence": {
        "prob": 1.0,
        "state": "",
        "who": [
          "ml:GNormPlus"
        ]
      },
      "fields": {},
      "normalizations": {
        "n_6": {
          "confidence": {
            "prob": 1.0,
            "state": "",
            "who": [
              "ml:GNormPlus"
            ]
          },
          "recName": "TFAP2C",
          "source": {
            "id": "7022",
            "name": "gene",
            "url": "http://www.ncbi.nlm.nih.gov/gene/7022"
          }
        },
        "n_7": {
          "confidence": {
            "prob": 1.0,
            "state": "",
            "who": [
              "user:Ashish"
            ]
          },
          "recName": "Transcription factor AP-2 gamma",
          "source": {
            "id": "Q92754",
            "name": "protein",
            "url": "http://www.uniprot.org/uniprot/Q92754"
          }
        }
      },
      "offsets": [
        {
          "start": 976,
          "text": "AP-2gamma"
        }
      ],
      "part": "s2p1"
    },
    {
      "classId": "e_1",
      "confidence": {
        "prob": 1.0,
        "state": "",
        "who": [
          "ml:GNormPlus"
        ]
      },
      "fields": {},
      "normalizations": {
        "n_6": {
          "confidence": {
            "prob": 1.0,
            "state": "",
            "who": [
              "ml:GNormPlus"
            ]
          },
          "recName": "WWOX",
          "source": {
            "id": "51741",
            "name": "gene",
            "url": "http://www.ncbi.nlm.nih.gov/gene/51741"
          }
        },
        "n_7": {
          "confidence": {
            "prob": 1.0,
            "state": "",
            "who": [
              "user:Ashish"
            ]
          },
          "recName": "WW domain-containing oxidoreductase",
          "source": {
            "id": "Q92754",
            "name": "protein",
            "url": "http://www.uniprot.org/uniprot/Q92754"
          }
        }
      },
      "offsets": [
        {
          "start": 1066,
          "text": "Wwox"
        }
      ],
      "part": "s2p1"
    },
    {
      "classId": "e_2",
      "confidence": {
        "prob": 1.0,
        "state": "",
        "who": [
          "ml:GNormPlus"
        ]
      },
      "fields": {},
      "normalizations": {
        "n_6": {
          "confidence": {
            "prob": 1.0,
            "state": "",
            "who": [
              "ml:GNormPlus"
            ]
          },
          "recName": "TFAP2C",
          "source": {
            "id": "7022",
            "name": "gene",
            "url": "http://www.ncbi.nlm.nih.gov/gene/7022"
          }
        },
        "n_7": {
          "confidence": {
            "prob": 1.0,
            "state": "",
            "who": [
              "user:Ashish"
            ]
          },
          "recName": "Transcription factor AP-2 gamma",
          "source": {
            "id": "Q92754",
            "name": "protein",
            "url": "http://www.uniprot.org/uniprot/Q92754"
          }
        }
      },
      "offsets": [
        {
          "start": 1117,
          "text": "AP-2gamma"
        }
      ],
      "part": "s2p1"
    },
    {
      "classId": "e_1",
      "confidence": {
        "prob": 1.0,
        "state": "",
        "who": [
          "ml:GNormPlus"
        ]
      },
      "fields": {},
      "normalizations": {
        "n_6": {
          "confidence": {
            "prob": 1.0,
            "state": "",
            "who": [
              "ml:GNormPlus"
            ]
          },
          "recName": "WWOX",
          "source": {
            "id": "51741",
            "name": "gene",
            "url": "http://www.ncbi.nlm.nih.gov/gene/51741"
          }
        },
        "n_7": {
          "confidence": {
            "prob": 1.0,
            "state": "",
            "who": [
              "user:Ashish"
            ]
          },
          "recName": "WW domain-containing oxidoreductase",
          "source": {
            "id": "Q92754",
            "name": "protein",
            "url": "http://www.uniprot.org/uniprot/Q92754"
          }
        }
      },
      "offsets": [
        {
          "start": 1218,
          "text": "Wwox"
        }
      ],
      "part": "s2p1"
    },
    {
      "classId": "e_2",
      "confidence": {
        "prob": 1.0,
        "state": "",
        "who": [
          "ml:GNormPlus"
        ]
      },
      "fields": {},
      "normalizations": {
        "n_6": {
          "confidence": {
            "prob": 1.0,
            "state": "",
            "who": [
              "ml:GNormPlus"
            ]
          },
          "recName": "TFAP2C",
          "source": {
            "id": "7022",
            "name": "gene",
            "url": "http://www.ncbi.nlm.nih.gov/gene/7022"
          }
        },
        "n_7": {
          "confidence": {
            "prob": 1.0,
            "state": "",
            "who": [
              "user:Ashish"
            ]
          },
          "recName": "Transcription factor AP-2 gamma",
          "source": {
            "id": "Q92754",
            "name": "protein",
            "url": "http://www.uniprot.org/uniprot/Q92754"
          }
        }
      },
      "offsets": [
        {
          "start": 1257,
          "text": "AP-2gamma"
        }
      ],
      "part": "s2p1"
    }
  ],
  "metas": {},
  "relations": [
    {
      "classId": "r_4",
      "confidence": {
        "prob": 1,
        "state": "",
        "who": [
          "user:Ashish"
        ]
      },
      "directed": false,
      "entities": [
        "s2p1|694,698",
        "s2p1|655,664"
      ],
      "type": "linked"
    }
  ],
  "sources": [
    {
      "id": "15548692",
      "name": "MEDLINE",
      "url": "http://ncbi.nlm.nih.gov/pubmed/15548692"
    },
    {
      "id": "15548692",
      "name": "PMID",
      "url": "http://www.ncbi.nlm.nih.gov/pubmed/15548692"
    }
  ]
}