{
  "anncomplete": true,
  "annotatable": {
    "parts": [
      "s1h1",
      "s2h1",
      "s2p1"
    ]
  },
  "entities": [
    {
      "classId": "e_1",
      "confidence": {
        "prob": 1.0,
        "state": "",
        "who": [
          "ml:GNormPlus"
        ]
      },
      "fields": {},
      "normalizations": {
        "n_6": {
          "confidence": {
            "prob": 1.0,
            "state": "",
            "who": [
              "ml:GNormPlus"
            ]
          },
          "recName": "Efcab6",
          "source": {
            "id": "77627",
            "name": "gene",
            "url": "http://www.ncbi.nlm.nih.gov/gene/77627"
          }
        },
        "n_7": {
          "confidence": {
            "prob": 1.0,
            "state": "",
            "who": [
              "user:Ashish"
            ]
          },
          "recName": "EF-hand calcium-binding domain-containing protein 6",
          "source": {
            "id": "Q6P1E8",
            "name": "protein",
            "url": "http://www.uniprot.org/uniprot/Q6P1E8"
          }
        }
      },
      "offsets": [
        {
          "start": 0,
          "text": "DJBP"
        }
      ],
      "part": "s1h1"
    },
    {
      "classId": "e_1",
      "confidence": {
        "prob": 1.0,
        "state": "",
        "who": [
          "ml:GNormPlus"
        ]
      },
      "fields": {},
      "normalizations": {
        "n_6": {
          "confidence": {
            "prob": 1.0,
            "state": "",
            "who": [
              "ml:GNormPlus"
            ]
          },
          "recName": "Efcab6",
          "source": {
            "id": "77627",
            "name": "gene",
            "url": "http://www.ncbi.nlm.nih.gov/gene/77627"
          }
        },
        "n_7": {
          "confidence": {
            "prob": 1.0,
            "state": "",
            "who": [
              "user:Ashish"
            ]
          },
          "recName": "EF-hand calcium-binding domain-containing protein 6",
          "source": {
            "id": "Q6P1E8",
            "name": "protein",
            "url": "http://www.uniprot.org/uniprot/Q6P1E8"
          }
        }
      },
      "offsets": [
        {
          "start": 14,
          "text": "DJ-1-binding protein"
        }
      ],
      "part": "s1h1"
    },
    {
      "classId": "e_2",
      "confidence": {
        "prob": 1.0,
        "state": "",
        "who": [
          "ml:GNormPlus"
        ]
      },
      "fields": {},
      "normalizations": {
        "n_6": {
          "confidence": {
            "prob": 1.0,
            "state": "",
            "who": [
              "ml:GNormPlus"
            ]
          },
          "recName": "Ar",
          "source": {
            "id": "11835",
            "name": "gene",
            "url": "http://www.ncbi.nlm.nih.gov/gene/11835"
          }
        },
        "n_7": {
          "confidence": {
            "prob": 1.0,
            "state": "",
            "who": [
              "user:Ashish"
            ]
          },
          "recName": "Androgen receptor",
          "source": {
            "id": "P19091",
            "name": "protein",
            "url": "http://www.uniprot.org/uniprot/P19091"
          }
        }
      },
      "offsets": [
        {
          "start": 61,
          "text": "androgen receptor"
        }
      ],
      "part": "s1h1"
    },
    {
      "classId": "e_1",
      "confidence": {
        "prob": 1.0,
        "state": "",
        "who": [
          "ml:GNormPlus"
        ]
      },
      "fields": {},
      "normalizations": {
        "n_6": {
          "confidence": {
            "prob": 1.0,
            "state": "",
            "who": [
              "ml:GNormPlus"
            ]
          },
          "recName": "Park7",
          "source": {
            "id": "57320",
            "name": "gene",
            "url": "http://www.ncbi.nlm.nih.gov/gene/57320"
          }
        },
        "n_7": {
          "confidence": {
            "prob": 1.0,
            "state": "",
            "who": [
              "user:Ashish"
            ]
          },
          "recName": "Protein deglycase DJ-1",
          "source": {
            "id": "Q99LX0",
            "name": "protein",
            "url": "http://www.uniprot.org/uniprot/Q99LX0"
          }
        }
      },
      "offsets": [
        {
          "start": 126,
          "text": "DJ-1"
        }
      ],
      "part": "s1h1"
    },
    {
      "classId": "e_1",
      "confidence": {
        "prob": 1.0,
        "state": "",
        "who": [
          "ml:GNormPlus"
        ]
      },
      "fields": {},
      "normalizations": {
        "n_6": {
          "confidence": {
            "prob": 1.0,
            "state": "",
            "who": [
              "ml:GNormPlus"
            ]
          },
          "recName": "Park7",
          "source": {
            "id": "57320",
            "name": "gene",
            "url": "http://www.ncbi.nlm.nih.gov/gene/57320"
          }
        },
        "n_7": {
          "confidence": {
            "prob": 1.0,
            "state": "",
            "who": [
              "user:Ashish"
            ]
          },
          "recName": "Protein deglycase DJ-1",
          "source": {
            "id": "Q99LX0",
            "name": "protein",
            "url": "http://www.uniprot.org/uniprot/Q99LX0"
          }
        }
      },
      "offsets": [
        {
          "start": 0,
          "text": "DJ-1"
        }
      ],
      "part": "s2p1"
    },
    {
      "classId": "e_1",
      "confidence": {
        "prob": 1.0,
        "state": "",
        "who": [
          "ml:GNormPlus"
        ]
      },
      "fields": {},
      "normalizations": {
        "n_6": {
          "confidence": {
            "prob": 1.0,
            "state": "",
            "who": [
              "ml:GNormPlus"
            ]
          },
          "recName": "Efcab6",
          "source": {
            "id": "77627",
            "name": "gene",
            "url": "http://www.ncbi.nlm.nih.gov/gene/77627"
          }
        },
        "n_7": {
          "confidence": {
            "prob": 1.0,
            "state": "",
            "who": [
              "user:Ashish"
            ]
          },
          "recName": "EF-hand calcium-binding domain-containing protein 6",
          "source": {
            "id": "Q99LX0",
            "name": "protein",
            "url": "http://www.uniprot.org/uniprot/Q99LX0"
          }
        }
      },
      "offsets": [
        {
          "start": 180,
          "text": "DJ-1-binding protein"
        }
      ],
      "part": "s2p1"
    },
    {
      "classId": "e_1",
      "confidence": {
        "prob": 1.0,
        "state": "",
        "who": [
          "ml:GNormPlus"
        ]
      },
      "fields": {},
      "normalizations": {
        "n_6": {
          "confidence": {
            "prob": 1.0,
            "state": "",
            "who": [
              "ml:GNormPlus"
            ]
          },
          "recName": "Park7",
          "source": {
            "id": "57320",
            "name": "gene",
            "url": "http://www.ncbi.nlm.nih.gov/gene/57320"
          }
        },
        "n_7": {
          "confidence": {
            "prob": 1.0,
            "state": "",
            "who": [
              "user:Ashish"
            ]
          },
          "recName": "Protein deglycase DJ-1",
          "source": {
            "id": "Q99LX0",
            "name": "protein",
            "url": "http://www.uniprot.org/uniprot/Q99LX0"
          }
        }
      },
      "offsets": [
        {
          "start": 217,
          "text": "DJ-1"
        }
      ],
      "part": "s2p1"
    },
    {
      "classId": "e_2",
      "confidence": {
        "prob": 1.0,
        "state": "",
        "who": [
          "ml:GNormPlus"
        ]
      },
      "fields": {},
      "normalizations": {
        "n_6": {
          "confidence": {
            "prob": 1.0,
            "state": "",
            "who": [
              "ml:GNormPlus"
            ]
          },
          "recName": "Ar",
          "source": {
            "id": "11835",
            "name": "gene",
            "url": "http://www.ncbi.nlm.nih.gov/gene/11835"
          }
        },
        "n_7": {
          "confidence": {
            "prob": 1.0,
            "state": "",
            "who": [
              "user:Ashish"
            ]
          },
          "recName": "Androgen receptor",
          "source": {
            "id": "Q99LX0",
            "name": "protein",
            "url": "http://www.uniprot.org/uniprot/Q99LX0"
          }
        }
      },
      "offsets": [
        {
          "start": 231,
          "text": "androgen receptor"
        }
      ],
      "part": "s2p1"
    },
    {
      "classId": "e_2",
      "confidence": {
        "prob": 1,
        "state": "",
        "who": [
          "user:Ashish"
        ]
      },
      "fields": {},
      "normalizations": {
        "n_6": {
          "confidence": {
            "prob": 1.0,
            "state": "",
            "who": [
              "ml:GNormPlus"
            ]
          },
          "recName": "Ar",
          "source": {
            "id": "11835",
            "name": "gene",
            "url": "http://www.ncbi.nlm.nih.gov/gene/11835"
          }
        },
        "n_7": {
          "confidence": {
            "prob": 1.0,
            "state": "",
            "who": [
              "user:Ashish"
            ]
          },
          "recName": "Androgen receptor",
          "source": {
            "id": "Q99LX0",
            "name": "protein",
            "url": "http://www.uniprot.org/uniprot/Q99LX0"
          }
        }
      },
      "offsets": [
        {
          "start": 231,
          "text": "androgen receptor"
        }
      ],
      "part": "s2p1"
    },
	{
      "classId": "e_2",
      "confidence": {
        "prob": 1,
        "state": "",
        "who": [
          "user:Ashish"
        ]
      },
      "fields": {},
      "normalizations": {
        "n_6": {
          "confidence": {
            "prob": 1.0,
            "state": "",
            "who": [
              "ml:GNormPlus"
            ]
          },
          "recName": "Ar",
          "source": {
            "id": "11835",
            "name": "gene",
            "url": "http://www.ncbi.nlm.nih.gov/gene/11835"
          }
        },
        "n_7": {
          "confidence": {
            "prob": 1.0,
            "state": "",
            "who": [
              "user:Ashish"
            ]
          },
          "recName": "Androgen receptor",
          "source": {
            "id": "Q99LX0",
            "name": "protein",
            "url": "http://www.uniprot.org/uniprot/Q99LX0"
          }
        }
      },
      "offsets": [
        {
          "start": 250,
          "text": "AR"
        }
      ],
      "part": "s2p1"
    },
    {
      "classId": "e_1",
      "confidence": {
        "prob": 1.0,
        "state": "",
        "who": [
          "ml:GNormPlus"
        ]
      },
      "fields": {},
      "normalizations": {
        "n_6": {
          "confidence": {
            "prob": 1.0,
            "state": "",
            "who": [
              "ml:GNormPlus"
            ]
          },
          "recName": "Pias2",
          "source": {
            "id": "17344",
            "name": "gene",
            "url": "http://www.ncbi.nlm.nih.gov/gene/17344"
          }
        },
        "n_7": {
          "confidence": {
            "prob": 1.0,
            "state": "",
            "who": [
              "user:Ashish"
            ]
          },
          "recName": "E3 SUMO-protein ligase PIAS2",
          "source": {
            "id": "Q8C5D8",
            "name": "protein",
            "url": "http://www.uniprot.org/uniprot/Q8C5D8"
          }
        }
      },
      "offsets": [
        {
          "start": 299,
          "text": "PIASxalpha"
        }
      ],
      "part": "s2p1"
    },
    {
      "classId": "e_1",
      "confidence": {
        "prob": 1,
        "state": "",
        "who": [
          "ml:GNormPlus"
        ]
      },
      "fields": {},
      "normalizations": {
        "n_6": {
          "confidence": {
            "prob": 1.0,
            "state": "",
            "who": [
              "ml:GNormPlus"
            ]
          },
          "recName": "Park7",
          "source": {
            "id": "57320",
            "name": "gene",
            "url": "http://www.ncbi.nlm.nih.gov/gene/57320"
          }
        },
        "n_7": {
          "confidence": {
            "prob": 1.0,
            "state": "",
            "who": [
              "user:Ashish"
            ]
          },
          "recName": "Protein deglycase DJ-1",
          "source": {
            "id": "Q99LX0",
            "name": "protein",
            "url": "http://www.uniprot.org/uniprot/Q99LX0"
          }
        }
      },
      "offsets": [
        {
          "start": 351,
          "text": "DJ-1"
        }
      ],
      "part": "s2p1"
    },
    {
      "classId": "e_1",
      "confidence": {
        "prob": 1,
        "state": "",
        "who": [
          "ml:GNormPlus"
        ]
      },
      "fields": {},
      "normalizations": {
        "n_6": {
          "confidence": {
            "prob": 1.0,
            "state": "",
            "who": [
              "ml:GNormPlus"
            ]
          },
          "recName": "Efcab6",
          "source": {
            "id": "77627",
            "name": "gene",
            "url": "http://www.ncbi.nlm.nih.gov/gene/77627"
          }
        },
        "n_7": {
          "confidence": {
            "prob": 1.0,
            "state": "",
            "who": [
              "user:Ashish"
            ]
          },
          "recName": "EF-hand calcium-binding domain-containing protein 6",
          "source": {
            "id": "Q6P1E8",
            "name": "protein",
            "url": "http://www.uniprot.org/uniprot/Q6P1E8"
          }
        }
      },
      "offsets": [
        {
          "start": 389,
          "text": "DJ-1-binding protein"
        }
      ],
      "part": "s2p1"
    },
    {
      "classId": "e_1",
      "confidence": {
        "prob": 1,
        "state": "",
        "who": [
          "ml:GNormPlus"
        ]
      },
      "fields": {},
      "normalizations": {
        "n_6": {
          "confidence": {
            "prob": 1.0,
            "state": "",
            "who": [
              "ml:GNormPlus"
            ]
          },
          "recName": "Efcab6",
          "source": {
            "id": "77627",
            "name": "gene",
            "url": "http://www.ncbi.nlm.nih.gov/gene/77627"
          }
        },
        "n_7": {
          "confidence": {
            "prob": 1.0,
            "state": "",
            "who": [
              "user:Ashish"
            ]
          },
          "recName": "EF-hand calcium-binding domain-containing protein 6",
          "source": {
            "id": "Q6P1E8",
            "name": "protein",
            "url": "http://www.uniprot.org/uniprot/Q6P1E8"
          }
        }
      },
      "offsets": [
        {
          "start": 411,
          "text": "DJBP"
        }
      ],
      "part": "s2p1"
    },
    {
      "classId": "e_1",
      "confidence": {
        "prob": 1.0,
        "state": "",
        "who": [
          "ml:GNormPlus"
        ]
      },
      "fields": {},
      "normalizations": {
        "n_6": {
          "confidence": {
            "prob": 1.0,
            "state": "",
            "who": [
              "ml:GNormPlus"
            ]
          },
          "recName": "Efcab6",
          "source": {
            "id": "77627",
            "name": "gene",
            "url": "http://www.ncbi.nlm.nih.gov/gene/77627"
          }
        },
        "n_7": {
          "confidence": {
            "prob": 1.0,
            "state": "",
            "who": [
              "user:Ashish"
            ]
          },
          "recName": "EF-hand calcium-binding domain-containing protein 6",
          "source": {
            "id": "Q8C5D8",
            "name": "protein",
            "url": "http://www.uniprot.org/uniprot/Q8C5D8"
          }
        }
      },
      "offsets": [
        {
          "start": 447,
          "text": "DJBP"
        }
      ],
      "part": "s2p1"
    },
    {
      "classId": "e_1",
      "confidence": {
        "prob": 1.0,
        "state": "",
        "who": [
          "ml:GNormPlus"
        ]
      },
      "fields": {},
      "normalizations": {
        "n_6": {
          "confidence": {
            "prob": 1.0,
            "state": "",
            "who": [
              "ml:GNormPlus"
            ]
          },
          "recName": "Efcab6",
          "source": {
            "id": "77627",
            "name": "gene",
            "url": "http://www.ncbi.nlm.nih.gov/gene/77627"
          }
        },
        "n_7": {
          "confidence": {
            "prob": 1.0,
            "state": "",
            "who": [
              "user:Ashish"
            ]
          },
          "recName": "EF-hand calcium-binding domain-containing protein 6",
          "source": {
            "id": "Q8C5D8",
            "name": "protein",
            "url": "http://www.uniprot.org/uniprot/Q8C5D8"
          }
        }
      },
      "offsets": [
        {
          "start": 541,
          "text": "DJBP"
        }
      ],
      "part": "s2p1"
    },
    {
      "classId": "e_1",
      "confidence": {
        "prob": 1.0,
        "state": "",
        "who": [
          "ml:GNormPlus"
        ]
      },
      "fields": {},
      "normalizations": {
        "n_6": {
          "confidence": {
            "prob": 1.0,
            "state": "",
            "who": [
              "ml:GNormPlus"
            ]
          },
          "recName": "Park7",
          "source": {
            "id": "57320",
            "name": "gene",
            "url": "http://www.ncbi.nlm.nih.gov/gene/57320"
          }
        },
        "n_7": {
          "confidence": {
            "prob": 1.0,
            "state": "",
            "who": [
              "user:Ashish"
            ]
          },
          "recName": "Protein deglycase DJ-1",
          "source": {
            "id": "Q8C5D8",
            "name": "protein",
            "url": "http://www.uniprot.org/uniprot/Q8C5D8"
          }
        }
      },
      "offsets": [
        {
          "start": 577,
          "text": "DJ-1"
        }
      ],
      "part": "s2p1"
    },
    {
      "classId": "e_1",
      "confidence": {
        "prob": 1.0,
        "state": "",
        "who": [
          "ml:GNormPlus"
        ]
      },
      "fields": {},
      "normalizations": {
        "n_6": {
          "confidence": {
            "prob": 1.0,
            "state": "",
            "who": [
              "ml:GNormPlus"
            ]
          },
          "recName": "Efcab6",
          "source": {
            "id": "77627",
            "name": "gene",
            "url": "http://www.ncbi.nlm.nih.gov/gene/77627"
          }
        },
        "n_7": {
          "confidence": {
            "prob": 1.0,
            "state": "",
            "who": [
              "user:Ashish"
            ]
          },
          "recName": "EF-hand calcium-binding domain-containing protein 6",
          "source": {
            "id": "Q8C5D8",
            "name": "protein",
            "url": "http://www.uniprot.org/uniprot/Q8C5D8"
          }
        }
      },
      "offsets": [
        {
          "start": 583,
          "text": "DJBP"
        }
      ],
      "part": "s2p1"
    },
    {
      "classId": "e_2",
      "confidence": {
        "prob": 1,
        "state": "pre-added",
        "who": [
          "user:Ashish"
        ]
      },
      "fields": {},
      "normalizations": {
        "n_6": {
          "confidence": {
            "prob": 1.0,
            "state": "",
            "who": [
              "ml:GNormPlus"
            ]
          },
          "recName": "Ar",
          "source": {
            "id": "11835",
            "name": "gene",
            "url": "http://www.ncbi.nlm.nih.gov/gene/11835"
          }
        },
        "n_7": {
          "confidence": {
            "prob": 1.0,
            "state": "",
            "who": [
              "user:Ashish"
            ]
          },
          "recName": "Androgen receptor",
          "source": {
            "id": "Q99LX0",
            "name": "protein",
            "url": "http://www.uniprot.org/uniprot/Q99LX0"
          }
        }
	  },
      "offsets": [
        {
          "start": 665,
          "text": "AR"
        }
      ],
      "part": "s2p1"
    },
	{
      "classId": "e_1",
      "confidence": {
        "prob": 1.0,
        "state": "",
        "who": [
          "ml:GNormPlus"
        ]
      },
      "fields": {},
      "normalizations": {
        "n_6": {
          "confidence": {
            "prob": 1.0,
            "state": "",
            "who": [
              "ml:GNormPlus"
            ]
          },
          "recName": "Park7",
          "source": {
            "id": "57320",
            "name": "gene",
            "url": "http://www.ncbi.nlm.nih.gov/gene/57320"
          }
        },
        "n_7": {
          "confidence": {
            "prob": 1.0,
            "state": "",
            "who": [
              "user:Ashish"
            ]
          },
          "recName": "Protein deglycase DJ-1",
          "source": {
            "id": "Q8C5D8",
            "name": "protein",
            "url": "http://www.uniprot.org/uniprot/Q8C5D8"
          }
        }
      },
      "offsets": [
        {
          "start": 730,
          "text": "DJ-1"
        }
      ],
      "part": "s2p1"
    },
    {
      "classId": "e_2",
      "confidence": {
        "prob": 1,
        "state": "pre-added",
        "who": [
          "user:Ashish"
        ]
      },
      "fields": {},
      "normalizations": {
        "n_6": {
          "confidence": {
            "prob": 1.0,
            "state": "",
            "who": [
              "ml:GNormPlus"
            ]
          },
          "recName": "Ar",
          "source": {
            "id": "11835",
            "name": "gene",
            "url": "http://www.ncbi.nlm.nih.gov/gene/11835"
          }
        },
        "n_7": {
          "confidence": {
            "prob": 1.0,
            "state": "",
            "who": [
              "user:Ashish"
            ]
          },
          "recName": "Androgen receptor",
          "source": {
            "id": "Q99LX0",
            "name": "protein",
            "url": "http://www.uniprot.org/uniprot/Q99LX0"
          }
        }
      },
      "offsets": [
        {
          "start": 738,
          "text": "AR"
        }
      ],
      "part": "s2p1"
    },
    {
      "classId": "e_1",
      "confidence": {
        "prob": 1.0,
        "state": "",
        "who": [
          "ml:GNormPlus"
        ]
      },
      "fields": {},
      "normalizations": {
        "n_6": {
          "confidence": {
            "prob": 1.0,
            "state": "",
            "who": [
              "ml:GNormPlus"
            ]
          },
          "recName": "Park7",
          "source": {
            "id": "57320",
            "name": "gene",
            "url": "http://www.ncbi.nlm.nih.gov/gene/57320"
          }
        },
        "n_7": {
          "confidence": {
            "prob": 1.0,
            "state": "",
            "who": [
              "user:Ashish"
            ]
          },
          "recName": "Protein deglycase DJ-1",
          "source": {
            "id": "Q8C5D8",
            "name": "protein",
            "url": "http://www.uniprot.org/uniprot/Q8C5D8"
          }
        }
      },
      "offsets": [
        {
          "start": 856,
          "text": "DJ-1"
        }
      ],
      "part": "s2p1"
    },
    {
      "classId": "e_1",
      "confidence": {
        "prob": 1.0,
        "state": "",
        "who": [
          "ml:GNormPlus"
        ]
      },
      "fields": {},
      "normalizations": {
        "n_6": {
          "confidence": {
            "prob": 1.0,
            "state": "",
            "who": [
              "ml:GNormPlus"
            ]
          },
          "recName": "Efcab6",
          "source": {
            "id": "77627",
            "name": "gene",
            "url": "http://www.ncbi.nlm.nih.gov/gene/77627"
          }
        },
        "n_7": {
          "confidence": {
            "prob": 1.0,
            "state": "",
            "who": [
              "user:Ashish"
            ]
          },
          "recName": "EF-hand calcium-binding domain-containing protein 6",
          "source": {
            "id": "Q8C5D8",
            "name": "protein",
            "url": "http://www.uniprot.org/uniprot/Q8C5D8"
          }
        }
      },
      "offsets": [
        {
          "start": 862,
          "text": "DJBP"
        }
      ],
      "part": "s2p1"
    },
    {
      "classId": "e_2",
      "confidence": {
        "prob": 1,
        "state": "pre-added",
        "who": [
          "user:Ashish"
        ]
      },
      "fields": {},
      "normalizations": {
        "n_6": {
          "confidence": {
            "prob": 1.0,
            "state": "",
            "who": [
              "ml:GNormPlus"
            ]
          },
          "recName": "Ar",
          "source": {
            "id": "11835",
            "name": "gene",
            "url": "http://www.ncbi.nlm.nih.gov/gene/11835"
          }
        },
        "n_7": {
          "confidence": {
            "prob": 1.0,
            "state": "",
            "who": [
              "user:Ashish"
            ]
          },
          "recName": "Androgen receptor",
          "source": {
            "id": "Q99LX0",
            "name": "protein",
            "url": "http://www.uniprot.org/uniprot/Q99LX0"
          }
        }
      },
      "offsets": [
        {
          "start": 872,
          "text": "AR"
        }
      ],
      "part": "s2p1"
    },
    {
      "classId": "e_1",
      "confidence": {
        "prob": 1.0,
        "state": "",
        "who": [
          "ml:GNormPlus"
        ]
      },
      "fields": {},
      "normalizations": {
        "n_6": {
          "confidence": {
            "prob": 1.0,
            "state": "",
            "who": [
              "ml:GNormPlus"
            ]
          },
          "recName": "Park7",
          "source": {
            "id": "57320",
            "name": "gene",
            "url": "http://www.ncbi.nlm.nih.gov/gene/57320"
          }
        },
        "n_7": {
          "confidence": {
            "prob": 1.0,
            "state": "",
            "who": [
              "user:Ashish"
            ]
          },
          "recName": "Protein deglycase DJ-1",
          "source": {
            "id": "Q8C5D8",
            "name": "protein",
            "url": "http://www.uniprot.org/uniprot/Q8C5D8"
          }
        }
      },
      "offsets": [
        {
          "start": 902,
          "text": "DJ-1"
        }
      ],
      "part": "s2p1"
    },
    {
      "classId": "e_2",
      "confidence": {
        "prob": 1,
        "state": "pre-added",
        "who": [
          "user:Ashish"
        ]
      },
      "fields": {},
      "normalizations": {
        "n_6": {
          "confidence": {
            "prob": 1.0,
            "state": "",
            "who": [
              "ml:GNormPlus"
            ]
          },
          "recName": "Ar",
          "source": {
            "id": "11835",
            "name": "gene",
            "url": "http://www.ncbi.nlm.nih.gov/gene/11835"
          }
        },
        "n_7": {
          "confidence": {
            "prob": 1.0,
            "state": "",
            "who": [
              "user:Ashish"
            ]
          },
          "recName": "Androgen receptor",
          "source": {
            "id": "Q99LX0",
            "name": "protein",
            "url": "http://www.uniprot.org/uniprot/Q99LX0"
          }
        }
      },
      "offsets": [
        {
          "start": 920,
          "text": "AR"
        }
      ],
      "part": "s2p1"
    },
    {
      "classId": "e_1",
      "confidence": {
        "prob": 1.0,
        "state": "",
        "who": [
          "ml:GNormPlus"
        ]
      },
      "fields": {},
      "normalizations": {
        "n_6": {
          "confidence": {
            "prob": 1.0,
            "state": "",
            "who": [
              "ml:GNormPlus"
            ]
          },
          "recName": "Efcab6",
          "source": {
            "id": "77627",
            "name": "gene",
            "url": "http://www.ncbi.nlm.nih.gov/gene/77627"
          }
        },
        "n_7": {
          "confidence": {
            "prob": 1.0,
            "state": "",
            "who": [
              "user:Ashish"
            ]
          },
          "recName": "EF-hand calcium-binding domain-containing protein 6",
          "source": {
            "id": "Q8C5D8",
            "name": "protein",
            "url": "http://www.uniprot.org/uniprot/Q8C5D8"
          }
        }
      },
      "offsets": [
        {
          "start": 927,
          "text": "DJBP"
        }
      ],
      "part": "s2p1"
    },
    {
      "classId": "e_1",
      "confidence": {
        "prob": 1.0,
        "state": "",
        "who": [
          "ml:GNormPlus"
        ]
      },
      "fields": {},
      "normalizations": {
        "n_6": {
          "confidence": {
            "prob": 1.0,
            "state": "",
            "who": [
              "ml:GNormPlus"
            ]
          },
          "recName": "Efcab6",
          "source": {
            "id": "77627",
            "name": "gene",
            "url": "http://www.ncbi.nlm.nih.gov/gene/77627"
          }
        },
        "n_7": {
          "confidence": {
            "prob": 1.0,
            "state": "",
            "who": [
              "user:Ashish"
            ]
          },
          "recName": "EF-hand calcium-binding domain-containing protein 6",
          "source": {
            "id": "Q8C5D8",
            "name": "protein",
            "url": "http://www.uniprot.org/uniprot/Q8C5D8"
          }
        }
      },
      "offsets": [
        {
          "start": 951,
          "text": "DJBP"
        }
      ],
      "part": "s2p1"
    },
    {
      "classId": "e_2",
      "confidence": {
        "prob": 1,
        "state": "",
        "who": [
          "user:Ashish"
        ]
      },
      "fields": {},
      "normalizations": {
        "n_6": {
          "confidence": {
            "prob": 1.0,
            "state": "",
            "who": [
              "ml:GNormPlus"
            ]
          },
          "recName": "Ar",
          "source": {
            "id": "11835",
            "name": "gene",
            "url": "http://www.ncbi.nlm.nih.gov/gene/11835"
          }
        },
        "n_7": {
          "confidence": {
            "prob": 1.0,
            "state": "",
            "who": [
              "user:Ashish"
            ]
          },
          "recName": "Androgen receptor",
          "source": {
            "id": "Q99LX0",
            "name": "protein",
            "url": "http://www.uniprot.org/uniprot/Q99LX0"
          }
        }
      },
      "offsets": [
        {
          "start": 231,
          "text": "androgen receptor"
        }
      ],
      "part": "s2p1"
    },
    {
      "classId": "e_2",
      "confidence": {
        "prob": 1.0,
        "state": "",
        "who": [
          "ml:GNormPlus"
        ]
      },
      "fields": {},
      "normalizations": {
        "n_6": {
          "confidence": {
            "prob": 1.0,
            "state": "",
            "who": [
              "ml:GNormPlus"
            ]
          },
          "recName": "Hdac1",
          "source": {
            "id": "433759",
            "name": "gene",
            "url": "http://www.ncbi.nlm.nih.gov/gene/433759"
          }
        },
        "n_7": {
          "confidence": {
            "prob": 1.0,
            "state": "",
            "who": [
              "user:Ashish"
            ]
          },
          "recName": "Histone deacetylase 1",
          "source": {
            "id": "O09106",
            "name": "protein",
            "url": "http://www.uniprot.org/uniprot/O09106"
          }
        }
      },
      "offsets": [
        {
          "start": 1100,
          "text": "HDAC1"
        }
      ],
      "part": "s2p1"
    },
    {
      "classId": "e_2",
      "confidence": {
        "prob": 1.0,
        "state": "",
        "who": [
          "ml:GNormPlus"
        ]
      },
      "fields": {},
      "normalizations": {
        "n_6": {
          "confidence": {
            "prob": 1.0,
            "state": "",
            "who": [
              "ml:GNormPlus"
            ]
          },
          "recName": "Sin3a",
          "source": {
            "id": "20466",
            "name": "gene",
            "url": "http://www.ncbi.nlm.nih.gov/gene/20466"
          }
        },
        "n_7": {
          "confidence": {
            "prob": 1.0,
            "state": "",
            "who": [
              "user:Ashish"
            ]
          },
          "recName": "Paired amphipathic helix protein Sin3a",
          "source": {
            "id": "Q60520",
            "name": "protein",
            "url": "http://www.uniprot.org/uniprot/Q60520"
          }
        }
      },
      "offsets": [
        {
          "start": 1110,
          "text": "mSin3"
        }
      ],
      "part": "s2p1"
    },
    {
      "classId": "e_1",
      "confidence": {
        "prob": 1.0,
        "state": "",
        "who": [
          "ml:GNormPlus"
        ]
      },
      "fields": {},
      "normalizations": {
        "n_6": {
          "confidence": {
            "prob": 1.0,
            "state": "",
            "who": [
              "ml:GNormPlus"
            ]
          },
          "recName": "Park7",
          "source": {
            "id": "57320",
            "name": "gene",
            "url": "http://www.ncbi.nlm.nih.gov/gene/57320"
          }
        },
        "n_7": {
          "confidence": {
            "prob": 1.0,
            "state": "",
            "who": [
              "user:Ashish"
            ]
          },
          "recName": "Protein deglycase DJ-1",
          "source": {
            "id": "Q60520",
            "name": "protein",
            "url": "http://www.uniprot.org/uniprot/Q60520"
          }
        }
      },
      "offsets": [
        {
          "start": 1126,
          "text": "DJ-1"
        }
      ],
      "part": "s2p1"
    },
    {
      "classId": "e_2",
      "confidence": {
        "prob": 1,
        "state": "pre-added",
        "who": [
          "user:Ashish"
        ]
      },
      "fields": {},
      "normalizations": {
        "n_6": {
          "confidence": {
            "prob": 1.0,
            "state": "",
            "who": [
              "ml:GNormPlus"
            ]
          },
          "recName": "Ar",
          "source": {
            "id": "11835",
            "name": "gene",
            "url": "http://www.ncbi.nlm.nih.gov/gene/11835"
          }
        },
        "n_7": {
          "confidence": {
            "prob": 1.0,
            "state": "",
            "who": [
              "user:Ashish"
            ]
          },
          "recName": "Androgen receptor",
          "source": {
            "id": "Q99LX0",
            "name": "protein",
            "url": "http://www.uniprot.org/uniprot/Q99LX0"
          }
        }
      },
      "offsets": [
        {
          "start": 1233,
          "text": "AR"
        }
      ],
      "part": "s2p1"
    },
    {
      "classId": "e_1",
      "confidence": {
        "prob": 1.0,
        "state": "",
        "who": [
          "ml:GNormPlus"
        ]
      },
      "fields": {},
      "normalizations": {
        "n_6": {
          "confidence": {
            "prob": 1.0,
            "state": "",
            "who": [
              "ml:GNormPlus"
            ]
          },
          "recName": "Park7",
          "source": {
            "id": "57320",
            "name": "gene",
            "url": "http://www.ncbi.nlm.nih.gov/gene/57320"
          }
        },
        "n_7": {
          "confidence": {
            "prob": 1.0,
            "state": "",
            "who": [
              "user:Ashish"
            ]
          },
          "recName": "Protein deglycase DJ-1",
          "source": {
            "id": "Q60520",
            "name": "protein",
            "url": "http://www.uniprot.org/uniprot/Q60520"
          }
        }
      },
      "offsets": [
        {
          "start": 1263,
          "text": "DJ-1"
        }
      ],
      "part": "s2p1"
    },
    {
      "classId": "e_1",
      "confidence": {
        "prob": 1.0,
        "state": "",
        "who": [
          "ml:GNormPlus"
        ]
      },
      "fields": {},
      "normalizations": {
        "n_6": {
          "confidence": {
            "prob": 1.0,
            "state": "",
            "who": [
              "ml:GNormPlus"
            ]
          },
          "recName": "Efcab6",
          "source": {
            "id": "77627",
            "name": "gene",
            "url": "http://www.ncbi.nlm.nih.gov/gene/77627"
          }
        },
        "n_7": {
          "confidence": {
            "prob": 1.0,
            "state": "",
            "who": [
              "user:Ashish"
            ]
          },
          "recName": "EF-hand calcium-binding domain-containing protein 6",
          "source": {
            "id": "Q60520",
            "name": "protein",
            "url": "http://www.uniprot.org/uniprot/Q60520"
          }
        }
      },
      "offsets": [
        {
          "start": 1334,
          "text": "DJBP"
        }
      ],
      "part": "s2p1"
    }
  ],
  "metas": {},
  "relations": [
    {
      "classId": "r_4",
      "confidence": {
        "prob": 1,
        "state": "",
        "who": [
          "user:Ashish"
        ]
      },
      "directed": false,
      "entities": [
        "s1h1|0,4",
        "s1h1|61,78"
      ],
      "type": "linked"
    },
    {
      "classId": "r_4",
      "confidence": {
        "prob": 1,
        "state": "",
        "who": [
          "user:Ashish"
        ]
      },
      "directed": false,
      "entities": [
        "s1h1|14,34",
        "s1h1|61,78"
      ],
      "type": "linked"
    },
    {
      "classId": "r_4",
      "confidence": {
        "prob": 1,
        "state": "",
        "who": [
          "user:Ashish"
        ]
      },
      "directed": false,
      "entities": [
        "s2p1|180,200",
        "s2p1|231,248"
      ],
      "type": "linked"
    },
    {
      "classId": "r_4",
      "confidence": {
        "prob": 1,
        "state": "",
        "who": [
          "user:Ashish"
        ]
      },
      "directed": false,
      "entities": [
        "s2p1|217,221",
        "s2p1|231,248"
      ],
      "type": "linked"
    },
    {
      "classId": "r_4",
      "confidence": {
        "prob": 1,
        "state": "",
        "who": [
          "user:Ashish"
        ]
      },
      "directed": false,
      "entities": [
        "s2p1|902,906",
        "s2p1|920,922"
      ],
      "type": "linked"
    }
  ],
  "sources": [
    {
      "id": "12612053",
      "name": "MEDLINE",
      "url": "http://ncbi.nlm.nih.gov/pubmed/12612053"
    },
    {
      "id": "12612053",
      "name": "PMID",
      "url": "http://www.ncbi.nlm.nih.gov/pubmed/12612053"
    }
  ]
}
