{
  "anncomplete": true,
  "annotatable": {
    "parts": [
      "s1h1",
      "s2h1",
      "s2p1"
    ]
  },
  "entities": [
    {
      "classId": "e_1",
      "confidence": {
        "prob": 1.0,
        "state": "",
        "who": [
          "ml:GNormPlus"
        ]
      },
      "fields": {},
      "normalizations": {
        "n_6": {
          "confidence": {
            "prob": 1.0,
            "state": "",
            "who": [
              "ml:GNormPlus"
            ]
          },
          "recName": "RANBP10",
          "source": {
            "id": "57610",
            "name": "gene",
            "url": "http://www.ncbi.nlm.nih.gov/gene/57610"
          }
        },
        "n_7": {
          "confidence": {
            "prob": 1.0,
            "state": "",
            "who": [
              "user:Ashish"
            ]
          },
          "recName": "Ran-binding protein 10",
          "source": {
            "id": "Q6VN20",
            "name": "protein",
            "url": "http://www.uniprot.org/uniprot/Q6VN20"
          }
        }
      },
      "offsets": [
        {
          "start": 0,
          "text": "RanBP10"
        }
      ],
      "part": "s1h1"
    },
    {
      "classId": "e_2",
      "confidence": {
        "prob": 1,
        "state": "",
        "who": [
          "ml:GNormPlus"
        ]
      },
      "fields": {},
      "normalizations": {
        "n_6": {
          "confidence": {
            "prob": 1.0,
            "state": "",
            "who": [
              "ml:GNormPlus"
            ]
          },
          "recName": "AR",
          "source": {
            "id": "367",
            "name": "gene",
            "url": "http://www.ncbi.nlm.nih.gov/gene/367"
          }
        },
        "n_7": {
          "confidence": {
            "prob": 1.0,
            "state": "",
            "who": [
              "user:Ashish"
            ]
          },
          "recName": "Androgen receptor",
          "source": {
            "id": "P10275",
            "name": "protein",
            "url": "http://www.uniprot.org/uniprot/P10275"
          }
        }
      },
      "offsets": [
        {
          "start": 44,
          "text": "androgen receptor"
        }
      ],
      "part": "s1h1"
    },
    {
      "classId": "e_2",
      "confidence": {
        "prob": 1,
        "state": "",
        "who": [
          "ml:GNormPlus"
        ]
      },
      "fields": {},
      "normalizations": {
        "n_6": {
          "confidence": {
            "prob": 1.0,
            "state": "",
            "who": [
              "ml:GNormPlus"
            ]
          },
          "recName": "AR",
          "source": {
            "id": "367",
            "name": "gene",
            "url": "http://www.ncbi.nlm.nih.gov/gene/367"
          }
        },
        "n_7": {
          "confidence": {
            "prob": 1.0,
            "state": "",
            "who": [
              "user:Ashish"
            ]
          },
          "recName": "Androgen receptor",
          "source": {
            "id": "P10275",
            "name": "protein",
            "url": "http://www.uniprot.org/uniprot/P10275"
          }
        }
      },
      "offsets": [
        {
          "start": 0,
          "text": "Androgen receptor"
        }
      ],
      "part": "s2p1"
    },
    {
      "classId": "e_1",
      "confidence": {
        "prob": 1.0,
        "state": "",
        "who": [
          "ml:GNormPlus"
        ]
      },
      "fields": {},
      "normalizations": {
        "n_6": {
          "confidence": {
            "prob": 1.0,
            "state": "",
            "who": [
              "ml:GNormPlus"
            ]
          },
          "recName": "RANBP10",
          "source": {
            "id": "57610",
            "name": "gene",
            "url": "http://www.ncbi.nlm.nih.gov/gene/57610"
          }
        },
        "n_7": {
          "confidence": {
            "prob": 1.0,
            "state": "",
            "who": [
              "user:Ashish"
            ]
          },
          "recName": "Ran-binding protein 10",
          "source": {
            "id": "Q6VN20",
            "name": "protein",
            "url": "http://www.uniprot.org/uniprot/Q6VN20"
          }
        }
      },
      "offsets": [
        {
          "start": 162,
          "text": "RanBP10"
        }
      ],
      "part": "s2p1"
    },
    {
      "classId": "e_1",
      "confidence": {
        "prob": 1.0,
        "state": "",
        "who": [
          "ml:GNormPlus"
        ]
      },
      "fields": {},
      "normalizations": {
        "n_6": {
          "confidence": {
            "prob": 1.0,
            "state": "",
            "who": [
              "ml:GNormPlus"
            ]
          },
          "recName": "RANBP9",
          "source": {
            "id": "10048",
            "name": "gene",
            "url": "http://www.ncbi.nlm.nih.gov/gene/10048"
          }
        },
        "n_7": {
          "confidence": {
            "prob": 1.0,
            "state": "",
            "who": [
              "user:Ashish"
            ]
          },
          "recName": "Ran-binding protein 9",
          "source": {
            "id": "Q96S59",
            "name": "protein",
            "url": "http://www.uniprot.org/uniprot/Q96S59"
          }
        }
      },
      "offsets": [
        {
          "start": 225,
          "text": "RanBPM"
        }
      ],
      "part": "s2p1"
    },
    {
      "classId": "e_1",
      "confidence": {
        "prob": 1.0,
        "state": "",
        "who": [
          "ml:GNormPlus"
        ]
      },
      "fields": {},
      "normalizations": {
        "n_6": {
          "confidence": {
            "prob": 1.0,
            "state": "",
            "who": [
              "ml:GNormPlus"
            ]
          },
          "recName": "RANBP10",
          "source": {
            "id": "57610",
            "name": "gene",
            "url": "http://www.ncbi.nlm.nih.gov/gene/57610"
          }
        },
        "n_7": {
          "confidence": {
            "prob": 1.0,
            "state": "",
            "who": [
              "user:Ashish"
            ]
          },
          "recName": "Ran-binding protein 10",
          "source": {
            "id": "Q96S59",
            "name": "protein",
            "url": "http://www.uniprot.org/uniprot/Q96S59"
          }
        }
      },
      "offsets": [
        {
          "start": 295,
          "text": "RanBP10"
        }
      ],
      "part": "s2p1"
    },
    {
      "classId": "e_1",
      "confidence": {
        "prob": 1.0,
        "state": "",
        "who": [
          "ml:GNormPlus"
        ]
      },
      "fields": {},
      "normalizations": {
        "n_6": {
          "confidence": {
            "prob": 1.0,
            "state": "",
            "who": [
              "ml:GNormPlus"
            ]
          },
          "recName": "RANBP10",
          "source": {
            "id": "57610",
            "name": "gene",
            "url": "http://www.ncbi.nlm.nih.gov/gene/57610"
          }
        },
        "n_7": {
          "confidence": {
            "prob": 1.0,
            "state": "",
            "who": [
              "user:Ashish"
            ]
          },
          "recName": "Ran-binding protein 10",
          "source": {
            "id": "Q96S59",
            "name": "protein",
            "url": "http://www.uniprot.org/uniprot/Q96S59"
          }
        }
      },
      "offsets": [
        {
          "start": 393,
          "text": "RanBP10"
        }
      ],
      "part": "s2p1"
    },
    {
      "classId": "e_1",
      "confidence": {
        "prob": 1.0,
        "state": "",
        "who": [
          "ml:GNormPlus"
        ]
      },
      "fields": {},
      "normalizations": {
        "n_6": {
          "confidence": {
            "prob": 1.0,
            "state": "",
            "who": [
              "ml:GNormPlus"
            ]
          },
          "recName": "RANBP9",
          "source": {
            "id": "10048",
            "name": "gene",
            "url": "http://www.ncbi.nlm.nih.gov/gene/10048"
          }
        },
        "n_7": {
          "confidence": {
            "prob": 1.0,
            "state": "",
            "who": [
              "user:Ashish"
            ]
          },
          "recName": "Ran-binding protein 9",
          "source": {
            "id": "Q96S59",
            "name": "protein",
            "url": "http://www.uniprot.org/uniprot/Q96S59"
          }
        }
      },
      "offsets": [
        {
          "start": 415,
          "text": "RanBPM"
        }
      ],
      "part": "s2p1"
    },
    {
      "classId": "e_1",
      "confidence": {
        "prob": 1.0,
        "state": "",
        "who": [
          "ml:GNormPlus"
        ]
      },
      "fields": {},
      "normalizations": {
        "n_6": {
          "confidence": {
            "prob": 1.0,
            "state": "",
            "who": [
              "ml:GNormPlus"
            ]
          },
          "recName": "RANBP10",
          "source": {
            "id": "57610",
            "name": "gene",
            "url": "http://www.ncbi.nlm.nih.gov/gene/57610"
          }
        },
        "n_7": {
          "confidence": {
            "prob": 1.0,
            "state": "",
            "who": [
              "user:Ashish"
            ]
          },
          "recName": "Ran-binding protein 10",
          "source": {
            "id": "Q96S59",
            "name": "protein",
            "url": "http://www.uniprot.org/uniprot/Q96S59"
          }
        }
      },
      "offsets": [
        {
          "start": 490,
          "text": "RanBP10"
        }
      ],
      "part": "s2p1"
    },
    {
      "classId": "e_2",
      "confidence": {
        "prob": 1.0,
        "state": "",
        "who": [
          "ml:GNormPlus"
        ]
      },
      "fields": {},
      "normalizations": {
        "n_6": {
          "confidence": {
            "prob": 1.0,
            "state": "",
            "who": [
              "ml:GNormPlus"
            ]
          },
          "recName": "NR3C1",
          "source": {
            "id": "2908",
            "name": "gene",
            "url": "http://www.ncbi.nlm.nih.gov/gene/2908"
          }
        },
        "n_7": {
          "confidence": {
            "prob": 1.0,
            "state": "",
            "who": [
              "user:Ashish"
            ]
          },
          "recName": "Glucocorticoid receptor",
          "source": {
            "id": "P04150",
            "name": "protein",
            "url": "http://www.uniprot.org/uniprot/P04150"
          }
        }
      },
      "offsets": [
        {
          "start": 535,
          "text": "glucocorticoid receptor"
        }
      ],
      "part": "s2p1"
    },
    {
      "classId": "e_2",
      "confidence": {
        "prob": 1.0,
        "state": "",
        "who": [
          "ml:GNormPlus"
        ]
      },
      "fields": {},
      "normalizations": {
        "n_6": {
          "confidence": {
            "prob": 1.0,
            "state": "",
            "who": [
              "ml:GNormPlus"
            ]
          },
          "recName": "ESR1",
          "source": {
            "id": "2099",
            "name": "gene",
            "url": "http://www.ncbi.nlm.nih.gov/gene/2099"
          }
        },
        "n_7": {
          "confidence": {
            "prob": 1.0,
            "state": "",
            "who": [
              "user:Ashish"
            ]
          },
          "recName": "Estrogen receptor",
          "source": {
            "id": "P03372",
            "name": "protein",
            "url": "http://www.uniprot.org/uniprot/P03372"
          }
        }
      },
      "offsets": [
        {
          "start": 568,
          "text": "estrogen receptor alpha"
        }
      ],
      "part": "s2p1"
    },
    {
      "classId": "e_1",
      "confidence": {
        "prob": 1.0,
        "state": "",
        "who": [
          "ml:GNormPlus"
        ]
      },
      "fields": {},
      "normalizations": {
        "n_6": {
          "confidence": {
            "prob": 1.0,
            "state": "",
            "who": [
              "ml:GNormPlus"
            ]
          },
          "recName": "RANBP10",
          "source": {
            "id": "57610",
            "name": "gene",
            "url": "http://www.ncbi.nlm.nih.gov/gene/57610"
          }
        },
        "n_7": {
          "confidence": {
            "prob": 1.0,
            "state": "",
            "who": [
              "user:Ashish"
            ]
          },
          "recName": "Ran-binding protein 10",
          "source": {
            "id": "P03372",
            "name": "protein",
            "url": "http://www.uniprot.org/uniprot/P03372"
          }
        }
      },
      "offsets": [
        {
          "start": 593,
          "text": "RanBP10"
        }
      ],
      "part": "s2p1"
    },
    {
      "classId": "e_1",
      "confidence": {
        "prob": 1.0,
        "state": "",
        "who": [
          "ml:GNormPlus"
        ]
      },
      "fields": {},
      "normalizations": {
        "n_6": {
          "confidence": {
            "prob": 1.0,
            "state": "",
            "who": [
              "ml:GNormPlus"
            ]
          },
          "recName": "RANBP9",
          "source": {
            "id": "10048",
            "name": "gene",
            "url": "http://www.ncbi.nlm.nih.gov/gene/10048"
          }
        },
        "n_7": {
          "confidence": {
            "prob": 1.0,
            "state": "",
            "who": [
              "user:Ashish"
            ]
          },
          "recName": "Ran-binding protein 9",
          "source": {
            "id": "P03372",
            "name": "protein",
            "url": "http://www.uniprot.org/uniprot/P03372"
          }
        }
      },
      "offsets": [
        {
          "start": 672,
          "text": "RanBPM"
        }
      ],
      "part": "s2p1"
    },
    {
      "classId": "e_1",
      "confidence": {
        "prob": 1.0,
        "state": "",
        "who": [
          "ml:GNormPlus"
        ]
      },
      "fields": {},
      "normalizations": {
        "n_6": {
          "confidence": {
            "prob": 1.0,
            "state": "",
            "who": [
              "ml:GNormPlus"
            ]
          },
          "recName": "RANBP10",
          "source": {
            "id": "57610",
            "name": "gene",
            "url": "http://www.ncbi.nlm.nih.gov/gene/57610"
          }
        },
        "n_7": {
          "confidence": {
            "prob": 1.0,
            "state": "",
            "who": [
              "user:Ashish"
            ]
          },
          "recName": "Ran-binding protein 10",
          "source": {
            "id": "P03372",
            "name": "protein",
            "url": "http://www.uniprot.org/uniprot/P03372"
          }
        }
      },
      "offsets": [
        {
          "start": 752,
          "text": "RanBP10"
        }
      ],
      "part": "s2p1"
    },
    {
      "classId": "e_1",
      "confidence": {
        "prob": 1.0,
        "state": "",
        "who": [
          "ml:GNormPlus"
        ]
      },
      "fields": {},
      "normalizations": {
        "n_6": {
          "confidence": {
            "prob": 1.0,
            "state": "",
            "who": [
              "ml:GNormPlus"
            ]
          },
          "recName": "RANBP9",
          "source": {
            "id": "10048",
            "name": "gene",
            "url": "http://www.ncbi.nlm.nih.gov/gene/10048"
          }
        },
        "n_7": {
          "confidence": {
            "prob": 1.0,
            "state": "",
            "who": [
              "user:Ashish"
            ]
          },
          "recName": "Ran-binding protein 9",
          "source": {
            "id": "P03372",
            "name": "protein",
            "url": "http://www.uniprot.org/uniprot/P03372"
          }
        }
      },
      "offsets": [
        {
          "start": 789,
          "text": "RanBPM"
        }
      ],
      "part": "s2p1"
    },
    {
      "classId": "e_1",
      "confidence": {
        "prob": 1.0,
        "state": "",
        "who": [
          "ml:GNormPlus"
        ]
      },
      "fields": {},
      "normalizations": {
        "n_6": {
          "confidence": {
            "prob": 1.0,
            "state": "",
            "who": [
              "ml:GNormPlus"
            ]
          },
          "recName": "RANBP9",
          "source": {
            "id": "10048",
            "name": "gene",
            "url": "http://www.ncbi.nlm.nih.gov/gene/10048"
          }
        },
        "n_7": {
          "confidence": {
            "prob": 1.0,
            "state": "",
            "who": [
              "user:Ashish"
            ]
          },
          "recName": "Ran-binding protein 9",
          "source": {
            "id": "P03372",
            "name": "protein",
            "url": "http://www.uniprot.org/uniprot/P03372"
          }
        }
      },
      "offsets": [
        {
          "start": 877,
          "text": "RanBPM"
        }
      ],
      "part": "s2p1"
    },
    {
      "classId": "e_1",
      "confidence": {
        "prob": 1.0,
        "state": "",
        "who": [
          "ml:GNormPlus"
        ]
      },
      "fields": {},
      "normalizations": {
        "n_6": {
          "confidence": {
            "prob": 1.0,
            "state": "",
            "who": [
              "ml:GNormPlus"
            ]
          },
          "recName": "RANBP10",
          "source": {
            "id": "57610",
            "name": "gene",
            "url": "http://www.ncbi.nlm.nih.gov/gene/57610"
          }
        },
        "n_7": {
          "confidence": {
            "prob": 1.0,
            "state": "",
            "who": [
              "user:Ashish"
            ]
          },
          "recName": "Ran-binding protein 10",
          "source": {
            "id": "P03372",
            "name": "protein",
            "url": "http://www.uniprot.org/uniprot/P03372"
          }
        }
      },
      "offsets": [
        {
          "start": 912,
          "text": "RanBP10"
        }
      ],
      "part": "s2p1"
    },
    {
      "classId": "e_1",
      "confidence": {
        "prob": 1.0,
        "state": "",
        "who": [
          "ml:GNormPlus"
        ]
      },
      "fields": {},
      "normalizations": {
        "n_6": {
          "confidence": {
            "prob": 1.0,
            "state": "",
            "who": [
              "ml:GNormPlus"
            ]
          },
          "recName": "RANBP9",
          "source": {
            "id": "10048",
            "name": "gene",
            "url": "http://www.ncbi.nlm.nih.gov/gene/10048"
          }
        },
        "n_7": {
          "confidence": {
            "prob": 1.0,
            "state": "",
            "who": [
              "user:Ashish"
            ]
          },
          "recName": "Ran-binding protein 9",
          "source": {
            "id": "P03372",
            "name": "protein",
            "url": "http://www.uniprot.org/uniprot/P03372"
          }
        }
      },
      "offsets": [
        {
          "start": 993,
          "text": "RanBPM"
        }
      ],
      "part": "s2p1"
    }
  ],
  "metas": {},
  "relations": [
    {
      "classId": "r_4",
      "confidence": {
        "prob": 1,
        "state": "",
        "who": [
          "user:Ashish"
        ]
      },
      "directed": false,
      "entities": [
        "s1h1|0,7",
        "s1h1|44,61"
      ],
      "type": "linked"
    }
  ],
  "sources": [
    {
      "id": "18222118",
      "name": "MEDLINE",
      "url": "http://ncbi.nlm.nih.gov/pubmed/18222118"
    },
    {
      "id": "18222118",
      "name": "PMID",
      "url": "http://www.ncbi.nlm.nih.gov/pubmed/18222118"
    }
  ]
}
