{
  "anncomplete": true,
  "annotatable": {
    "parts": [
      "s1h1",
      "s2h1",
      "s2p1"
    ]
  },
  "entities": [
    {
      "classId": "e_1",
      "confidence": {
        "prob": 1.0,
        "state": "",
        "who": [
          "ml:GNormPlus"
        ]
      },
      "fields": {},
      "normalizations": {
        "n_6": {
          "confidence": {
            "prob": 1.0,
            "state": "",
            "who": [
              "ml:GNormPlus"
            ]
          },
          "recName": "CARM1",
          "source": {
            "id": "10498",
            "name": "gene",
            "url": "http://www.ncbi.nlm.nih.gov/gene/10498"
          }
        },
        "n_7": {
          "confidence": {
            "prob": 1.0,
            "state": "",
            "who": [
              "user:Ashish"
            ]
          },
          "recName": "Histone-arginine methyltransferase CARM1",
          "source": {
            "id": "Q86X55",
            "name": "protein",
            "url": "http://www.uniprot.org/uniprot/Q86X55"
          }
        }
      },
      "offsets": [
        {
          "start": 0,
          "text": "Coactivator-associated arginine methyltransferase-1"
        }
      ],
      "part": "s1h1"
    },
    {
      "classId": "e_2",
      "confidence": {
        "prob": 1.0,
        "state": "",
        "who": [
          "ml:GNormPlus"
        ]
      },
      "fields": {},
      "normalizations": {
        "n_6": {
          "confidence": {
            "prob": 1.0,
            "state": "",
            "who": [
              "ml:GNormPlus"
            ]
          },
          "recName": "NFKB1",
          "source": {
            "id": "4790",
            "name": "gene",
            "url": "http://www.ncbi.nlm.nih.gov/gene/4790"
          }
        },
        "n_7": {
          "confidence": {
            "prob": 1.0,
            "state": "",
            "who": [
              "user:Ashish"
            ]
          },
          "recName": "Nuclear factor NF-kappa-B p105 subunit",
          "source": {
            "id": "P19838",
            "name": "protein",
            "url": "http://www.uniprot.org/uniprot/P19838"
          }
        }
      },
      "offsets": [
        {
          "start": 61,
          "text": "nuclear factor-kappaB"
        }
      ],
      "part": "s1h1"
    },
    {
      "classId": "e_1",
      "confidence": {
        "prob": 1.0,
        "state": "",
        "who": [
          "ml:GNormPlus"
        ]
      },
      "fields": {},
      "normalizations": {
        "n_6": {
          "confidence": {
            "prob": 1.0,
            "state": "",
            "who": [
              "ml:GNormPlus"
            ]
          },
          "recName": "CARM1",
          "source": {
            "id": "10498",
            "name": "gene",
            "url": "http://www.ncbi.nlm.nih.gov/gene/10498"
          }
        },
        "n_7": {
          "confidence": {
            "prob": 1.0,
            "state": "",
            "who": [
              "user:Ashish"
            ]
          },
          "recName": "Histone-arginine methyltransferase CARM1",
          "source": {
            "id": "P19838",
            "name": "protein",
            "url": "http://www.uniprot.org/uniprot/P19838"
          }
        }
      },
      "offsets": [
        {
          "start": 0,
          "text": "Coactivator-associated arginine methyltransferase-1"
        }
      ],
      "part": "s2p1"
    },
    {
      "classId": "e_1",
      "confidence": {
        "prob": 1.0,
        "state": "",
        "who": [
          "ml:GNormPlus"
        ]
      },
      "fields": {},
      "normalizations": {
        "n_6": {
          "confidence": {
            "prob": 1.0,
            "state": "",
            "who": [
              "ml:GNormPlus"
            ]
          },
          "recName": "CARM1",
          "source": {
            "id": "10498",
            "name": "gene",
            "url": "http://www.ncbi.nlm.nih.gov/gene/10498"
          }
        },
        "n_7": {
          "confidence": {
            "prob": 1.0,
            "state": "",
            "who": [
              "user:Ashish"
            ]
          },
          "recName": "Histone-arginine methyltransferase CARM1",
          "source": {
            "id": "P19838",
            "name": "protein",
            "url": "http://www.uniprot.org/uniprot/P19838"
          }
        }
      },
      "offsets": [
        {
          "start": 53,
          "text": "CARM1"
        }
      ],
      "part": "s2p1"
    },
    {
      "classId": "e_1",
      "confidence": {
        "prob": 1.0,
        "state": "",
        "who": [
          "ml:GNormPlus"
        ]
      },
      "fields": {},
      "normalizations": {
        "n_6": {
          "confidence": {
            "prob": 1.0,
            "state": "",
            "who": [
              "ml:GNormPlus"
            ]
          },
          "recName": "MYBBP1A",
          "source": {
            "id": "10514",
            "name": "gene",
            "url": "http://www.ncbi.nlm.nih.gov/gene/10514"
          }
        },
        "n_7": {
          "confidence": {
            "prob": 1.0,
            "state": "",
            "who": [
              "user:Ashish"
            ]
          },
          "recName": "Myb-binding protein 1A",
          "source": {
            "id": "Q9BQG0",
            "name": "protein",
            "url": "http://www.uniprot.org/uniprot/Q9BQG0"
          }
        }
      },
      "offsets": [
        {
          "start": 171,
          "text": "p160"
        }
      ],
      "part": "s2p1"
    },
    {
      "classId": "e_1",
      "confidence": {
        "prob": 1.0,
        "state": "",
        "who": [
          "ml:GNormPlus"
        ]
      },
      "fields": {},
      "normalizations": {
        "n_6": {
          "confidence": {
            "prob": 1.0,
            "state": "",
            "who": [
              "ml:GNormPlus"
            ]
          },
          "recName": "PAG1",
          "source": {
            "id": "55824",
            "name": "gene",
            "url": "http://www.ncbi.nlm.nih.gov/gene/55824"
          }
        },
        "n_7": {
          "confidence": {
            "prob": 1.0,
            "state": "",
            "who": [
              "user:Ashish"
            ]
          },
          "recName": "Phosphoprotein associated with glycosphingolipid-enriched microdomains 1",
          "source": {
            "id": "Q9NWQ8",
            "name": "protein",
            "url": "http://www.uniprot.org/uniprot/Q9NWQ8"
          }
        }
      },
      "offsets": [
        {
          "start": 235,
          "text": "CBP"
        }
      ],
      "part": "s2p1"
    },
    {
      "classId": "e_1",
      "confidence": {
        "prob": 1.0,
        "state": "",
        "who": [
          "ml:GNormPlus"
        ]
      },
      "fields": {},
      "normalizations": {
        "n_6": {
          "confidence": {
            "prob": 1.0,
            "state": "",
            "who": [
              "ml:GNormPlus"
            ]
          },
          "recName": "CARM1",
          "source": {
            "id": "10498",
            "name": "gene",
            "url": "http://www.ncbi.nlm.nih.gov/gene/10498"
          }
        },
        "n_7": {
          "confidence": {
            "prob": 1.0,
            "state": "",
            "who": [
              "user:Ashish"
            ]
          },
          "recName": "Histone-arginine methyltransferase CARM1",
          "source": {
            "id": "Q9NWQ8",
            "name": "protein",
            "url": "http://www.uniprot.org/uniprot/Q9NWQ8"
          }
        }
      },
      "offsets": [
        {
          "start": 314,
          "text": "CARM1"
        }
      ],
      "part": "s2p1"
    },
    {
      "classId": "e_2",
      "confidence": {
        "prob": 1.0,
        "state": "",
        "who": [
          "ml:GNormPlus"
        ]
      },
      "fields": {},
      "normalizations": {
        "n_6": {
          "confidence": {
            "prob": 1.0,
            "state": "",
            "who": [
              "ml:GNormPlus"
            ]
          },
          "recName": "NFKB1",
          "source": {
            "id": "4790",
            "name": "gene",
            "url": "http://www.ncbi.nlm.nih.gov/gene/4790"
          }
        },
        "n_7": {
          "confidence": {
            "prob": 1.0,
            "state": "",
            "who": [
              "user:Ashish"
            ]
          },
          "recName": "Nuclear factor NF-kappa-B p105 subunit",
          "source": {
            "id": "Q9NWQ8",
            "name": "protein",
            "url": "http://www.uniprot.org/uniprot/Q9NWQ8"
          }
        }
      },
      "offsets": [
        {
          "start": 374,
          "text": "nuclear factor-kappaB"
        }
      ],
      "part": "s2p1"
    },
    {
      "classId": "e_1",
      "confidence": {
        "prob": 1.0,
        "state": "",
        "who": [
          "ml:GNormPlus"
        ]
      },
      "fields": {},
      "normalizations": {
        "n_6": {
          "confidence": {
            "prob": 1.0,
            "state": "",
            "who": [
              "ml:GNormPlus"
            ]
          },
          "recName": "PAG1",
          "source": {
            "id": "55824",
            "name": "gene",
            "url": "http://www.ncbi.nlm.nih.gov/gene/55824"
          }
        },
        "n_7": {
          "confidence": {
            "prob": 1.0,
            "state": "",
            "who": [
              "user:Ashish"
            ]
          },
          "recName": "Phosphoprotein associated with glycosphingolipid-enriched microdomains 1",
          "source": {
            "id": "Q9NWQ8",
            "name": "protein",
            "url": "http://www.uniprot.org/uniprot/Q9NWQ8"
          }
        }
      },
      "offsets": [
        {
          "start": 444,
          "text": "CBP"
        }
      ],
      "part": "s2p1"
    },
    {
      "classId": "e_2",
      "confidence": {
        "prob": 1.0,
        "state": "",
        "who": [
          "ml:GNormPlus"
        ]
      },
      "fields": {},
      "normalizations": {
        "n_6": {
          "confidence": {
            "prob": 1.0,
            "state": "",
            "who": [
              "ml:GNormPlus"
            ]
          },
          "recName": "EP300",
          "source": {
            "id": "2033",
            "name": "gene",
            "url": "http://www.ncbi.nlm.nih.gov/gene/2033"
          }
        },
        "n_7": {
          "confidence": {
            "prob": 1.0,
            "state": "",
            "who": [
              "user:Ashish"
            ]
          },
          "recName": "Histone acetyltransferase p300",
          "source": {
            "id": "Q09472",
            "name": "protein",
            "url": "http://www.uniprot.org/uniprot/Q09472"
          }
        }
      },
      "offsets": [
        {
          "start": 449,
          "text": "p300"
        }
      ],
      "part": "s2p1"
    },
    {
      "classId": "e_1",
      "confidence": {
        "prob": 1.0,
        "state": "",
        "who": [
          "ml:GNormPlus"
        ]
      },
      "fields": {},
      "normalizations": {
        "n_6": {
          "confidence": {
            "prob": 1.0,
            "state": "",
            "who": [
              "ml:GNormPlus"
            ]
          },
          "recName": "CARM1",
          "source": {
            "id": "10498",
            "name": "gene",
            "url": "http://www.ncbi.nlm.nih.gov/gene/10498"
          }
        },
        "n_7": {
          "confidence": {
            "prob": 1.0,
            "state": "",
            "who": [
              "user:Ashish"
            ]
          },
          "recName": "Histone-arginine methyltransferase CARM1",
          "source": {
            "id": "Q09472",
            "name": "protein",
            "url": "http://www.uniprot.org/uniprot/Q09472"
          }
        }
      },
      "offsets": [
        {
          "start": 592,
          "text": "CARM1"
        }
      ],
      "part": "s2p1"
    },
    {
      "classId": "e_1",
      "confidence": {
        "prob": 1.0,
        "state": "",
        "who": [
          "ml:GNormPlus"
        ]
      },
      "fields": {},
      "normalizations": {
        "n_6": {
          "confidence": {
            "prob": 1.0,
            "state": "",
            "who": [
              "ml:GNormPlus"
            ]
          },
          "recName": "CARM1",
          "source": {
            "id": "10498",
            "name": "gene",
            "url": "http://www.ncbi.nlm.nih.gov/gene/10498"
          }
        },
        "n_7": {
          "confidence": {
            "prob": 1.0,
            "state": "",
            "who": [
              "user:Ashish"
            ]
          },
          "recName": "Histone-arginine methyltransferase CARM1",
          "source": {
            "id": "Q09472",
            "name": "protein",
            "url": "http://www.uniprot.org/uniprot/Q09472"
          }
        }
      },
      "offsets": [
        {
          "start": 642,
          "text": "CARM1"
        }
      ],
      "part": "s2p1"
    },
    {
      "classId": "e_2",
      "confidence": {
        "prob": 1.0,
        "state": "",
        "who": [
          "ml:GNormPlus"
        ]
      },
      "fields": {},
      "normalizations": {
        "n_6": {
          "confidence": {
            "prob": 1.0,
            "state": "",
            "who": [
              "ml:GNormPlus"
            ]
          },
          "recName": "RELA",
          "source": {
            "id": "5970",
            "name": "gene",
            "url": "http://www.ncbi.nlm.nih.gov/gene/5970"
          }
        },
        "n_7": {
          "confidence": {
            "prob": 1.0,
            "state": "",
            "who": [
              "user:Ashish"
            ]
          },
          "recName": "Transcription factor p65",
          "source": {
            "id": "Q04206",
            "name": "protein",
            "url": "http://www.uniprot.org/uniprot/Q04206"
          }
        }
      },
      "offsets": [
        {
          "start": 688,
          "text": "NF-kappaB p65"
        }
      ],
      "part": "s2p1"
    },
    {
      "classId": "e_1",
      "confidence": {
        "prob": 1.0,
        "state": "",
        "who": [
          "ml:GNormPlus"
        ]
      },
      "fields": {},
      "normalizations": {
        "n_6": {
          "confidence": {
            "prob": 1.0,
            "state": "",
            "who": [
              "ml:GNormPlus"
            ]
          },
          "recName": "PAG1",
          "source": {
            "id": "55824",
            "name": "gene",
            "url": "http://www.ncbi.nlm.nih.gov/gene/55824"
          }
        },
        "n_7": {
          "confidence": {
            "prob": 1.0,
            "state": "",
            "who": [
              "user:Ashish"
            ]
          },
          "recName": "Phosphoprotein associated with glycosphingolipid-enriched microdomains 1",
          "source": {
            "id": "Q04206",
            "name": "protein",
            "url": "http://www.uniprot.org/uniprot/Q04206"
          }
        }
      },
      "offsets": [
        {
          "start": 729,
          "text": "CBP"
        }
      ],
      "part": "s2p1"
    },
    {
      "classId": "e_1",
      "confidence": {
        "prob": 1.0,
        "state": "",
        "who": [
          "ml:GNormPlus"
        ]
      },
      "fields": {},
      "normalizations": {
        "n_6": {
          "confidence": {
            "prob": 1.0,
            "state": "",
            "who": [
              "ml:GNormPlus"
            ]
          },
          "recName": "KRT14",
          "source": {
            "id": "3861",
            "name": "gene",
            "url": "http://www.ncbi.nlm.nih.gov/gene/3861"
          }
        },
        "n_7": {
          "confidence": {
            "prob": 1.0,
            "state": "",
            "who": [
              "user:Ashish"
            ]
          },
          "recName": "Keratin, type I cytoskeletal 14",
          "source": {
            "id": "P02533",
            "name": "protein",
            "url": "http://www.uniprot.org/uniprot/P02533"
          }
        }
      },
      "offsets": [
        {
          "start": 859,
          "text": "K14"
        }
      ],
      "part": "s2p1"
    },
    {
      "classId": "e_2",
      "confidence": {
        "prob": 1.0,
        "state": "",
        "who": [
          "ml:GNormPlus"
        ]
      },
      "fields": {},
      "normalizations": {
        "n_6": {
          "confidence": {
            "prob": 1.0,
            "state": "",
            "who": [
              "ml:GNormPlus"
            ]
          },
          "recName": "RELA",
          "source": {
            "id": "5970",
            "name": "gene",
            "url": "http://www.ncbi.nlm.nih.gov/gene/5970"
          }
        },
        "n_7": {
          "confidence": {
            "prob": 1.0,
            "state": "",
            "who": [
              "user:Ashish"
            ]
          },
          "recName": "Transcription factor p65",
          "source": {
            "id": "P02533",
            "name": "protein",
            "url": "http://www.uniprot.org/uniprot/P02533"
          }
        }
      },
      "offsets": [
        {
          "start": 939,
          "text": "p65"
        }
      ],
      "part": "s2p1"
    },
    {
      "classId": "e_1",
      "confidence": {
        "prob": 1.0,
        "state": "",
        "who": [
          "ml:GNormPlus"
        ]
      },
      "fields": {},
      "normalizations": {
        "n_6": {
          "confidence": {
            "prob": 1.0,
            "state": "",
            "who": [
              "ml:GNormPlus"
            ]
          },
          "recName": "CARM1",
          "source": {
            "id": "10498",
            "name": "gene",
            "url": "http://www.ncbi.nlm.nih.gov/gene/10498"
          }
        },
        "n_7": {
          "confidence": {
            "prob": 1.0,
            "state": "",
            "who": [
              "user:Ashish"
            ]
          },
          "recName": "Histone-arginine methyltransferase CARM1",
          "source": {
            "id": "P02533",
            "name": "protein",
            "url": "http://www.uniprot.org/uniprot/P02533"
          }
        }
      },
      "offsets": [
        {
          "start": 966,
          "text": "CARM1"
        }
      ],
      "part": "s2p1"
    },
    {
      "classId": "e_2",
      "confidence": {
        "prob": 1.0,
        "state": "",
        "who": [
          "ml:GNormPlus"
        ]
      },
      "fields": {},
      "normalizations": {
        "n_6": {
          "confidence": {
            "prob": 1.0,
            "state": "",
            "who": [
              "ml:GNormPlus"
            ]
          },
          "recName": "RELA",
          "source": {
            "id": "5970",
            "name": "gene",
            "url": "http://www.ncbi.nlm.nih.gov/gene/5970"
          }
        },
        "n_7": {
          "confidence": {
            "prob": 1.0,
            "state": "",
            "who": [
              "user:Ashish"
            ]
          },
          "recName": "Transcription factor p65",
          "source": {
            "id": "P02533",
            "name": "protein",
            "url": "http://www.uniprot.org/uniprot/P02533"
          }
        }
      },
      "offsets": [
        {
          "start": 998,
          "text": "NF-kappaB p65"
        }
      ],
      "part": "s2p1"
    },
    {
      "classId": "e_1",
      "confidence": {
        "prob": 1.0,
        "state": "",
        "who": [
          "ml:GNormPlus"
        ]
      },
      "fields": {},
      "normalizations": {
        "n_6": {
          "confidence": {
            "prob": 1.0,
            "state": "",
            "who": [
              "ml:GNormPlus"
            ]
          },
          "recName": "TNF",
          "source": {
            "id": "7124",
            "name": "gene",
            "url": "http://www.ncbi.nlm.nih.gov/gene/7124"
          }
        },
        "n_7": {
          "confidence": {
            "prob": 1.0,
            "state": "",
            "who": [
              "user:Ashish"
            ]
          },
          "recName": "Tumor necrosis factor",
          "source": {
            "id": "P01375",
            "name": "protein",
            "url": "http://www.uniprot.org/uniprot/P01375"
          }
        }
      },
      "offsets": [
        {
          "start": 1163,
          "text": "TNF-alpha"
        }
      ],
      "part": "s2p1"
    },
    {
      "classId": "e_1",
      "confidence": {
        "prob": 1,
        "state": "",
        "who": [
          "ml:GNormPlus"
        ]
      },
      "fields": {},
      "normalizations": {},
      "offsets": [
        {
          "start": 1181,
          "text": "S100b"
        }
      ],
      "part": "s2p1"
    },
    {
      "classId": "e_1",
      "confidence": {
        "prob": 1.0,
        "state": "",
        "who": [
          "ml:GNormPlus"
        ]
      },
      "fields": {},
      "normalizations": {
        "n_6": {
          "confidence": {
            "prob": 1.0,
            "state": "",
            "who": [
              "ml:GNormPlus"
            ]
          },
          "recName": "CARM1",
          "source": {
            "id": "10498",
            "name": "gene",
            "url": "http://www.ncbi.nlm.nih.gov/gene/10498"
          }
        },
        "n_7": {
          "confidence": {
            "prob": 1.0,
            "state": "",
            "who": [
              "user:Ashish"
            ]
          },
          "recName": "Histone-arginine methyltransferase CARM1",
          "source": {
            "id": "P01375",
            "name": "protein",
            "url": "http://www.uniprot.org/uniprot/P01375"
          }
        }
      },
      "offsets": [
        {
          "start": 1412,
          "text": "CARM1"
        }
      ],
      "part": "s2p1"
    },
    {
      "classId": "e_1",
      "confidence": {
        "prob": 1.0,
        "state": "",
        "who": [
          "ml:GNormPlus"
        ]
      },
      "fields": {},
      "normalizations": {
        "n_6": {
          "confidence": {
            "prob": 1.0,
            "state": "",
            "who": [
              "ml:GNormPlus"
            ]
          },
          "recName": "CARM1",
          "source": {
            "id": "10498",
            "name": "gene",
            "url": "http://www.ncbi.nlm.nih.gov/gene/10498"
          }
        },
        "n_7": {
          "confidence": {
            "prob": 1.0,
            "state": "",
            "who": [
              "user:Ashish"
            ]
          },
          "recName": "Histone-arginine methyltransferase CARM1",
          "source": {
            "id": "P01375",
            "name": "protein",
            "url": "http://www.uniprot.org/uniprot/P01375"
          }
        }
      },
      "offsets": [
        {
          "start": 1552,
          "text": "CARM1"
        }
      ],
      "part": "s2p1"
    },
    {
      "classId": "e_1",
      "confidence": {
        "prob": 1.0,
        "state": "",
        "who": [
          "ml:GNormPlus"
        ]
      },
      "fields": {},
      "normalizations": {
        "n_6": {
          "confidence": {
            "prob": 1.0,
            "state": "",
            "who": [
              "ml:GNormPlus"
            ]
          },
          "recName": "CARM1",
          "source": {
            "id": "10498",
            "name": "gene",
            "url": "http://www.ncbi.nlm.nih.gov/gene/10498"
          }
        },
        "n_7": {
          "confidence": {
            "prob": 1.0,
            "state": "",
            "who": [
              "user:Ashish"
            ]
          },
          "recName": "Histone-arginine methyltransferase CARM1",
          "source": {
            "id": "P01375",
            "name": "protein",
            "url": "http://www.uniprot.org/uniprot/P01375"
          }
        }
      },
      "offsets": [
        {
          "start": 1605,
          "text": "CARM1"
        }
      ],
      "part": "s2p1"
    }
  ],
  "metas": {},
  "relations": [
    {
      "classId": "r_4",
      "confidence": {
        "prob": 1,
        "state": "",
        "who": [
          "user:Ashish"
        ]
      },
      "directed": false,
      "entities": [
        "s2p1|314,319",
        "s2p1|374,395"
      ],
      "type": "linked"
    },
    {
      "classId": "r_4",
      "confidence": {
        "prob": 1,
        "state": "",
        "who": [
          "user:Ashish"
        ]
      },
      "directed": false,
      "entities": [
        "s2p1|642,647",
        "s2p1|688,701"
      ],
      "type": "linked"
    },
    {
      "classId": "r_4",
      "confidence": {
        "prob": 1,
        "state": "",
        "who": [
          "user:Ashish"
        ]
      },
      "directed": false,
      "entities": [
        "s2p1|966,971",
        "s2p1|998,1011"
      ],
      "type": "linked"
    }
  ],
  "sources": [
    {
      "id": "16497732",
      "name": "MEDLINE",
      "url": "http://ncbi.nlm.nih.gov/pubmed/16497732"
    },
    {
      "id": "16497732",
      "name": "PMID",
      "url": "http://www.ncbi.nlm.nih.gov/pubmed/16497732"
    }
  ]
}
