{
  "anncomplete": true,
  "annotatable": {
    "parts": [
      "s1h1",
      "s2h1",
      "s2p1"
    ]
  },
  "entities": [
    {
      "classId": "e_1",
      "confidence": {
        "prob": 1.0,
        "state": "",
        "who": [
          "ml:GNormPlus"
        ]
      },
      "fields": {},
      "normalizations": {
        "n_6": {
          "confidence": {
            "prob": 1.0,
            "state": "",
            "who": [
              "ml:GNormPlus"
            ]
          },
          "recName": "DDX5",
          "source": {
            "id": "1655",
            "name": "gene",
            "url": "http://www.ncbi.nlm.nih.gov/gene/1655"
          }
        },
        "n_7": {
          "confidence": {
            "prob": 1.0,
            "state": "",
            "who": [
              "user:Ashish"
            ]
          },
          "recName": "Probable ATP-dependent RNA helicase DDX5",
          "source": {
            "id": "P17844",
            "name": "protein",
            "url": "http://www.uniprot.org/uniprot/P17844"
          }
        }
      },
      "offsets": [
        {
          "start": 35,
          "text": "p68"
        }
      ],
      "part": "s1h1"
    },
    {
      "classId": "e_2",
      "confidence": {
        "prob": 1.0,
        "state": "",
        "who": [
          "ml:GNormPlus"
        ]
      },
      "fields": {},
      "normalizations": {
        "n_6": {
          "confidence": {
            "prob": 1.0,
            "state": "",
            "who": [
              "ml:GNormPlus"
            ]
          },
          "recName": "ESR1",
          "source": {
            "id": "2099",
            "name": "gene",
            "url": "http://www.ncbi.nlm.nih.gov/gene/2099"
          }
        },
        "n_7": {
          "confidence": {
            "prob": 1.0,
            "state": "",
            "who": [
              "user:Ashish"
            ]
          },
          "recName": "Estrogen receptor",
          "source": {
            "id": "P03372",
            "name": "protein",
            "url": "http://www.uniprot.org/uniprot/P03372"
          }
        }
      },
      "offsets": [
        {
          "start": 140,
          "text": "estrogen receptor alpha"
        }
      ],
      "part": "s1h1"
    },
    {
      "classId": "e_1",
      "confidence": {
        "prob": 1.0,
        "state": "",
        "who": [
          "ml:GNormPlus"
        ]
      },
      "fields": {},
      "normalizations": {
        "n_6": {
          "confidence": {
            "prob": 1.0,
            "state": "",
            "who": [
              "ml:GNormPlus"
            ]
          },
          "recName": "PSMD4",
          "source": {
            "id": "5710",
            "name": "gene",
            "url": "http://www.ncbi.nlm.nih.gov/gene/5710"
          }
        },
        "n_7": {
          "confidence": {
            "prob": 1.0,
            "state": "",
            "who": [
              "user:Ashish"
            ]
          },
          "recName": "26S proteasome non-ATPase regulatory subunit 4",
          "source": {
            "id": "P55036",
            "name": "protein",
            "url": "http://www.uniprot.org/uniprot/P55036"
          }
        }
      },
      "offsets": [
        {
          "start": 234,
          "text": "AF-1"
        }
      ],
      "part": "s2p1"
    },
    {
      "classId": "e_1",
      "confidence": {
        "prob": 1.0,
        "state": "",
        "who": [
          "ml:GNormPlus"
        ]
      },
      "fields": {},
      "normalizations": {
        "n_6": {
          "confidence": {
            "prob": 1.0,
            "state": "",
            "who": [
              "ml:GNormPlus"
            ]
          },
          "recName": "PSMD4",
          "source": {
            "id": "5710",
            "name": "gene",
            "url": "http://www.ncbi.nlm.nih.gov/gene/5710"
          }
        },
        "n_7": {
          "confidence": {
            "prob": 1.0,
            "state": "",
            "who": [
              "user:Ashish"
            ]
          },
          "recName": "26S proteasome non-ATPase regulatory subunit 4",
          "source": {
            "id": "P55036",
            "name": "protein",
            "url": "http://www.uniprot.org/uniprot/P55036"
          }
        }
      },
      "offsets": [
        {
          "start": 309,
          "text": "AF-1"
        }
      ],
      "part": "s2p1"
    },
    {
      "classId": "e_1",
      "confidence": {
        "prob": 1.0,
        "state": "",
        "who": [
          "ml:GNormPlus"
        ]
      },
      "fields": {},
      "normalizations": {
        "n_6": {
          "confidence": {
            "prob": 1.0,
            "state": "",
            "who": [
              "ml:GNormPlus"
            ]
          },
          "recName": "PSMD4",
          "source": {
            "id": "5710",
            "name": "gene",
            "url": "http://www.ncbi.nlm.nih.gov/gene/5710"
          }
        },
        "n_7": {
          "confidence": {
            "prob": 1.0,
            "state": "",
            "who": [
              "user:Ashish"
            ]
          },
          "recName": "26S proteasome non-ATPase regulatory subunit 4",
          "source": {
            "id": "P55036",
            "name": "protein",
            "url": "http://www.uniprot.org/uniprot/P55036"
          }
        }
      },
      "offsets": [
        {
          "start": 392,
          "text": "AF-1"
        }
      ],
      "part": "s2p1"
    },
    {
      "classId": "e_2",
      "confidence": {
        "prob": 1.0,
        "state": "",
        "who": [
          "ml:GNormPlus"
        ]
      },
      "fields": {},
      "normalizations": {
        "n_6": {
          "confidence": {
            "prob": 1.0,
            "state": "",
            "who": [
              "ml:GNormPlus"
            ]
          },
          "recName": "ESR1",
          "source": {
            "id": "2099",
            "name": "gene",
            "url": "http://www.ncbi.nlm.nih.gov/gene/2099"
          }
        },
        "n_7": {
          "confidence": {
            "prob": 1.0,
            "state": "",
            "who": [
              "user:Ashish"
            ]
          },
          "recName": "Estrogen receptor",
          "source": {
            "id": "P55036",
            "name": "protein",
            "url": "http://www.uniprot.org/uniprot/P55036"
          }
        }
      },
      "offsets": [
        {
          "start": 413,
          "text": "human ERalpha"
        }
      ],
      "part": "s2p1"
    },
    {
      "classId": "e_2",
      "confidence": {
        "prob": 1.0,
        "state": "",
        "who": [
          "ml:GNormPlus"
        ]
      },
      "fields": {},
      "normalizations": {
        "n_6": {
          "confidence": {
            "prob": 1.0,
            "state": "",
            "who": [
              "ml:GNormPlus"
            ]
          },
          "recName": "ESR1",
          "source": {
            "id": "2099",
            "name": "gene",
            "url": "http://www.ncbi.nlm.nih.gov/gene/2099"
          }
        },
        "n_7": {
          "confidence": {
            "prob": 1.0,
            "state": "",
            "who": [
              "user:Ashish"
            ]
          },
          "recName": "Estrogen receptor",
          "source": {
            "id": "P55036",
            "name": "protein",
            "url": "http://www.uniprot.org/uniprot/P55036"
          }
        }
      },
      "offsets": [
        {
          "start": 428,
          "text": "hERalpha"
        }
      ],
      "part": "s2p1"
    },
    {
      "classId": "e_1",
      "confidence": {
        "prob": 1.0,
        "state": "",
        "who": [
          "ml:GNormPlus"
        ]
      },
      "fields": {},
      "normalizations": {
        "n_6": {
          "confidence": {
            "prob": 1.0,
            "state": "",
            "who": [
              "ml:GNormPlus"
            ]
          },
          "recName": "DDX5",
          "source": {
            "id": "1655",
            "name": "gene",
            "url": "http://www.ncbi.nlm.nih.gov/gene/1655"
          }
        },
        "n_7": {
          "confidence": {
            "prob": 1.0,
            "state": "",
            "who": [
              "user:Ashish"
            ]
          },
          "recName": "Probable ATP-dependent RNA helicase DDX5",
          "source": {
            "id": "P55036",
            "name": "protein",
            "url": "http://www.uniprot.org/uniprot/P55036"
          }
        }
      },
      "offsets": [
        {
          "start": 601,
          "text": "p68"
        }
      ],
      "part": "s2p1"
    },
    {
      "classId": "e_2",
      "confidence": {
        "prob": 1.0,
        "state": "",
        "who": [
          "ml:GNormPlus"
        ]
      },
      "fields": {},
      "normalizations": {
        "n_6": {
          "confidence": {
            "prob": 1.0,
            "state": "",
            "who": [
              "ml:GNormPlus"
            ]
          },
          "recName": "ESR1",
          "source": {
            "id": "2099",
            "name": "gene",
            "url": "http://www.ncbi.nlm.nih.gov/gene/2099"
          }
        },
        "n_7": {
          "confidence": {
            "prob": 1.0,
            "state": "",
            "who": [
              "user:Ashish"
            ]
          },
          "recName": "Estrogen receptor",
          "source": {
            "id": "P55036",
            "name": "protein",
            "url": "http://www.uniprot.org/uniprot/P55036"
          }
        }
      },
      "offsets": [
        {
          "start": 667,
          "text": "hERalpha"
        }
      ],
      "part": "s2p1"
    },
    {
      "classId": "e_2",
      "confidence": {
        "prob": 1.0,
        "state": "",
        "who": [
          "ml:GNormPlus"
        ]
      },
      "fields": {},
      "normalizations": {
        "n_6": {
          "confidence": {
            "prob": 1.0,
            "state": "",
            "who": [
              "ml:GNormPlus"
            ]
          },
          "recName": "ESR1",
          "source": {
            "id": "2099",
            "name": "gene",
            "url": "http://www.ncbi.nlm.nih.gov/gene/2099"
          }
        },
        "n_7": {
          "confidence": {
            "prob": 1.0,
            "state": "",
            "who": [
              "user:Ashish"
            ]
          },
          "recName": "Estrogen receptor",
          "source": {
            "id": "P55036",
            "name": "protein",
            "url": "http://www.uniprot.org/uniprot/P55036"
          }
        }
      },
      "offsets": [
        {
          "start": 696,
          "text": "hERalpha"
        }
      ],
      "part": "s2p1"
    },
    {
      "classId": "e_1",
      "confidence": {
        "prob": 1.0,
        "state": "",
        "who": [
          "ml:GNormPlus"
        ]
      },
      "fields": {},
      "normalizations": {
        "n_6": {
          "confidence": {
            "prob": 1.0,
            "state": "",
            "who": [
              "ml:GNormPlus"
            ]
          },
          "recName": "DDX5",
          "source": {
            "id": "1655",
            "name": "gene",
            "url": "http://www.ncbi.nlm.nih.gov/gene/1655"
          }
        },
        "n_7": {
          "confidence": {
            "prob": 1.0,
            "state": "",
            "who": [
              "user:Ashish"
            ]
          },
          "recName": "Probable ATP-dependent RNA helicase DDX5",
          "source": {
            "id": "P55036",
            "name": "protein",
            "url": "http://www.uniprot.org/uniprot/P55036"
          }
        }
      },
      "offsets": [
        {
          "start": 747,
          "text": "p68"
        }
      ],
      "part": "s2p1"
    },
    {
      "classId": "e_1",
      "confidence": {
        "prob": 1.0,
        "state": "",
        "who": [
          "ml:GNormPlus"
        ]
      },
      "fields": {},
      "normalizations": {
        "n_6": {
          "confidence": {
            "prob": 1.0,
            "state": "",
            "who": [
              "ml:GNormPlus"
            ]
          },
          "recName": "DDX5",
          "source": {
            "id": "1655",
            "name": "gene",
            "url": "http://www.ncbi.nlm.nih.gov/gene/1655"
          }
        },
        "n_7": {
          "confidence": {
            "prob": 1.0,
            "state": "",
            "who": [
              "user:Ashish"
            ]
          },
          "recName": "Probable ATP-dependent RNA helicase DDX5",
          "source": {
            "id": "P55036",
            "name": "protein",
            "url": "http://www.uniprot.org/uniprot/P55036"
          }
        }
      },
      "offsets": [
        {
          "start": 772,
          "text": "p68"
        }
      ],
      "part": "s2p1"
    },
    {
      "classId": "e_1",
      "confidence": {
        "prob": 1.0,
        "state": "",
        "who": [
          "ml:GNormPlus"
        ]
      },
      "fields": {},
      "normalizations": {
        "n_6": {
          "confidence": {
            "prob": 1.0,
            "state": "",
            "who": [
              "ml:GNormPlus"
            ]
          },
          "recName": "PSMD4",
          "source": {
            "id": "5710",
            "name": "gene",
            "url": "http://www.ncbi.nlm.nih.gov/gene/5710"
          }
        },
        "n_7": {
          "confidence": {
            "prob": 1.0,
            "state": "",
            "who": [
              "user:Ashish"
            ]
          },
          "recName": "26S proteasome non-ATPase regulatory subunit 4",
          "source": {
            "id": "P55036",
            "name": "protein",
            "url": "http://www.uniprot.org/uniprot/P55036"
          }
        }
      },
      "offsets": [
        {
          "start": 801,
          "text": "AF-1"
        }
      ],
      "part": "s2p1"
    },
    {
      "classId": "e_2",
      "confidence": {
        "prob": 1.0,
        "state": "",
        "who": [
          "ml:GNormPlus"
        ]
      },
      "fields": {},
      "normalizations": {
        "n_6": {
          "confidence": {
            "prob": 1.0,
            "state": "",
            "who": [
              "ml:GNormPlus"
            ]
          },
          "recName": "ESR1",
          "source": {
            "id": "2099",
            "name": "gene",
            "url": "http://www.ncbi.nlm.nih.gov/gene/2099"
          }
        },
        "n_7": {
          "confidence": {
            "prob": 1.0,
            "state": "",
            "who": [
              "user:Ashish"
            ]
          },
          "recName": "Estrogen receptor",
          "source": {
            "id": "P55036",
            "name": "protein",
            "url": "http://www.uniprot.org/uniprot/P55036"
          }
        }
      },
      "offsets": [
        {
          "start": 925,
          "text": "ERalpha"
        }
      ],
      "part": "s2p1"
    },
    {
      "classId": "e_1",
      "confidence": {
        "prob": 1.0,
        "state": "",
        "who": [
          "ml:GNormPlus"
        ]
      },
      "fields": {},
      "normalizations": {
        "n_6": {
          "confidence": {
            "prob": 1.0,
            "state": "",
            "who": [
              "ml:GNormPlus"
            ]
          },
          "recName": "PSMD4",
          "source": {
            "id": "5710",
            "name": "gene",
            "url": "http://www.ncbi.nlm.nih.gov/gene/5710"
          }
        },
        "n_7": {
          "confidence": {
            "prob": 1.0,
            "state": "",
            "who": [
              "user:Ashish"
            ]
          },
          "recName": "26S proteasome non-ATPase regulatory subunit 4",
          "source": {
            "id": "P55036",
            "name": "protein",
            "url": "http://www.uniprot.org/uniprot/P55036"
          }
        }
      },
      "offsets": [
        {
          "start": 996,
          "text": "AF-1"
        }
      ],
      "part": "s2p1"
    },
    {
      "classId": "e_2",
      "confidence": {
        "prob": 1,
        "state": "",
        "who": [
          "ml:GNormPlus"
        ]
      },
      "fields": {},
      "normalizations": {},
      "offsets": [
        {
          "start": 1012,
          "text": "ERbeta"
        }
      ],
      "part": "s2p1"
    },
    {
      "classId": "e_2",
      "confidence": {
        "prob": 1.0,
        "state": "",
        "who": [
          "ml:GNormPlus"
        ]
      },
      "fields": {},
      "normalizations": {
        "n_6": {
          "confidence": {
            "prob": 1.0,
            "state": "",
            "who": [
              "ml:GNormPlus"
            ]
          },
          "recName": "NR3C2",
          "source": {
            "id": "4306",
            "name": "gene",
            "url": "http://www.ncbi.nlm.nih.gov/gene/4306"
          }
        },
        "n_7": {
          "confidence": {
            "prob": 1.0,
            "state": "",
            "who": [
              "user:Ashish"
            ]
          },
          "recName": "Mineralocorticoid receptor",
          "source": {
            "id": "P08235",
            "name": "protein",
            "url": "http://www.uniprot.org/uniprot/P08235"
          }
        }
      },
      "offsets": [
        {
          "start": 1072,
          "text": "mineralocorticoid receptor"
        }
      ],
      "part": "s2p1"
    },
    {
      "classId": "e_1",
      "confidence": {
        "prob": 1.0,
        "state": "",
        "who": [
          "ml:GNormPlus"
        ]
      },
      "fields": {},
      "normalizations": {
        "n_6": {
          "confidence": {
            "prob": 1.0,
            "state": "",
            "who": [
              "ml:GNormPlus"
            ]
          },
          "recName": "DDX5",
          "source": {
            "id": "1655",
            "name": "gene",
            "url": "http://www.ncbi.nlm.nih.gov/gene/1655"
          }
        },
        "n_7": {
          "confidence": {
            "prob": 1.0,
            "state": "",
            "who": [
              "user:Ashish"
            ]
          },
          "recName": "Probable ATP-dependent RNA helicase DDX5",
          "source": {
            "id": "P08235",
            "name": "protein",
            "url": "http://www.uniprot.org/uniprot/P08235"
          }
        }
      },
      "offsets": [
        {
          "start": 1167,
          "text": "p68"
        }
      ],
      "part": "s2p1"
    },
    {
      "classId": "e_2",
      "confidence": {
        "prob": 1.0,
        "state": "",
        "who": [
          "ml:GNormPlus"
        ]
      },
      "fields": {},
      "normalizations": {
        "n_6": {
          "confidence": {
            "prob": 1.0,
            "state": "",
            "who": [
              "ml:GNormPlus"
            ]
          },
          "recName": "ESR1",
          "source": {
            "id": "2099",
            "name": "gene",
            "url": "http://www.ncbi.nlm.nih.gov/gene/2099"
          }
        },
        "n_7": {
          "confidence": {
            "prob": 1.0,
            "state": "",
            "who": [
              "user:Ashish"
            ]
          },
          "recName": "Estrogen receptor",
          "source": {
            "id": "P08235",
            "name": "protein",
            "url": "http://www.uniprot.org/uniprot/P08235"
          }
        }
      },
      "offsets": [
        {
          "start": 1194,
          "text": "ERalpha"
        }
      ],
      "part": "s2p1"
    },
    {
      "classId": "e_1",
      "confidence": {
        "prob": 1.0,
        "state": "",
        "who": [
          "ml:GNormPlus"
        ]
      },
      "fields": {},
      "normalizations": {
        "n_6": {
          "confidence": {
            "prob": 1.0,
            "state": "",
            "who": [
              "ml:GNormPlus"
            ]
          },
          "recName": "PSMD4",
          "source": {
            "id": "5710",
            "name": "gene",
            "url": "http://www.ncbi.nlm.nih.gov/gene/5710"
          }
        },
        "n_7": {
          "confidence": {
            "prob": 1.0,
            "state": "",
            "who": [
              "user:Ashish"
            ]
          },
          "recName": "26S proteasome non-ATPase regulatory subunit 4",
          "source": {
            "id": "P08235",
            "name": "protein",
            "url": "http://www.uniprot.org/uniprot/P08235"
          }
        }
      },
      "offsets": [
        {
          "start": 1202,
          "text": "AF-1"
        }
      ],
      "part": "s2p1"
    },
    {
      "classId": "e_1",
      "confidence": {
        "prob": 1.0,
        "state": "",
        "who": [
          "ml:GNormPlus"
        ]
      },
      "fields": {},
      "normalizations": {
        "n_6": {
          "confidence": {
            "prob": 1.0,
            "state": "",
            "who": [
              "ml:GNormPlus"
            ]
          },
          "recName": "DDX5",
          "source": {
            "id": "1655",
            "name": "gene",
            "url": "http://www.ncbi.nlm.nih.gov/gene/1655"
          }
        },
        "n_7": {
          "confidence": {
            "prob": 1.0,
            "state": "",
            "who": [
              "user:Ashish"
            ]
          },
          "recName": "Probable ATP-dependent RNA helicase DDX5",
          "source": {
            "id": "P08235",
            "name": "protein",
            "url": "http://www.uniprot.org/uniprot/P08235"
          }
        }
      },
      "offsets": [
        {
          "start": 1237,
          "text": "p68"
        }
      ],
      "part": "s2p1"
    },
    {
      "classId": "e_2",
      "confidence": {
        "prob": 1.0,
        "state": "",
        "who": [
          "ml:GNormPlus"
        ]
      },
      "fields": {},
      "normalizations": {
        "n_6": {
          "confidence": {
            "prob": 1.0,
            "state": "",
            "who": [
              "ml:GNormPlus"
            ]
          },
          "recName": "CREBBP",
          "source": {
            "id": "1387",
            "name": "gene",
            "url": "http://www.ncbi.nlm.nih.gov/gene/1387"
          }
        },
        "n_7": {
          "confidence": {
            "prob": 1.0,
            "state": "",
            "who": [
              "user:Ashish"
            ]
          },
          "recName": "CREB-binding protein",
          "source": {
            "id": "Q92793",
            "name": "protein",
            "url": "http://www.uniprot.org/uniprot/Q92793"
          }
        }
      },
      "offsets": [
        {
          "start": 1250,
          "text": "CBP"
        }
      ],
      "part": "s2p1"
    },
    {
      "classId": "e_1",
      "confidence": {
        "prob": 1.0,
        "state": "",
        "who": [
          "ml:GNormPlus"
        ]
      },
      "fields": {},
      "normalizations": {
        "n_6": {
          "confidence": {
            "prob": 1.0,
            "state": "",
            "who": [
              "ml:GNormPlus"
            ]
          },
          "recName": "DDX5",
          "source": {
            "id": "1655",
            "name": "gene",
            "url": "http://www.ncbi.nlm.nih.gov/gene/1655"
          }
        },
        "n_7": {
          "confidence": {
            "prob": 1.0,
            "state": "",
            "who": [
              "user:Ashish"
            ]
          },
          "recName": "Probable ATP-dependent RNA helicase DDX5",
          "source": {
            "id": "Q92793",
            "name": "protein",
            "url": "http://www.uniprot.org/uniprot/Q92793"
          }
        }
      },
      "offsets": [
        {
          "start": 1304,
          "text": "p68"
        }
      ],
      "part": "s2p1"
    },
    {
      "classId": "e_1",
      "confidence": {
        "prob": 1,
        "state": "",
        "who": [
          "ml:GNormPlus"
        ]
      },
      "fields": {},
      "normalizations": {},
      "offsets": [
        {
          "start": 1382,
          "text": "AF-1"
        }
      ],
      "part": "s2p1"
    },
    {
      "classId": "e_1",
      "confidence": {
        "prob": 1.0,
        "state": "",
        "who": [
          "ml:GNormPlus"
        ]
      },
      "fields": {},
      "normalizations": {
        "n_6": {
          "confidence": {
            "prob": 1.0,
            "state": "",
            "who": [
              "ml:GNormPlus"
            ]
          },
          "recName": "DDX5",
          "source": {
            "id": "1655",
            "name": "gene",
            "url": "http://www.ncbi.nlm.nih.gov/gene/1655"
          }
        },
        "n_7": {
          "confidence": {
            "prob": 1.0,
            "state": "",
            "who": [
              "user:Ashish"
            ]
          },
          "recName": "Probable ATP-dependent RNA helicase DDX5",
          "source": {
            "id": "Q92793",
            "name": "protein",
            "url": "http://www.uniprot.org/uniprot/Q92793"
          }
        }
      },
      "offsets": [
        {
          "start": 1429,
          "text": "p68"
        }
      ],
      "part": "s2p1"
    },
    {
      "classId": "e_2",
      "confidence": {
        "prob": 1.0,
        "state": "",
        "who": [
          "ml:GNormPlus"
        ]
      },
      "fields": {},
      "normalizations": {
        "n_6": {
          "confidence": {
            "prob": 1.0,
            "state": "",
            "who": [
              "ml:GNormPlus"
            ]
          },
          "recName": "ESR1",
          "source": {
            "id": "2099",
            "name": "gene",
            "url": "http://www.ncbi.nlm.nih.gov/gene/2099"
          }
        },
        "n_7": {
          "confidence": {
            "prob": 1.0,
            "state": "",
            "who": [
              "user:Ashish"
            ]
          },
          "recName": "Estrogen receptor",
          "source": {
            "id": "Q92793",
            "name": "protein",
            "url": "http://www.uniprot.org/uniprot/Q92793"
          }
        }
      },
      "offsets": [
        {
          "start": 1472,
          "text": "ERalpha"
        }
      ],
      "part": "s2p1"
    },
    {
      "classId": "e_1",
      "confidence": {
        "prob": 1.0,
        "state": "",
        "who": [
          "ml:GNormPlus"
        ]
      },
      "fields": {},
      "normalizations": {
        "n_6": {
          "confidence": {
            "prob": 1.0,
            "state": "",
            "who": [
              "ml:GNormPlus"
            ]
          },
          "recName": "PSMD4",
          "source": {
            "id": "5710",
            "name": "gene",
            "url": "http://www.ncbi.nlm.nih.gov/gene/5710"
          }
        },
        "n_7": {
          "confidence": {
            "prob": 1.0,
            "state": "",
            "who": [
              "user:Ashish"
            ]
          },
          "recName": "26S proteasome non-ATPase regulatory subunit 4",
          "source": {
            "id": "Q92793",
            "name": "protein",
            "url": "http://www.uniprot.org/uniprot/Q92793"
          }
        }
      },
      "offsets": [
        {
          "start": 1480,
          "text": "AF-1"
        }
      ],
      "part": "s2p1"
    },
    {
      "classId": "e_1",
      "confidence": {
        "prob": 1.0,
        "state": "",
        "who": [
          "ml:GNormPlus"
        ]
      },
      "fields": {},
      "normalizations": {
        "n_6": {
          "confidence": {
            "prob": 1.0,
            "state": "",
            "who": [
              "ml:GNormPlus"
            ]
          },
          "recName": "DDX5",
          "source": {
            "id": "1655",
            "name": "gene",
            "url": "http://www.ncbi.nlm.nih.gov/gene/1655"
          }
        },
        "n_7": {
          "confidence": {
            "prob": 1.0,
            "state": "",
            "who": [
              "user:Ashish"
            ]
          },
          "recName": "Probable ATP-dependent RNA helicase DDX5",
          "source": {
            "id": "Q92793",
            "name": "protein",
            "url": "http://www.uniprot.org/uniprot/Q92793"
          }
        }
      },
      "offsets": [
        {
          "start": 1535,
          "text": "p68"
        }
      ],
      "part": "s2p1"
    }
  ],
  "metas": {},
  "relations": [
    {
      "classId": "r_4",
      "confidence": {
        "prob": 1,
        "state": "",
        "who": [
          "user:Ashish"
        ]
      },
      "directed": false,
      "entities": [
        "s2p1|601,604",
        "s2p1|667,675"
      ],
      "type": "linked"
    },
    {
      "classId": "r_4",
      "confidence": {
        "prob": 1,
        "state": "",
        "who": [
          "user:Ashish"
        ]
      },
      "directed": false,
      "entities": [
        "s2p1|747,750",
        "s2p1|696,704"
      ],
      "type": "linked"
    },
    {
      "classId": "r_4",
      "confidence": {
        "prob": 1,
        "state": "",
        "who": [
          "user:Ashish"
        ]
      },
      "directed": false,
      "entities": [
        "s2p1|1429,1432",
        "s2p1|1472,1479"
      ],
      "type": "linked"
    }
  ],
  "sources": [
    {
      "id": "10409727",
      "name": "MEDLINE",
      "url": "http://ncbi.nlm.nih.gov/pubmed/10409727"
    },
    {
      "id": "10409727",
      "name": "PMID",
      "url": "http://www.ncbi.nlm.nih.gov/pubmed/10409727"
    }
  ]
}
