{
  "anncomplete": true,
  "annotatable": {
    "parts": [
      "s1h1",
      "s2h1",
      "s2p1"
    ]
  },
  "entities": [
    {
      "classId": "e_1",
      "confidence": {
        "prob": 1.0,
        "state": "",
        "who": [
          "ml:GNormPlus"
        ]
      },
      "fields": {},
      "normalizations": {
        "n_6": {
          "confidence": {
            "prob": 1.0,
            "state": "",
            "who": [
              "ml:GNormPlus"
            ]
          },
          "recName": "NCOA6",
          "source": {
            "id": "23054",
            "name": "gene",
            "url": "http://www.ncbi.nlm.nih.gov/gene/23054"
          }
        },
        "n_7": {
          "confidence": {
            "prob": 1.0,
            "state": "",
            "who": [
              "user:Ashish"
            ]
          },
          "recName": "Nuclear receptor coactivator 6",
          "source": {
            "id": "Q14686",
            "name": "protein",
            "url": "http://www.uniprot.org/uniprot/Q14686"
          }
        }
      },
      "offsets": [
        {
          "start": 18,
          "text": "ASC-2"
        }
      ],
      "part": "s1h1"
    },
    {
      "classId": "e_1",
      "confidence": {
        "prob": 1,
        "state": "",
        "who": [
          "ml:GNormPlus"
        ]
      },
      "fields": {},
      "normalizations": {},
      "offsets": [
        {
          "start": 182,
          "text": "ASC-2"
        }
      ],
      "part": "s2p1"
    },
    {
      "classId": "e_2",
      "confidence": {
        "prob": 1,
        "state": "",
        "who": [
          "ml:GNormPlus"
        ]
      },
      "fields": {},
      "normalizations": {},
      "offsets": [
        {
          "start": 248,
          "text": "retinoid X receptor"
        }
      ],
      "part": "s2p1"
    },
    {
      "classId": "e_1",
      "confidence": {
        "prob": 1.0,
        "state": "",
        "who": [
          "ml:GNormPlus"
        ]
      },
      "fields": {},
      "normalizations": {
        "n_6": {
          "confidence": {
            "prob": 1.0,
            "state": "",
            "who": [
              "ml:GNormPlus"
            ]
          },
          "recName": "NCOA6",
          "source": {
            "id": "23054",
            "name": "gene",
            "url": "http://www.ncbi.nlm.nih.gov/gene/23054"
          }
        },
        "n_7": {
          "confidence": {
            "prob": 1.0,
            "state": "",
            "who": [
              "user:Ashish"
            ]
          },
          "recName": "Nuclear receptor coactivator 6",
          "source": {
            "id": "Q14686",
            "name": "protein",
            "url": "http://www.uniprot.org/uniprot/Q14686"
          }
        }
      },
      "offsets": [
        {
          "start": 311,
          "text": "ASC-2"
        }
      ],
      "part": "s2p1"
    },
    {
      "classId": "e_1",
      "confidence": {
        "prob": 1.0,
        "state": "",
        "who": [
          "ml:GNormPlus"
        ]
      },
      "fields": {},
      "normalizations": {
        "n_6": {
          "confidence": {
            "prob": 1.0,
            "state": "",
            "who": [
              "ml:GNormPlus"
            ]
          },
          "recName": "GTF2A1",
          "source": {
            "id": "2957",
            "name": "gene",
            "url": "http://www.ncbi.nlm.nih.gov/gene/2957"
          }
        },
        "n_7": {
          "confidence": {
            "prob": 1.0,
            "state": "",
            "who": [
              "user:Ashish"
            ]
          },
          "recName": "Transcription initiation factor IIA subunit 1",
          "source": {
            "id": "P52655",
            "name": "protein",
            "url": "http://www.uniprot.org/uniprot/P52655"
          }
        }
      },
      "offsets": [
        {
          "start": 491,
          "text": "TFIIA"
        }
      ],
      "part": "s2p1"
    },
    {
      "classId": "e_2",
      "confidence": {
        "prob": 1.0,
        "state": "",
        "who": [
          "ml:GNormPlus"
        ]
      },
      "fields": {},
      "normalizations": {
        "n_6": {
          "confidence": {
            "prob": 1.0,
            "state": "",
            "who": [
              "ml:GNormPlus"
            ]
          },
          "recName": "TBP",
          "source": {
            "id": "6908",
            "name": "gene",
            "url": "http://www.ncbi.nlm.nih.gov/gene/6908"
          }
        },
        "n_7": {
          "confidence": {
            "prob": 1.0,
            "state": "",
            "who": [
              "user:Ashish"
            ]
          },
          "recName": "TATA-box-binding protein",
          "source": {
            "id": "P20226",
            "name": "protein",
            "url": "http://www.uniprot.org/uniprot/P20226"
          }
        }
      },
      "offsets": [
        {
          "start": 501,
          "text": "TBP"
        }
      ],
      "part": "s2p1"
    },
    {
      "classId": "e_1",
      "confidence": {
        "prob": 1.0,
        "state": "",
        "who": [
          "ml:GNormPlus"
        ]
      },
      "fields": {},
      "normalizations": {
        "n_6": {
          "confidence": {
            "prob": 1.0,
            "state": "",
            "who": [
              "ml:GNormPlus"
            ]
          },
          "recName": "CREBBP",
          "source": {
            "id": "1387",
            "name": "gene",
            "url": "http://www.ncbi.nlm.nih.gov/gene/1387"
          }
        },
        "n_7": {
          "confidence": {
            "prob": 1.0,
            "state": "",
            "who": [
              "user:Ashish"
            ]
          },
          "recName": "CREB-binding protein",
          "source": {
            "id": "Q92793",
            "name": "protein",
            "url": "http://www.uniprot.org/uniprot/Q92793"
          }
        }
      },
      "offsets": [
        {
          "start": 536,
          "text": "CBP"
        }
      ],
      "part": "s2p1"
    },
    {
      "classId": "e_2",
      "confidence": {
        "prob": 1.0,
        "state": "",
        "who": [
          "ml:GNormPlus"
        ]
      },
      "fields": {},
      "normalizations": {
        "n_6": {
          "confidence": {
            "prob": 1.0,
            "state": "",
            "who": [
              "ml:GNormPlus"
            ]
          },
          "recName": "EP300",
          "source": {
            "id": "2033",
            "name": "gene",
            "url": "http://www.ncbi.nlm.nih.gov/gene/2033"
          }
        },
        "n_7": {
          "confidence": {
            "prob": 1.0,
            "state": "",
            "who": [
              "user:Ashish"
            ]
          },
          "recName": "Histone acetyltransferase p300",
          "source": {
            "id": "Q09472",
            "name": "protein",
            "url": "http://www.uniprot.org/uniprot/Q09472"
          }
        }
      },
      "offsets": [
        {
          "start": 540,
          "text": "p300"
        }
      ],
      "part": "s2p1"
    },
    {
      "classId": "e_1",
      "confidence": {
        "prob": 1.0,
        "state": "",
        "who": [
          "ml:GNormPlus"
        ]
      },
      "fields": {},
      "normalizations": {
        "n_6": {
          "confidence": {
            "prob": 1.0,
            "state": "",
            "who": [
              "ml:GNormPlus"
            ]
          },
          "recName": "SRC",
          "source": {
            "id": "6714",
            "name": "gene",
            "url": "http://www.ncbi.nlm.nih.gov/gene/6714"
          }
        },
        "n_7": {
          "confidence": {
            "prob": 1.0,
            "state": "",
            "who": [
              "user:Ashish"
            ]
          },
          "recName": "Proto-oncogene tyrosine-protein kinase Src",
          "source": {
            "id": "P12931",
            "name": "protein",
            "url": "http://www.uniprot.org/uniprot/P12931"
          }
        }
      },
      "offsets": [
        {
          "start": 549,
          "text": "SRC-1"
        }
      ],
      "part": "s2p1"
    },
    {
      "classId": "e_1",
      "confidence": {
        "prob": 1.0,
        "state": "",
        "who": [
          "ml:GNormPlus"
        ]
      },
      "fields": {},
      "normalizations": {
        "n_6": {
          "confidence": {
            "prob": 1.0,
            "state": "",
            "who": [
              "ml:GNormPlus"
            ]
          },
          "recName": "NCOA6",
          "source": {
            "id": "23054",
            "name": "gene",
            "url": "http://www.ncbi.nlm.nih.gov/gene/23054"
          }
        },
        "n_7": {
          "confidence": {
            "prob": 1.0,
            "state": "",
            "who": [
              "user:Ashish"
            ]
          },
          "recName": "Nuclear receptor coactivator 6",
          "source": {
            "id": "P12931",
            "name": "protein",
            "url": "http://www.uniprot.org/uniprot/P12931"
          }
        }
      },
      "offsets": [
        {
          "start": 586,
          "text": "ASC-2"
        }
      ],
      "part": "s2p1"
    },
    {
      "classId": "e_1",
      "confidence": {
        "prob": 1.0,
        "state": "",
        "who": [
          "ml:GNormPlus"
        ]
      },
      "fields": {},
      "normalizations": {
        "n_6": {
          "confidence": {
            "prob": 1.0,
            "state": "",
            "who": [
              "ml:GNormPlus"
            ]
          },
          "recName": "CREBBP",
          "source": {
            "id": "1387",
            "name": "gene",
            "url": "http://www.ncbi.nlm.nih.gov/gene/1387"
          }
        },
        "n_7": {
          "confidence": {
            "prob": 1.0,
            "state": "",
            "who": [
              "user:Ashish"
            ]
          },
          "recName": "CREB-binding protein",
          "source": {
            "id": "P12931",
            "name": "protein",
            "url": "http://www.uniprot.org/uniprot/P12931"
          }
        }
      },
      "offsets": [
        {
          "start": 629,
          "text": "CBP"
        }
      ],
      "part": "s2p1"
    },
    {
      "classId": "e_2",
      "confidence": {
        "prob": 1.0,
        "state": "",
        "who": [
          "ml:GNormPlus"
        ]
      },
      "fields": {},
      "normalizations": {
        "n_6": {
          "confidence": {
            "prob": 1.0,
            "state": "",
            "who": [
              "ml:GNormPlus"
            ]
          },
          "recName": "EP300",
          "source": {
            "id": "2033",
            "name": "gene",
            "url": "http://www.ncbi.nlm.nih.gov/gene/2033"
          }
        },
        "n_7": {
          "confidence": {
            "prob": 1.0,
            "state": "",
            "who": [
              "user:Ashish"
            ]
          },
          "recName": "Histone acetyltransferase p300",
          "source": {
            "id": "P12931",
            "name": "protein",
            "url": "http://www.uniprot.org/uniprot/P12931"
          }
        }
      },
      "offsets": [
        {
          "start": 633,
          "text": "p300"
        }
      ],
      "part": "s2p1"
    },
    {
      "classId": "e_1",
      "confidence": {
        "prob": 1.0,
        "state": "",
        "who": [
          "ml:GNormPlus"
        ]
      },
      "fields": {},
      "normalizations": {
        "n_6": {
          "confidence": {
            "prob": 1.0,
            "state": "",
            "who": [
              "ml:GNormPlus"
            ]
          },
          "recName": "SRC",
          "source": {
            "id": "6714",
            "name": "gene",
            "url": "http://www.ncbi.nlm.nih.gov/gene/6714"
          }
        },
        "n_7": {
          "confidence": {
            "prob": 1.0,
            "state": "",
            "who": [
              "user:Ashish"
            ]
          },
          "recName": "Proto-oncogene tyrosine-protein kinase Src",
          "source": {
            "id": "P12931",
            "name": "protein",
            "url": "http://www.uniprot.org/uniprot/P12931"
          }
        }
      },
      "offsets": [
        {
          "start": 642,
          "text": "SRC-1"
        }
      ],
      "part": "s2p1"
    },
    {
      "classId": "e_1",
      "confidence": {
        "prob": 1.0,
        "state": "",
        "who": [
          "ml:GNormPlus"
        ]
      },
      "fields": {},
      "normalizations": {
        "n_6": {
          "confidence": {
            "prob": 1.0,
            "state": "",
            "who": [
              "ml:GNormPlus"
            ]
          },
          "recName": "NCOA6",
          "source": {
            "id": "23054",
            "name": "gene",
            "url": "http://www.ncbi.nlm.nih.gov/gene/23054"
          }
        },
        "n_7": {
          "confidence": {
            "prob": 1.0,
            "state": "",
            "who": [
              "user:Ashish"
            ]
          },
          "recName": "Nuclear receptor coactivator 6",
          "source": {
            "id": "P12931",
            "name": "protein",
            "url": "http://www.uniprot.org/uniprot/P12931"
          }
        }
      },
      "offsets": [
        {
          "start": 802,
          "text": "ASC-2"
        }
      ],
      "part": "s2p1"
    },
    {
      "classId": "e_1",
      "confidence": {
        "prob": 1.0,
        "state": "",
        "who": [
          "ml:GNormPlus"
        ]
      },
      "fields": {},
      "normalizations": {
        "n_6": {
          "confidence": {
            "prob": 1.0,
            "state": "",
            "who": [
              "ml:GNormPlus"
            ]
          },
          "recName": "NCOA6",
          "source": {
            "id": "23054",
            "name": "gene",
            "url": "http://www.ncbi.nlm.nih.gov/gene/23054"
          }
        },
        "n_7": {
          "confidence": {
            "prob": 1.0,
            "state": "",
            "who": [
              "user:Ashish"
            ]
          },
          "recName": "Nuclear receptor coactivator 6",
          "source": {
            "id": "P12931",
            "name": "protein",
            "url": "http://www.uniprot.org/uniprot/P12931"
          }
        }
      },
      "offsets": [
        {
          "start": 887,
          "text": "ASC-2"
        }
      ],
      "part": "s2p1"
    },
    {
      "classId": "e_1",
      "confidence": {
        "prob": 1.0,
        "state": "",
        "who": [
          "ml:GNormPlus"
        ]
      },
      "fields": {},
      "normalizations": {
        "n_6": {
          "confidence": {
            "prob": 1.0,
            "state": "",
            "who": [
              "ml:GNormPlus"
            ]
          },
          "recName": "NCOA6",
          "source": {
            "id": "23054",
            "name": "gene",
            "url": "http://www.ncbi.nlm.nih.gov/gene/23054"
          }
        },
        "n_7": {
          "confidence": {
            "prob": 1.0,
            "state": "",
            "who": [
              "user:Ashish"
            ]
          },
          "recName": "Nuclear receptor coactivator 6",
          "source": {
            "id": "P12931",
            "name": "protein",
            "url": "http://www.uniprot.org/uniprot/P12931"
          }
        }
      },
      "offsets": [
        {
          "start": 1033,
          "text": "ASC-2"
        }
      ],
      "part": "s2p1"
    },
    {
      "classId": "e_1",
      "confidence": {
        "prob": 1.0,
        "state": "",
        "who": [
          "ml:GNormPlus"
        ]
      },
      "fields": {},
      "normalizations": {
        "n_6": {
          "confidence": {
            "prob": 1.0,
            "state": "",
            "who": [
              "ml:GNormPlus"
            ]
          },
          "recName": "NCOA6",
          "source": {
            "id": "23054",
            "name": "gene",
            "url": "http://www.ncbi.nlm.nih.gov/gene/23054"
          }
        },
        "n_7": {
          "confidence": {
            "prob": 1.0,
            "state": "",
            "who": [
              "user:Ashish"
            ]
          },
          "recName": "Nuclear receptor coactivator 6",
          "source": {
            "id": "P12931",
            "name": "protein",
            "url": "http://www.uniprot.org/uniprot/P12931"
          }
        }
      },
      "offsets": [
        {
          "start": 1072,
          "text": "ASC-2"
        }
      ],
      "part": "s2p1"
    },
    {
      "classId": "e_1",
      "confidence": {
        "prob": 1.0,
        "state": "",
        "who": [
          "ml:GNormPlus"
        ]
      },
      "fields": {},
      "normalizations": {
        "n_6": {
          "confidence": {
            "prob": 1.0,
            "state": "",
            "who": [
              "ml:GNormPlus"
            ]
          },
          "recName": "NCOA6",
          "source": {
            "id": "23054",
            "name": "gene",
            "url": "http://www.ncbi.nlm.nih.gov/gene/23054"
          }
        },
        "n_7": {
          "confidence": {
            "prob": 1.0,
            "state": "",
            "who": [
              "user:Ashish"
            ]
          },
          "recName": "Nuclear receptor coactivator 6",
          "source": {
            "id": "P12931",
            "name": "protein",
            "url": "http://www.uniprot.org/uniprot/P12931"
          }
        }
      },
      "offsets": [
        {
          "start": 1251,
          "text": "ASC-2"
        }
      ],
      "part": "s2p1"
    }
  ],
  "metas": {},
  "relations": [
    {
      "classId": "r_4",
      "confidence": {
        "prob": 1,
        "state": "",
        "who": [
          "user:Ashish"
        ]
      },
      "directed": false,
      "entities": [
        "s2p1|182,187",
        "s2p1|248,267"
      ],
      "type": "linked"
    },
    {
      "classId": "r_4",
      "confidence": {
        "prob": 1,
        "state": "",
        "who": [
          "user:Ashish"
        ]
      },
      "directed": false,
      "entities": [
        "s2p1|311,316",
        "s2p1|501,504"
      ],
      "type": "linked"
    },
    {
      "classId": "r_4",
      "confidence": {
        "prob": 1,
        "state": "",
        "who": [
          "user:Ashish"
        ]
      },
      "directed": false,
      "entities": [
        "s2p1|311,316",
        "s2p1|540,544"
      ],
      "type": "linked"
    }
  ],
  "sources": [
    {
      "id": "10567404",
      "name": "MEDLINE",
      "url": "http://ncbi.nlm.nih.gov/pubmed/10567404"
    },
    {
      "id": "10567404",
      "name": "PMID",
      "url": "http://www.ncbi.nlm.nih.gov/pubmed/10567404"
    }
  ]
}
