{
  "anncomplete": true,
  "annotatable": {
    "parts": [
      "s1h1",
      "s2h1",
      "s2p1"
    ]
  },
  "entities": [
    {
      "classId": "e_2",
      "confidence": {
        "prob": 1.0,
        "state": "",
        "who": [
          "ml:GNormPlus"
        ]
      },
      "fields": {},
      "normalizations": {
        "n_6": {
          "confidence": {
            "prob": 1.0,
            "state": "",
            "who": [
              "ml:GNormPlus"
            ]
          },
          "recName": "CTNNB1",
          "source": {
            "id": "1499",
            "name": "gene",
            "url": "http://www.ncbi.nlm.nih.gov/gene/1499"
          }
        },
        "n_7": {
          "confidence": {
            "prob": 1.0,
            "state": "",
            "who": [
              "user:Ashish"
            ]
          },
          "recName": "Catenin beta-1",
          "source": {
            "id": "P35222",
            "name": "protein",
            "url": "http://www.uniprot.org/uniprot/P35222"
          }
        }
      },
      "offsets": [
        {
          "start": 149,
          "text": "beta-catenin"
        }
      ],
      "part": "s1h1"
    },
    {
      "classId": "e_2",
      "confidence": {
        "prob": 1.0,
        "state": "",
        "who": [
          "ml:GNormPlus"
        ]
      },
      "fields": {},
      "normalizations": {
        "n_6": {
          "confidence": {
            "prob": 1.0,
            "state": "",
            "who": [
              "ml:GNormPlus"
            ]
          },
          "recName": "CTNNB1",
          "source": {
            "id": "1499",
            "name": "gene",
            "url": "http://www.ncbi.nlm.nih.gov/gene/1499"
          }
        },
        "n_7": {
          "confidence": {
            "prob": 1.0,
            "state": "",
            "who": [
              "user:Ashish"
            ]
          },
          "recName": "Catenin beta-1",
          "source": {
            "id": "P35222",
            "name": "protein",
            "url": "http://www.uniprot.org/uniprot/P35222"
          }
        }
      },
      "offsets": [
        {
          "start": 8,
          "text": "beta-catenin"
        }
      ],
      "part": "s2p1"
    },
    {
      "classId": "e_2",
      "confidence": {
        "prob": 1.0,
        "state": "",
        "who": [
          "ml:GNormPlus"
        ]
      },
      "fields": {},
      "normalizations": {
        "n_6": {
          "confidence": {
            "prob": 1.0,
            "state": "",
            "who": [
              "ml:GNormPlus"
            ]
          },
          "recName": "CTNNB1",
          "source": {
            "id": "1499",
            "name": "gene",
            "url": "http://www.ncbi.nlm.nih.gov/gene/1499"
          }
        },
        "n_7": {
          "confidence": {
            "prob": 1.0,
            "state": "",
            "who": [
              "user:Ashish"
            ]
          },
          "recName": "Catenin beta-1",
          "source": {
            "id": "P35222",
            "name": "protein",
            "url": "http://www.uniprot.org/uniprot/P35222"
          }
        }
      },
      "offsets": [
        {
          "start": 162,
          "text": "beta-catenin"
        }
      ],
      "part": "s2p1"
    },
    {
      "classId": "e_2",
      "confidence": {
        "prob": 1.0,
        "state": "",
        "who": [
          "ml:GNormPlus"
        ]
      },
      "fields": {},
      "normalizations": {
        "n_6": {
          "confidence": {
            "prob": 1.0,
            "state": "",
            "who": [
              "ml:GNormPlus"
            ]
          },
          "recName": "LEF1",
          "source": {
            "id": "51176",
            "name": "gene",
            "url": "http://www.ncbi.nlm.nih.gov/gene/51176"
          }
        },
        "n_7": {
          "confidence": {
            "prob": 1.0,
            "state": "",
            "who": [
              "user:Ashish"
            ]
          },
          "recName": "Lymphoid enhancer-binding factor 1",
          "source": {
            "id": "Q9UJU2",
            "name": "protein",
            "url": "http://www.uniprot.org/uniprot/Q9UJU2"
          }
        }
      },
      "offsets": [
        {
          "start": 247,
          "text": "LEF-1"
        }
      ],
      "part": "s2p1"
    },
    {
      "classId": "e_1",
      "confidence": {
        "prob": 1.0,
        "state": "",
        "who": [
          "ml:GNormPlus"
        ]
      },
      "fields": {},
      "normalizations": {
        "n_6": {
          "confidence": {
            "prob": 1.0,
            "state": "",
            "who": [
              "ml:GNormPlus"
            ]
          },
          "recName": "MAP3K7",
          "source": {
            "id": "6885",
            "name": "gene",
            "url": "http://www.ncbi.nlm.nih.gov/gene/6885"
          }
        },
        "n_7": {
          "confidence": {
            "prob": 1.0,
            "state": "",
            "who": [
              "user:Ashish"
            ]
          },
          "recName": "Mitogen-activated protein kinase kinase kinase 7",
          "source": {
            "id": "O43318",
            "name": "protein",
            "url": "http://www.uniprot.org/uniprot/O43318"
          }
        }
      },
      "offsets": [
        {
          "start": 451,
          "text": "TAK1"
        }
      ],
      "part": "s2p1"
    },
    {
      "classId": "e_1",
      "confidence": {
        "prob": 1.0,
        "state": "",
        "who": [
          "ml:GNormPlus"
        ]
      },
      "fields": {},
      "normalizations": {
        "n_6": {
          "confidence": {
            "prob": 1.0,
            "state": "",
            "who": [
              "ml:GNormPlus"
            ]
          },
          "recName": "NLK",
          "source": {
            "id": "51701",
            "name": "gene",
            "url": "http://www.ncbi.nlm.nih.gov/gene/51701"
          }
        },
        "n_7": {
          "confidence": {
            "prob": 1.0,
            "state": "",
            "who": [
              "user:Ashish"
            ]
          },
          "recName": "Serine/threonine-protein kinase NLK",
          "source": {
            "id": "O43318",
            "name": "protein",
            "url": "http://www.uniprot.org/uniprot/O43318"
          }
        }
      },
      "offsets": [
        {
          "start": 497,
          "text": "NLK"
        }
      ],
      "part": "s2p1"
    },
    {
      "classId": "e_1",
      "confidence": {
        "prob": 1.0,
        "state": "",
        "who": [
          "ml:GNormPlus"
        ]
      },
      "fields": {},
      "normalizations": {
        "n_6": {
          "confidence": {
            "prob": 1.0,
            "state": "",
            "who": [
              "ml:GNormPlus"
            ]
          },
          "recName": "NLK",
          "source": {
            "id": "51701",
            "name": "gene",
            "url": "http://www.ncbi.nlm.nih.gov/gene/51701"
          }
        },
        "n_7": {
          "confidence": {
            "prob": 1.0,
            "state": "",
            "who": [
              "user:Ashish"
            ]
          },
          "recName": "Serine/threonine-protein kinase NLK",
          "source": {
            "id": "O43318",
            "name": "protein",
            "url": "http://www.uniprot.org/uniprot/O43318"
          }
        }
      },
      "offsets": [
        {
          "start": 583,
          "text": "NLK"
        }
      ],
      "part": "s2p1"
    },
    {
      "classId": "e_2",
      "confidence": {
        "prob": 1.0,
        "state": "",
        "who": [
          "ml:GNormPlus"
        ]
      },
      "fields": {},
      "normalizations": {
        "n_6": {
          "confidence": {
            "prob": 1.0,
            "state": "",
            "who": [
              "ml:GNormPlus"
            ]
          },
          "recName": "CTNNB1",
          "source": {
            "id": "1499",
            "name": "gene",
            "url": "http://www.ncbi.nlm.nih.gov/gene/1499"
          }
        },
        "n_7": {
          "confidence": {
            "prob": 1.0,
            "state": "",
            "who": [
              "user:Ashish"
            ]
          },
          "recName": "Catenin beta-1",
          "source": {
            "id": "O43318",
            "name": "protein",
            "url": "http://www.uniprot.org/uniprot/O43318"
          }
        }
      },
      "offsets": [
        {
          "start": 588,
          "text": "beta-catenin"
        }
      ],
      "part": "s2p1"
    },
    {
      "classId": "e_2",
      "confidence": {
        "prob": 1.0,
        "state": "",
        "who": [
          "ml:GNormPlus"
        ]
      },
      "fields": {},
      "normalizations": {
        "n_6": {
          "confidence": {
            "prob": 1.0,
            "state": "",
            "who": [
              "ml:GNormPlus"
            ]
          },
          "recName": "LEF1",
          "source": {
            "id": "51176",
            "name": "gene",
            "url": "http://www.ncbi.nlm.nih.gov/gene/51176"
          }
        },
        "n_7": {
          "confidence": {
            "prob": 1.0,
            "state": "",
            "who": [
              "user:Ashish"
            ]
          },
          "recName": "Lymphoid enhancer-binding factor 1",
          "source": {
            "id": "O43318",
            "name": "protein",
            "url": "http://www.uniprot.org/uniprot/O43318"
          }
        }
      },
      "offsets": [
        {
          "start": 606,
          "text": "LEF-1"
        }
      ],
      "part": "s2p1"
    },
    {
      "classId": "e_1",
      "confidence": {
        "prob": 1.0,
        "state": "",
        "who": [
          "ml:GNormPlus"
        ]
      },
      "fields": {},
      "normalizations": {
        "n_6": {
          "confidence": {
            "prob": 1.0,
            "state": "",
            "who": [
              "ml:GNormPlus"
            ]
          },
          "recName": "NLK",
          "source": {
            "id": "51701",
            "name": "gene",
            "url": "http://www.ncbi.nlm.nih.gov/gene/51701"
          }
        },
        "n_7": {
          "confidence": {
            "prob": 1.0,
            "state": "",
            "who": [
              "user:Ashish"
            ]
          },
          "recName": "Serine/threonine-protein kinase NLK",
          "source": {
            "id": "O43318",
            "name": "protein",
            "url": "http://www.uniprot.org/uniprot/O43318"
          }
        }
      },
      "offsets": [
        {
          "start": 631,
          "text": "NLK"
        }
      ],
      "part": "s2p1"
    },
    {
      "classId": "e_2",
      "confidence": {
        "prob": 1.0,
        "state": "",
        "who": [
          "ml:GNormPlus"
        ]
      },
      "fields": {},
      "normalizations": {
        "n_6": {
          "confidence": {
            "prob": 1.0,
            "state": "",
            "who": [
              "ml:GNormPlus"
            ]
          },
          "recName": "LEF1",
          "source": {
            "id": "51176",
            "name": "gene",
            "url": "http://www.ncbi.nlm.nih.gov/gene/51176"
          }
        },
        "n_7": {
          "confidence": {
            "prob": 1.0,
            "state": "",
            "who": [
              "user:Ashish"
            ]
          },
          "recName": "Lymphoid enhancer-binding factor 1",
          "source": {
            "id": "O43318",
            "name": "protein",
            "url": "http://www.uniprot.org/uniprot/O43318"
          }
        }
      },
      "offsets": [
        {
          "start": 659,
          "text": "LEF-1"
        }
      ],
      "part": "s2p1"
    },
    {
      "classId": "e_2",
      "confidence": {
        "prob": 1.0,
        "state": "",
        "who": [
          "ml:GNormPlus"
        ]
      },
      "fields": {},
      "normalizations": {
        "n_6": {
          "confidence": {
            "prob": 1.0,
            "state": "",
            "who": [
              "ml:GNormPlus"
            ]
          },
          "recName": "CTNNB1",
          "source": {
            "id": "1499",
            "name": "gene",
            "url": "http://www.ncbi.nlm.nih.gov/gene/1499"
          }
        },
        "n_7": {
          "confidence": {
            "prob": 1.0,
            "state": "",
            "who": [
              "user:Ashish"
            ]
          },
          "recName": "Catenin beta-1",
          "source": {
            "id": "O43318",
            "name": "protein",
            "url": "http://www.uniprot.org/uniprot/O43318"
          }
        }
      },
      "offsets": [
        {
          "start": 689,
          "text": "beta-catenin"
        }
      ],
      "part": "s2p1"
    },
    {
      "classId": "e_2",
      "confidence": {
        "prob": 1.0,
        "state": "",
        "who": [
          "ml:GNormPlus"
        ]
      },
      "fields": {},
      "normalizations": {
        "n_6": {
          "confidence": {
            "prob": 1.0,
            "state": "",
            "who": [
              "ml:GNormPlus"
            ]
          },
          "recName": "LEF1",
          "source": {
            "id": "51176",
            "name": "gene",
            "url": "http://www.ncbi.nlm.nih.gov/gene/51176"
          }
        },
        "n_7": {
          "confidence": {
            "prob": 1.0,
            "state": "",
            "who": [
              "user:Ashish"
            ]
          },
          "recName": "Lymphoid enhancer-binding factor 1",
          "source": {
            "id": "O43318",
            "name": "protein",
            "url": "http://www.uniprot.org/uniprot/O43318"
          }
        }
      },
      "offsets": [
        {
          "start": 706,
          "text": "LEF-1"
        }
      ],
      "part": "s2p1"
    },
    {
      "classId": "e_1",
      "confidence": {
        "prob": 1.0,
        "state": "",
        "who": [
          "ml:GNormPlus"
        ]
      },
      "fields": {},
      "normalizations": {
        "n_6": {
          "confidence": {
            "prob": 1.0,
            "state": "",
            "who": [
              "ml:GNormPlus"
            ]
          },
          "recName": "NLK",
          "source": {
            "id": "51701",
            "name": "gene",
            "url": "http://www.ncbi.nlm.nih.gov/gene/51701"
          }
        },
        "n_7": {
          "confidence": {
            "prob": 1.0,
            "state": "",
            "who": [
              "user:Ashish"
            ]
          },
          "recName": "Serine/threonine-protein kinase NLK",
          "source": {
            "id": "O43318",
            "name": "protein",
            "url": "http://www.uniprot.org/uniprot/O43318"
          }
        }
      },
      "offsets": [
        {
          "start": 735,
          "text": "NLK"
        }
      ],
      "part": "s2p1"
    },
    {
      "classId": "e_2",
      "confidence": {
        "prob": 1.0,
        "state": "",
        "who": [
          "ml:GNormPlus"
        ]
      },
      "fields": {},
      "normalizations": {
        "n_6": {
          "confidence": {
            "prob": 1.0,
            "state": "",
            "who": [
              "ml:GNormPlus"
            ]
          },
          "recName": "LEF1",
          "source": {
            "id": "51176",
            "name": "gene",
            "url": "http://www.ncbi.nlm.nih.gov/gene/51176"
          }
        },
        "n_7": {
          "confidence": {
            "prob": 1.0,
            "state": "",
            "who": [
              "user:Ashish"
            ]
          },
          "recName": "Lymphoid enhancer-binding factor 1",
          "source": {
            "id": "O43318",
            "name": "protein",
            "url": "http://www.uniprot.org/uniprot/O43318"
          }
        }
      },
      "offsets": [
        {
          "start": 754,
          "text": "LEF-1"
        }
      ],
      "part": "s2p1"
    },
    {
      "classId": "e_2",
      "confidence": {
        "prob": 1.0,
        "state": "",
        "who": [
          "ml:GNormPlus"
        ]
      },
      "fields": {},
      "normalizations": {
        "n_6": {
          "confidence": {
            "prob": 1.0,
            "state": "",
            "who": [
              "ml:GNormPlus"
            ]
          },
          "recName": "LEF1",
          "source": {
            "id": "51176",
            "name": "gene",
            "url": "http://www.ncbi.nlm.nih.gov/gene/51176"
          }
        },
        "n_7": {
          "confidence": {
            "prob": 1.0,
            "state": "",
            "who": [
              "user:Ashish"
            ]
          },
          "recName": "Lymphoid enhancer-binding factor 1",
          "source": {
            "id": "O43318",
            "name": "protein",
            "url": "http://www.uniprot.org/uniprot/O43318"
          }
        }
      },
      "offsets": [
        {
          "start": 874,
          "text": "LEF-1"
        }
      ],
      "part": "s2p1"
    },
    {
      "classId": "e_1",
      "confidence": {
        "prob": 1.0,
        "state": "",
        "who": [
          "ml:GNormPlus"
        ]
      },
      "fields": {},
      "normalizations": {
        "n_6": {
          "confidence": {
            "prob": 1.0,
            "state": "",
            "who": [
              "ml:GNormPlus"
            ]
          },
          "recName": "NLK",
          "source": {
            "id": "51701",
            "name": "gene",
            "url": "http://www.ncbi.nlm.nih.gov/gene/51701"
          }
        },
        "n_7": {
          "confidence": {
            "prob": 1.0,
            "state": "",
            "who": [
              "user:Ashish"
            ]
          },
          "recName": "Serine/threonine-protein kinase NLK",
          "source": {
            "id": "O43318",
            "name": "protein",
            "url": "http://www.uniprot.org/uniprot/O43318"
          }
        }
      },
      "offsets": [
        {
          "start": 948,
          "text": "NLK"
        }
      ],
      "part": "s2p1"
    },
    {
      "classId": "e_2",
      "confidence": {
        "prob": 1.0,
        "state": "",
        "who": [
          "ml:GNormPlus"
        ]
      },
      "fields": {},
      "normalizations": {
        "n_6": {
          "confidence": {
            "prob": 1.0,
            "state": "",
            "who": [
              "ml:GNormPlus"
            ]
          },
          "recName": "TCF4",
          "source": {
            "id": "6925",
            "name": "gene",
            "url": "http://www.ncbi.nlm.nih.gov/gene/6925"
          }
        },
        "n_7": {
          "confidence": {
            "prob": 1.0,
            "state": "",
            "who": [
              "user:Ashish"
            ]
          },
          "recName": "Transcription factor 4",
          "source": {
            "id": "P15884",
            "name": "protein",
            "url": "http://www.uniprot.org/uniprot/P15884"
          }
        }
      },
      "offsets": [
        {
          "start": 972,
          "text": "TCF-4"
        }
      ],
      "part": "s2p1"
    },
    {
      "classId": "e_1",
      "confidence": {
        "prob": 1.0,
        "state": "",
        "who": [
          "ml:GNormPlus"
        ]
      },
      "fields": {},
      "normalizations": {
        "n_6": {
          "confidence": {
            "prob": 1.0,
            "state": "",
            "who": [
              "ml:GNormPlus"
            ]
          },
          "recName": "NLK",
          "source": {
            "id": "51701",
            "name": "gene",
            "url": "http://www.ncbi.nlm.nih.gov/gene/51701"
          }
        },
        "n_7": {
          "confidence": {
            "prob": 1.0,
            "state": "",
            "who": [
              "user:Ashish"
            ]
          },
          "recName": "Serine/threonine-protein kinase NLK",
          "source": {
            "id": "P15884",
            "name": "protein",
            "url": "http://www.uniprot.org/uniprot/P15884"
          }
        }
      },
      "offsets": [
        {
          "start": 981,
          "text": "NLK"
        }
      ],
      "part": "s2p1"
    },
    {
      "classId": "e_2",
      "confidence": {
        "prob": 1.0,
        "state": "",
        "who": [
          "ml:GNormPlus"
        ]
      },
      "fields": {},
      "normalizations": {
        "n_6": {
          "confidence": {
            "prob": 1.0,
            "state": "",
            "who": [
              "ml:GNormPlus"
            ]
          },
          "recName": "CTNNB1",
          "source": {
            "id": "1499",
            "name": "gene",
            "url": "http://www.ncbi.nlm.nih.gov/gene/1499"
          }
        },
        "n_7": {
          "confidence": {
            "prob": 1.0,
            "state": "",
            "who": [
              "user:Ashish"
            ]
          },
          "recName": "Catenin beta-1",
          "source": {
            "id": "P15884",
            "name": "protein",
            "url": "http://www.uniprot.org/uniprot/P15884"
          }
        }
      },
      "offsets": [
        {
          "start": 1014,
          "text": "beta-catenin"
        }
      ],
      "part": "s2p1"
    },
    {
      "classId": "e_2",
      "confidence": {
        "prob": 1.0,
        "state": "",
        "who": [
          "ml:GNormPlus"
        ]
      },
      "fields": {},
      "normalizations": {
        "n_6": {
          "confidence": {
            "prob": 1.0,
            "state": "",
            "who": [
              "ml:GNormPlus"
            ]
          },
          "recName": "TCF4",
          "source": {
            "id": "6925",
            "name": "gene",
            "url": "http://www.ncbi.nlm.nih.gov/gene/6925"
          }
        },
        "n_7": {
          "confidence": {
            "prob": 1.0,
            "state": "",
            "who": [
              "user:Ashish"
            ]
          },
          "recName": "Transcription factor 4",
          "source": {
            "id": "P15884",
            "name": "protein",
            "url": "http://www.uniprot.org/uniprot/P15884"
          }
        }
      },
      "offsets": [
        {
          "start": 1027,
          "text": "TCF-4"
        }
      ],
      "part": "s2p1"
    },
    {
      "classId": "e_2",
      "confidence": {
        "prob": 1.0,
        "state": "",
        "who": [
          "ml:GNormPlus"
        ]
      },
      "fields": {},
      "normalizations": {
        "n_6": {
          "confidence": {
            "prob": 1.0,
            "state": "",
            "who": [
              "ml:GNormPlus"
            ]
          },
          "recName": "TCF4",
          "source": {
            "id": "6925",
            "name": "gene",
            "url": "http://www.ncbi.nlm.nih.gov/gene/6925"
          }
        },
        "n_7": {
          "confidence": {
            "prob": 1.0,
            "state": "",
            "who": [
              "user:Ashish"
            ]
          },
          "recName": "Transcription factor 4",
          "source": {
            "id": "P15884",
            "name": "protein",
            "url": "http://www.uniprot.org/uniprot/P15884"
          }
        }
      },
      "offsets": [
        {
          "start": 1103,
          "text": "TCF-4"
        }
      ],
      "part": "s2p1"
    },
    {
      "classId": "e_1",
      "confidence": {
        "prob": 1.0,
        "state": "",
        "who": [
          "ml:GNormPlus"
        ]
      },
      "fields": {},
      "normalizations": {
        "n_6": {
          "confidence": {
            "prob": 1.0,
            "state": "",
            "who": [
              "ml:GNormPlus"
            ]
          },
          "recName": "NLK",
          "source": {
            "id": "51701",
            "name": "gene",
            "url": "http://www.ncbi.nlm.nih.gov/gene/51701"
          }
        },
        "n_7": {
          "confidence": {
            "prob": 1.0,
            "state": "",
            "who": [
              "user:Ashish"
            ]
          },
          "recName": "Serine/threonine-protein kinase NLK",
          "source": {
            "id": "P15884",
            "name": "protein",
            "url": "http://www.uniprot.org/uniprot/P15884"
          }
        }
      },
      "offsets": [
        {
          "start": 1198,
          "text": "NLK"
        }
      ],
      "part": "s2p1"
    },
    {
      "classId": "e_2",
      "confidence": {
        "prob": 1.0,
        "state": "",
        "who": [
          "ml:GNormPlus"
        ]
      },
      "fields": {},
      "normalizations": {
        "n_6": {
          "confidence": {
            "prob": 1.0,
            "state": "",
            "who": [
              "ml:GNormPlus"
            ]
          },
          "recName": "LEF1",
          "source": {
            "id": "51176",
            "name": "gene",
            "url": "http://www.ncbi.nlm.nih.gov/gene/51176"
          }
        },
        "n_7": {
          "confidence": {
            "prob": 1.0,
            "state": "",
            "who": [
              "user:Ashish"
            ]
          },
          "recName": "Lymphoid enhancer-binding factor 1",
          "source": {
            "id": "P15884",
            "name": "protein",
            "url": "http://www.uniprot.org/uniprot/P15884"
          }
        }
      },
      "offsets": [
        {
          "start": 1271,
          "text": "LEF-1"
        }
      ],
      "part": "s2p1"
    }
  ],
  "metas": {},
  "relations": [
    {
      "classId": "r_4",
      "confidence": {
        "prob": 1,
        "state": "",
        "who": [
          "user:Ashish"
        ]
      },
      "directed": false,
      "entities": [
        "s2p1|631,634",
        "s2p1|659,664"
      ],
      "type": "linked"
    },
    {
      "classId": "r_4",
      "confidence": {
        "prob": 1,
        "state": "",
        "who": [
          "user:Ashish"
        ]
      },
      "directed": false,
      "entities": [
        "s2p1|735,738",
        "s2p1|754,759"
      ],
      "type": "linked"
    }
  ],
  "sources": [
    {
      "id": "12556497",
      "name": "MEDLINE",
      "url": "http://ncbi.nlm.nih.gov/pubmed/12556497"
    },
    {
      "id": "12556497",
      "name": "PMID",
      "url": "http://www.ncbi.nlm.nih.gov/pubmed/12556497"
    }
  ]
}