{
  "anncomplete": true,
  "annotatable": {
    "parts": [
      "s1h1",
      "s2h1",
      "s2p1"
    ]
  },
  "entities": [
    {
      "classId": "e_1",
      "confidence": {
        "prob": 1.0,
        "state": "",
        "who": [
          "ml:GNormPlus"
        ]
      },
      "fields": {},
      "normalizations": {
        "n_6": {
          "confidence": {
            "prob": 1.0,
            "state": "",
            "who": [
              "ml:GNormPlus"
            ]
          },
          "recName": "LMTK3 {ECO:0000313|Ensembl:ENSP00000270238}",
          "source": {
            "id": "114783",
            "name": "gene",
            "url": "http://www.ncbi.nlm.nih.gov/gene/114783"
          }
        }
      },
      "offsets": [
        {
          "start": 68,
          "text": "LMTK3"
        }
      ],
      "part": "s1h1"
    },
    {
      "classId": "e_2",
      "confidence": {
        "prob": 1.0,
        "state": "",
        "who": [
          "ml:GNormPlus"
        ]
      },
      "fields": {},
      "normalizations": {
        "n_6": {
          "confidence": {
            "prob": 1.0,
            "state": "",
            "who": [
              "ml:GNormPlus"
            ]
          },
          "recName": "ESR1",
          "source": {
            "id": "2099",
            "name": "gene",
            "url": "http://www.ncbi.nlm.nih.gov/gene/2099"
          }
        },
        "n_7": {
          "confidence": {
            "prob": 1.0,
            "state": "",
            "who": [
              "user:Ashish"
            ]
          },
          "recName": "Estrogen receptor",
          "source": {
            "id": "P03372",
            "name": "protein",
            "url": "http://www.uniprot.org/uniprot/P03372"
          }
        }
      },
      "offsets": [
        {
          "start": 20,
          "text": "estrogen receptor a"
        }
      ],
      "part": "s2p1"
    },
    {
      "classId": "e_2",
      "confidence": {
        "prob": 1.0,
        "state": "",
        "who": [
          "ml:GNormPlus"
        ]
      },
      "fields": {},
      "normalizations": {
        "n_6": {
          "confidence": {
            "prob": 1.0,
            "state": "",
            "who": [
              "ml:GNormPlus"
            ]
          },
          "recName": "ESR1",
          "source": {
            "id": "2099",
            "name": "gene",
            "url": "http://www.ncbi.nlm.nih.gov/gene/2099"
          }
        },
        "n_7": {
          "confidence": {
            "prob": 1.0,
            "state": "",
            "who": [
              "user:Ashish"
            ]
          },
          "recName": "Estrogen receptor",
          "source": {
            "id": "P03372",
            "name": "protein",
            "url": "http://www.uniprot.org/uniprot/P03372"
          }
        }
      },
      "offsets": [
        {
          "start": 41,
          "text": "ERa"
        }
      ],
      "part": "s2p1"
    },
    {
      "classId": "e_2",
      "confidence": {
        "prob": 1.0,
        "state": "",
        "who": [
          "ml:GNormPlus"
        ]
      },
      "fields": {},
      "normalizations": {
        "n_6": {
          "confidence": {
            "prob": 1.0,
            "state": "",
            "who": [
              "ml:GNormPlus"
            ]
          },
          "recName": "ESR1",
          "source": {
            "id": "2099",
            "name": "gene",
            "url": "http://www.ncbi.nlm.nih.gov/gene/2099"
          }
        },
        "n_7": {
          "confidence": {
            "prob": 1.0,
            "state": "",
            "who": [
              "user:Ashish"
            ]
          },
          "recName": "Estrogen receptor",
          "source": {
            "id": "P03372",
            "name": "protein",
            "url": "http://www.uniprot.org/uniprot/P03372"
          }
        }
      },
      "offsets": [
        {
          "start": 57,
          "text": "ESR1"
        }
      ],
      "part": "s2p1"
    },
    {
      "classId": "e_2",
      "confidence": {
        "prob": 1.0,
        "state": "",
        "who": [
          "ml:GNormPlus"
        ]
      },
      "fields": {},
      "normalizations": {
        "n_6": {
          "confidence": {
            "prob": 1.0,
            "state": "",
            "who": [
              "ml:GNormPlus"
            ]
          },
          "recName": "ESR1",
          "source": {
            "id": "2099",
            "name": "gene",
            "url": "http://www.ncbi.nlm.nih.gov/gene/2099"
          }
        },
        "n_7": {
          "confidence": {
            "prob": 1.0,
            "state": "",
            "who": [
              "user:Ashish"
            ]
          },
          "recName": "Estrogen receptor",
          "source": {
            "id": "P03372",
            "name": "protein",
            "url": "http://www.uniprot.org/uniprot/P03372"
          }
        }
      },
      "offsets": [
        {
          "start": 230,
          "text": "ERa"
        }
      ],
      "part": "s2p1"
    },
    {
      "classId": "e_2",
      "confidence": {
        "prob": 1.0,
        "state": "",
        "who": [
          "ml:GNormPlus"
        ]
      },
      "fields": {},
      "normalizations": {
        "n_6": {
          "confidence": {
            "prob": 1.0,
            "state": "",
            "who": [
              "ml:GNormPlus"
            ]
          },
          "recName": "ESR1",
          "source": {
            "id": "2099",
            "name": "gene",
            "url": "http://www.ncbi.nlm.nih.gov/gene/2099"
          }
        },
        "n_7": {
          "confidence": {
            "prob": 1.0,
            "state": "",
            "who": [
              "user:Ashish"
            ]
          },
          "recName": "Estrogen receptor",
          "source": {
            "id": "P03372",
            "name": "protein",
            "url": "http://www.uniprot.org/uniprot/P03372"
          }
        }
      },
      "offsets": [
        {
          "start": 376,
          "text": "ERa"
        }
      ],
      "part": "s2p1"
    },
    {
      "classId": "e_1",
      "confidence": {
        "prob": 1.0,
        "state": "",
        "who": [
          "ml:GNormPlus"
        ]
      },
      "fields": {},
      "normalizations": {
        "n_6": {
          "confidence": {
            "prob": 1.0,
            "state": "",
            "who": [
              "ml:GNormPlus"
            ]
          },
          "recName": "AKT1",
          "source": {
            "id": "207",
            "name": "gene",
            "url": "http://www.ncbi.nlm.nih.gov/gene/207"
          }
        },
        "n_7": {
          "confidence": {
            "prob": 1.0,
            "state": "",
            "who": [
              "user:Ashish"
            ]
          },
          "recName": "RAC-alpha serine/threonine-protein kinase",
          "source": {
            "id": "P31749",
            "name": "protein",
            "url": "http://www.uniprot.org/uniprot/P31749"
          }
        }
      },
      "offsets": [
        {
          "start": 435,
          "text": "AKT"
        }
      ],
      "part": "s2p1"
    },
    {
      "classId": "e_1",
      "confidence": {
        "prob": 1.0,
        "state": "",
        "who": [
          "ml:GNormPlus"
        ]
      },
      "fields": {},
      "normalizations": {
        "n_6": {
          "confidence": {
            "prob": 1.0,
            "state": "",
            "who": [
              "ml:GNormPlus"
            ]
          },
          "recName": "LMTK3 {ECO:0000313|Ensembl:ENSP00000270238}",
          "source": {
            "id": "114783",
            "name": "gene",
            "url": "http://www.ncbi.nlm.nih.gov/gene/114783"
          }
        }
      },
      "offsets": [
        {
          "start": 478,
          "text": "lemur tyrosine kinase-3"
        }
      ],
      "part": "s2p1"
    },
    {
      "classId": "e_1",
      "confidence": {
        "prob": 1.0,
        "state": "",
        "who": [
          "ml:GNormPlus"
        ]
      },
      "fields": {},
      "normalizations": {
        "n_6": {
          "confidence": {
            "prob": 1.0,
            "state": "",
            "who": [
              "ml:GNormPlus"
            ]
          },
          "recName": "LMTK3 {ECO:0000313|Ensembl:ENSP00000270238}",
          "source": {
            "id": "114783",
            "name": "gene",
            "url": "http://www.ncbi.nlm.nih.gov/gene/114783"
          }
        }
      },
      "offsets": [
        {
          "start": 503,
          "text": "LMTK3"
        }
      ],
      "part": "s2p1"
    },
    {
      "classId": "e_2",
      "confidence": {
        "prob": 1.0,
        "state": "",
        "who": [
          "ml:GNormPlus"
        ]
      },
      "fields": {},
      "normalizations": {
        "n_6": {
          "confidence": {
            "prob": 1.0,
            "state": "",
            "who": [
              "ml:GNormPlus"
            ]
          },
          "recName": "ESR1",
          "source": {
            "id": "2099",
            "name": "gene",
            "url": "http://www.ncbi.nlm.nih.gov/gene/2099"
          }
        },
        "n_7": {
          "confidence": {
            "prob": 1.0,
            "state": "",
            "who": [
              "user:Ashish"
            ]
          },
          "recName": "Estrogen receptor",
          "source": {
            "id": "P31749",
            "name": "protein",
            "url": "http://www.uniprot.org/uniprot/P31749"
          }
        }
      },
      "offsets": [
        {
          "start": 597,
          "text": "ERa"
        }
      ],
      "part": "s2p1"
    },
    {
      "classId": "e_1",
      "confidence": {
        "prob": 1.0,
        "state": "",
        "who": [
          "ml:GNormPlus"
        ]
      },
      "fields": {},
      "normalizations": {
        "n_6": {
          "confidence": {
            "prob": 1.0,
            "state": "",
            "who": [
              "ml:GNormPlus"
            ]
          },
          "recName": "LMTK3 {ECO:0000313|Ensembl:ENSP00000270238}",
          "source": {
            "id": "114783",
            "name": "gene",
            "url": "http://www.ncbi.nlm.nih.gov/gene/114783"
          }
        }
      },
      "offsets": [
        {
          "start": 611,
          "text": "LMTK3"
        }
      ],
      "part": "s2p1"
    },
    {
      "classId": "e_2",
      "confidence": {
        "prob": 1.0,
        "state": "",
        "who": [
          "ml:GNormPlus"
        ]
      },
      "fields": {},
      "normalizations": {
        "n_6": {
          "confidence": {
            "prob": 1.0,
            "state": "",
            "who": [
              "ml:GNormPlus"
            ]
          },
          "recName": "ESR1",
          "source": {
            "id": "2099",
            "name": "gene",
            "url": "http://www.ncbi.nlm.nih.gov/gene/2099"
          }
        },
        "n_7": {
          "confidence": {
            "prob": 1.0,
            "state": "",
            "who": [
              "user:Ashish"
            ]
          },
          "recName": "Estrogen receptor",
          "source": {
            "id": "P31749",
            "name": "protein",
            "url": "http://www.uniprot.org/uniprot/P31749"
          }
        }
      },
      "offsets": [
        {
          "start": 742,
          "text": "ERa"
        }
      ],
      "part": "s2p1"
    },
    {
      "classId": "e_1",
      "confidence": {
        "prob": 1.0,
        "state": "",
        "who": [
          "ml:GNormPlus"
        ]
      },
      "fields": {},
      "normalizations": {
        "n_6": {
          "confidence": {
            "prob": 1.0,
            "state": "",
            "who": [
              "ml:GNormPlus"
            ]
          },
          "recName": "LMTK3 {ECO:0000313|Ensembl:ENSP00000270238}",
          "source": {
            "id": "114783",
            "name": "gene",
            "url": "http://www.ncbi.nlm.nih.gov/gene/114783"
          }
        }
      },
      "offsets": [
        {
          "start": 762,
          "text": "LMTK3"
        }
      ],
      "part": "s2p1"
    },
    {
      "classId": "e_1",
      "confidence": {
        "prob": 1.0,
        "state": "",
        "who": [
          "ml:GNormPlus"
        ]
      },
      "fields": {},
      "normalizations": {
        "n_6": {
          "confidence": {
            "prob": 1.0,
            "state": "",
            "who": [
              "ml:GNormPlus"
            ]
          },
          "recName": "AKT1",
          "source": {
            "id": "207",
            "name": "gene",
            "url": "http://www.ncbi.nlm.nih.gov/gene/207"
          }
        },
        "n_7": {
          "confidence": {
            "prob": 1.0,
            "state": "",
            "who": [
              "user:Ashish"
            ]
          },
          "recName": "RAC-alpha serine/threonine-protein kinase",
          "source": {
            "id": "P31749",
            "name": "protein",
            "url": "http://www.uniprot.org/uniprot/P31749"
          }
        }
      },
      "offsets": [
        {
          "start": 853,
          "text": "AKT"
        }
      ],
      "part": "s2p1"
    },
    {
      "classId": "e_2",
      "confidence": {
        "prob": 1.0,
        "state": "",
        "who": [
          "ml:GNormPlus"
        ]
      },
      "fields": {},
      "normalizations": {
        "n_6": {
          "confidence": {
            "prob": 1.0,
            "state": "",
            "who": [
              "ml:GNormPlus"
            ]
          },
          "recName": "FOXO3",
          "source": {
            "id": "2309",
            "name": "gene",
            "url": "http://www.ncbi.nlm.nih.gov/gene/2309"
          }
        },
        "n_7": {
          "confidence": {
            "prob": 1.0,
            "state": "",
            "who": [
              "user:Ashish"
            ]
          },
          "recName": "Forkhead box protein O3",
          "source": {
            "id": "O43524",
            "name": "protein",
            "url": "http://www.uniprot.org/uniprot/O43524"
          }
        }
      },
      "offsets": [
        {
          "start": 897,
          "text": "forkhead box O3"
        }
      ],
      "part": "s2p1"
    },
    {
      "classId": "e_2",
      "confidence": {
        "prob": 1.0,
        "state": "",
        "who": [
          "ml:GNormPlus"
        ]
      },
      "fields": {},
      "normalizations": {
        "n_6": {
          "confidence": {
            "prob": 1.0,
            "state": "",
            "who": [
              "ml:GNormPlus"
            ]
          },
          "recName": "FOXO3",
          "source": {
            "id": "2309",
            "name": "gene",
            "url": "http://www.ncbi.nlm.nih.gov/gene/2309"
          }
        },
        "n_7": {
          "confidence": {
            "prob": 1.0,
            "state": "",
            "who": [
              "user:Ashish"
            ]
          },
          "recName": "Forkhead box protein O3",
          "source": {
            "id": "O43524",
            "name": "protein",
            "url": "http://www.uniprot.org/uniprot/O43524"
          }
        }
      },
      "offsets": [
        {
          "start": 914,
          "text": "FOXO3"
        }
      ],
      "part": "s2p1"
    },
    {
      "classId": "e_2",
      "confidence": {
        "prob": 1.0,
        "state": "",
        "who": [
          "ml:GNormPlus"
        ]
      },
      "fields": {},
      "normalizations": {
        "n_6": {
          "confidence": {
            "prob": 1.0,
            "state": "",
            "who": [
              "ml:GNormPlus"
            ]
          },
          "recName": "ESR1",
          "source": {
            "id": "2099",
            "name": "gene",
            "url": "http://www.ncbi.nlm.nih.gov/gene/2099"
          }
        },
        "n_7": {
          "confidence": {
            "prob": 1.0,
            "state": "",
            "who": [
              "user:Ashish"
            ]
          },
          "recName": "Estrogen receptor",
          "source": {
            "id": "O43524",
            "name": "protein",
            "url": "http://www.uniprot.org/uniprot/O43524"
          }
        }
      },
      "offsets": [
        {
          "start": 928,
          "text": "ESR1"
        }
      ],
      "part": "s2p1"
    },
    {
      "classId": "e_1",
      "confidence": {
        "prob": 1.0,
        "state": "",
        "who": [
          "ml:GNormPlus"
        ]
      },
      "fields": {},
      "normalizations": {
        "n_6": {
          "confidence": {
            "prob": 1.0,
            "state": "",
            "who": [
              "ml:GNormPlus"
            ]
          },
          "recName": "LMTK3 {ECO:0000313|Ensembl:ENSP00000270238}",
          "source": {
            "id": "114783",
            "name": "gene",
            "url": "http://www.ncbi.nlm.nih.gov/gene/114783"
          }
        }
      },
      "offsets": [
        {
          "start": 943,
          "text": "LMTK3"
        }
      ],
      "part": "s2p1"
    },
    {
      "classId": "e_2",
      "confidence": {
        "prob": 1.0,
        "state": "",
        "who": [
          "ml:GNormPlus"
        ]
      },
      "fields": {},
      "normalizations": {
        "n_6": {
          "confidence": {
            "prob": 1.0,
            "state": "",
            "who": [
              "ml:GNormPlus"
            ]
          },
          "recName": "ESR1",
          "source": {
            "id": "2099",
            "name": "gene",
            "url": "http://www.ncbi.nlm.nih.gov/gene/2099"
          }
        },
        "n_7": {
          "confidence": {
            "prob": 1.0,
            "state": "",
            "who": [
              "user:Ashish"
            ]
          },
          "recName": "Estrogen receptor",
          "source": {
            "id": "O43524",
            "name": "protein",
            "url": "http://www.uniprot.org/uniprot/O43524"
          }
        }
      },
      "offsets": [
        {
          "start": 964,
          "text": "ERa"
        }
      ],
      "part": "s2p1"
    },
    {
      "classId": "e_1",
      "confidence": {
        "prob": 1.0,
        "state": "",
        "who": [
          "ml:GNormPlus"
        ]
      },
      "fields": {},
      "normalizations": {
        "n_6": {
          "confidence": {
            "prob": 1.0,
            "state": "",
            "who": [
              "ml:GNormPlus"
            ]
          },
          "recName": "Lmtk3",
          "source": {
            "id": "381983",
            "name": "gene",
            "url": "http://www.ncbi.nlm.nih.gov/gene/381983"
          }
        },
        "n_7": {
          "confidence": {
            "prob": 1.0,
            "state": "",
            "who": [
              "user:Ashish"
            ]
          },
          "recName": "Serine/threonine-protein kinase LMTK3",
          "source": {
            "id": "Q5XJV6",
            "name": "protein",
            "url": "http://www.uniprot.org/uniprot/Q5XJV6"
          }
        }
      },
      "offsets": [
        {
          "start": 1035,
          "text": "LMTK3"
        }
      ],
      "part": "s2p1"
    },
    {
      "classId": "e_2",
      "confidence": {
        "prob": 1.0,
        "state": "",
        "who": [
          "ml:GNormPlus"
        ]
      },
      "fields": {},
      "normalizations": {
        "n_6": {
          "confidence": {
            "prob": 1.0,
            "state": "",
            "who": [
              "ml:GNormPlus"
            ]
          },
          "recName": "Esr1",
          "source": {
            "id": "13982",
            "name": "gene",
            "url": "http://www.ncbi.nlm.nih.gov/gene/13982"
          }
        },
        "n_7": {
          "confidence": {
            "prob": 1.0,
            "state": "",
            "who": [
              "user:Ashish"
            ]
          },
          "recName": "Estrogen receptor",
          "source": {
            "id": "P19785",
            "name": "protein",
            "url": "http://www.uniprot.org/uniprot/P19785"
          }
        }
      },
      "offsets": [
        {
          "start": 1122,
          "text": "ERa"
        }
      ],
      "part": "s2p1"
    },
    {
      "classId": "e_2",
      "confidence": {
        "prob": 1.0,
        "state": "",
        "who": [
          "ml:GNormPlus"
        ]
      },
      "fields": {},
      "normalizations": {
        "n_6": {
          "confidence": {
            "prob": 1.0,
            "state": "",
            "who": [
              "ml:GNormPlus"
            ]
          },
          "recName": "Esr1",
          "source": {
            "id": "13982",
            "name": "gene",
            "url": "http://www.ncbi.nlm.nih.gov/gene/13982"
          }
        },
        "n_7": {
          "confidence": {
            "prob": 1.0,
            "state": "",
            "who": [
              "user:Ashish"
            ]
          },
          "recName": "Estrogen receptor",
          "source": {
            "id": "P19785",
            "name": "protein",
            "url": "http://www.uniprot.org/uniprot/P19785"
          }
        }
      },
      "offsets": [
        {
          "start": 1135,
          "text": "ERa"
        }
      ],
      "part": "s2p1"
    },
    {
      "classId": "e_2",
      "confidence": {
        "prob": 1.0,
        "state": "",
        "who": [
          "ml:GNormPlus"
        ]
      },
      "fields": {},
      "normalizations": {
        "n_6": {
          "confidence": {
            "prob": 1.0,
            "state": "",
            "who": [
              "ml:GNormPlus"
            ]
          },
          "recName": "Esr1",
          "source": {
            "id": "13982",
            "name": "gene",
            "url": "http://www.ncbi.nlm.nih.gov/gene/13982"
          }
        },
        "n_7": {
          "confidence": {
            "prob": 1.0,
            "state": "",
            "who": [
              "user:Ashish"
            ]
          },
          "recName": "Estrogen receptor",
          "source": {
            "id": "P19785",
            "name": "protein",
            "url": "http://www.uniprot.org/uniprot/P19785"
          }
        }
      },
      "offsets": [
        {
          "start": 1173,
          "text": "ERa"
        }
      ],
      "part": "s2p1"
    },
    {
      "classId": "e_1",
      "confidence": {
        "prob": 1.0,
        "state": "",
        "who": [
          "ml:GNormPlus"
        ]
      },
      "fields": {},
      "normalizations": {
        "n_6": {
          "confidence": {
            "prob": 1.0,
            "state": "",
            "who": [
              "ml:GNormPlus"
            ]
          },
          "recName": "LMTK3 {ECO:0000313|Ensembl:ENSP00000270238}",
          "source": {
            "id": "114783",
            "name": "gene",
            "url": "http://www.ncbi.nlm.nih.gov/gene/114783"
          }
        }
      },
      "offsets": [
        {
          "start": 1205,
          "text": "LMTK3"
        }
      ],
      "part": "s2p1"
    },
    {
      "classId": "e_1",
      "confidence": {
        "prob": 1.0,
        "state": "",
        "who": [
          "ml:GNormPlus"
        ]
      },
      "fields": {},
      "normalizations": {
        "n_6": {
          "confidence": {
            "prob": 1.0,
            "state": "",
            "who": [
              "ml:GNormPlus"
            ]
          },
          "recName": "LMTK3 {ECO:0000313|Ensembl:ENSP00000270238}",
          "source": {
            "id": "114783",
            "name": "gene",
            "url": "http://www.ncbi.nlm.nih.gov/gene/114783"
          }
        }
      },
      "offsets": [
        {
          "start": 1457,
          "text": "LMTK3"
        }
      ],
      "part": "s2p1"
    }
  ],
  "metas": {},
  "relations": [
    {
      "classId": "r_4",
      "confidence": {
        "prob": 1,
        "state": "",
        "who": [
          "user:Ashish"
        ]
      },
      "directed": false,
      "entities": [
        "s2p1|943,948",
        "s2p1|964,967"
      ],
      "type": "linked"
    }
  ],
  "sources": [
    {
      "id": "21602804",
      "name": "MEDLINE",
      "url": "http://ncbi.nlm.nih.gov/pubmed/21602804"
    },
    {
      "id": "21602804",
      "name": "PMID",
      "url": "http://www.ncbi.nlm.nih.gov/pubmed/21602804"
    }
  ]
}