{
  "anncomplete": true,
  "annotatable": {
    "parts": [
      "s1h1",
      "s2h1",
      "s2p1"
    ]
  },
  "entities": [
    {
      "classId": "e_1",
      "confidence": {
        "prob": 1.0,
        "state": "",
        "who": [
          "ml:GNormPlus"
        ]
      },
      "fields": {},
      "normalizations": {
        "n_6": {
          "confidence": {
            "prob": 1.0,
            "state": "",
            "who": [
              "ml:GNormPlus"
            ]
          },
          "recName": "AXIN1",
          "source": {
            "id": "8312",
            "name": "gene",
            "url": "http://www.ncbi.nlm.nih.gov/gene/8312"
          }
        },
        "n_7": {
          "confidence": {
            "prob": 1.0,
            "state": "",
            "who": [
              "user:Ashish"
            ]
          },
          "recName": "Axin-1",
          "source": {
            "id": "O15169",
            "name": "protein",
            "url": "http://www.uniprot.org/uniprot/O15169"
          }
        }
      },
      "offsets": [
        {
          "start": 36,
          "text": "Axin"
        }
      ],
      "part": "s1h1"
    },
    {
      "classId": "e_1",
      "confidence": {
        "prob": 1.0,
        "state": "",
        "who": [
          "ml:GNormPlus"
        ]
      },
      "fields": {},
      "normalizations": {
        "n_6": {
          "confidence": {
            "prob": 1.0,
            "state": "",
            "who": [
              "ml:GNormPlus"
            ]
          },
          "recName": "MAPK8",
          "source": {
            "id": "5599",
            "name": "gene",
            "url": "http://www.ncbi.nlm.nih.gov/gene/5599"
          }
        },
        "n_7": {
          "confidence": {
            "prob": 1.0,
            "state": "",
            "who": [
              "user:Ashish"
            ]
          },
          "recName": "Mitogen-activated protein kinase 8",
          "source": {
            "id": "P45983",
            "name": "protein",
            "url": "http://www.uniprot.org/uniprot/P45983"
          }
        }
      },
      "offsets": [
        {
          "start": 82,
          "text": "c-Jun N-terminal kinase"
        }
      ],
      "part": "s1h1"
    },
    {
      "classId": "e_1",
      "confidence": {
        "prob": 1.0,
        "state": "",
        "who": [
          "ml:GNormPlus"
        ]
      },
      "fields": {},
      "normalizations": {
        "n_6": {
          "confidence": {
            "prob": 1.0,
            "state": "",
            "who": [
              "ml:GNormPlus"
            ]
          },
          "recName": "MDFI",
          "source": {
            "id": "4188",
            "name": "gene",
            "url": "http://www.ncbi.nlm.nih.gov/gene/4188"
          }
        },
        "n_7": {
          "confidence": {
            "prob": 1.0,
            "state": "",
            "who": [
              "user:Ashish"
            ]
          },
          "recName": "MyoD family inhibitor",
          "source": {
            "id": "Q99750",
            "name": "protein",
            "url": "http://www.uniprot.org/uniprot/Q99750"
          }
        }
      },
      "offsets": [
        {
          "start": 0,
          "text": "I-mfa"
        }
      ],
      "part": "s2p1"
    },
    {
      "classId": "e_1",
      "confidence": {
        "prob": 1.0,
        "state": "",
        "who": [
          "ml:GNormPlus"
        ]
      },
      "fields": {},
      "normalizations": {
        "n_6": {
          "confidence": {
            "prob": 1.0,
            "state": "",
            "who": [
              "ml:GNormPlus"
            ]
          },
          "recName": "MDFIC {ECO:0000312|HGNC:HGNC:28870}",
          "source": {
            "id": "29969",
            "name": "gene",
            "url": "http://www.ncbi.nlm.nih.gov/gene/29969"
          }
        },
        "n_7": {
          "confidence": {
            "prob": 1.0,
            "state": "",
            "who": [
              "user:Ashish"
            ]
          },
          "recName": "MyoD family inhibitor domain-containing protein",
          "source": {
            "id": "Q9P1T7",
            "name": "protein",
            "url": "http://www.uniprot.org/uniprot/Q9P1T7"
          }
        }
      },
      "offsets": [
        {
          "start": 114,
          "text": "human I-mfa domain-containing protein"
        }
      ],
      "part": "s2p1"
    },
    {
      "classId": "e_1",
      "confidence": {
        "prob": 1.0,
        "state": "",
        "who": [
          "ml:GNormPlus"
        ]
      },
      "fields": {},
      "normalizations": {
        "n_6": {
          "confidence": {
            "prob": 1.0,
            "state": "",
            "who": [
              "ml:GNormPlus"
            ]
          },
          "recName": "MDFIC {ECO:0000312|HGNC:HGNC:28870}",
          "source": {
            "id": "29969",
            "name": "gene",
            "url": "http://www.ncbi.nlm.nih.gov/gene/29969"
          }
        },
        "n_7": {
          "confidence": {
            "prob": 1.0,
            "state": "",
            "who": [
              "user:Ashish"
            ]
          },
          "recName": "MyoD family inhibitor domain-containing protein",
          "source": {
            "id": "Q9P1T7",
            "name": "protein",
            "url": "http://www.uniprot.org/uniprot/Q9P1T7"
          }
        }
      },
      "offsets": [
        {
          "start": 153,
          "text": "HIC"
        }
      ],
      "part": "s2p1"
    },
    {
      "classId": "e_1",
      "confidence": {
        "prob": 1.0,
        "state": "",
        "who": [
          "ml:GNormPlus"
        ]
      },
      "fields": {},
      "normalizations": {
        "n_6": {
          "confidence": {
            "prob": 1.0,
            "state": "",
            "who": [
              "ml:GNormPlus"
            ]
          },
          "recName": "MDFIC {ECO:0000312|HGNC:HGNC:28870}",
          "source": {
            "id": "29969",
            "name": "gene",
            "url": "http://www.ncbi.nlm.nih.gov/gene/29969"
          }
        },
        "n_7": {
          "confidence": {
            "prob": 1.0,
            "state": "",
            "who": [
              "user:Ashish"
            ]
          },
          "recName": "MyoD family inhibitor domain-containing protein",
          "source": {
            "id": "Q9P1T7",
            "name": "protein",
            "url": "http://www.uniprot.org/uniprot/Q9P1T7"
          }
        }
      },
      "offsets": [
        {
          "start": 264,
          "text": "HIC"
        }
      ],
      "part": "s2p1"
    },
    {
      "classId": "e_1",
      "confidence": {
        "prob": 1.0,
        "state": "",
        "who": [
          "ml:GNormPlus"
        ]
      },
      "fields": {},
      "normalizations": {
        "n_6": {
          "confidence": {
            "prob": 1.0,
            "state": "",
            "who": [
              "ml:GNormPlus"
            ]
          },
          "recName": "MDFI",
          "source": {
            "id": "4188",
            "name": "gene",
            "url": "http://www.ncbi.nlm.nih.gov/gene/4188"
          }
        },
        "n_7": {
          "confidence": {
            "prob": 1.0,
            "state": "",
            "who": [
              "user:Ashish"
            ]
          },
          "recName": "MyoD family inhibitor",
          "source": {
            "id": "Q9P1T7",
            "name": "protein",
            "url": "http://www.uniprot.org/uniprot/Q9P1T7"
          }
        }
      },
      "offsets": [
        {
          "start": 272,
          "text": "I-mfa"
        }
      ],
      "part": "s2p1"
    },
    {
      "classId": "e_1",
      "confidence": {
        "prob": 1.0,
        "state": "",
        "who": [
          "ml:GNormPlus"
        ]
      },
      "fields": {},
      "normalizations": {
        "n_6": {
          "confidence": {
            "prob": 1.0,
            "state": "",
            "who": [
              "ml:GNormPlus"
            ]
          },
          "recName": "MDFIC {ECO:0000312|HGNC:HGNC:28870}",
          "source": {
            "id": "29969",
            "name": "gene",
            "url": "http://www.ncbi.nlm.nih.gov/gene/29969"
          }
        },
        "n_7": {
          "confidence": {
            "prob": 1.0,
            "state": "",
            "who": [
              "user:Ashish"
            ]
          },
          "recName": "MyoD family inhibitor domain-containing protein",
          "source": {
            "id": "Q9P1T7",
            "name": "protein",
            "url": "http://www.uniprot.org/uniprot/Q9P1T7"
          }
        }
      },
      "offsets": [
        {
          "start": 432,
          "text": "HIC"
        }
      ],
      "part": "s2p1"
    },
    {
      "classId": "e_1",
      "confidence": {
        "prob": 1.0,
        "state": "",
        "who": [
          "ml:GNormPlus"
        ]
      },
      "fields": {},
      "normalizations": {
        "n_6": {
          "confidence": {
            "prob": 1.0,
            "state": "",
            "who": [
              "ml:GNormPlus"
            ]
          },
          "recName": "MDFI",
          "source": {
            "id": "4188",
            "name": "gene",
            "url": "http://www.ncbi.nlm.nih.gov/gene/4188"
          }
        },
        "n_7": {
          "confidence": {
            "prob": 1.0,
            "state": "",
            "who": [
              "user:Ashish"
            ]
          },
          "recName": "MyoD family inhibitor",
          "source": {
            "id": "Q9P1T7",
            "name": "protein",
            "url": "http://www.uniprot.org/uniprot/Q9P1T7"
          }
        }
      },
      "offsets": [
        {
          "start": 440,
          "text": "I-mfa"
        }
      ],
      "part": "s2p1"
    },
    {
      "classId": "e_1",
      "confidence": {
        "prob": 1.0,
        "state": "",
        "who": [
          "ml:GNormPlus"
        ]
      },
      "fields": {},
      "normalizations": {
        "n_6": {
          "confidence": {
            "prob": 1.0,
            "state": "",
            "who": [
              "ml:GNormPlus"
            ]
          },
          "recName": "AXIN1",
          "source": {
            "id": "8312",
            "name": "gene",
            "url": "http://www.ncbi.nlm.nih.gov/gene/8312"
          }
        },
        "n_7": {
          "confidence": {
            "prob": 1.0,
            "state": "",
            "who": [
              "user:Ashish"
            ]
          },
          "recName": "Axin-1",
          "source": {
            "id": "Q9P1T7",
            "name": "protein",
            "url": "http://www.uniprot.org/uniprot/Q9P1T7"
          }
        }
      },
      "offsets": [
        {
          "start": 475,
          "text": "Axin"
        }
      ],
      "part": "s2p1"
    },
    {
      "classId": "e_1",
      "confidence": {
        "prob": 1.0,
        "state": "",
        "who": [
          "ml:GNormPlus"
        ]
      },
      "fields": {},
      "normalizations": {
        "n_6": {
          "confidence": {
            "prob": 1.0,
            "state": "",
            "who": [
              "ml:GNormPlus"
            ]
          },
          "recName": "AXIN1",
          "source": {
            "id": "8312",
            "name": "gene",
            "url": "http://www.ncbi.nlm.nih.gov/gene/8312"
          }
        },
        "n_7": {
          "confidence": {
            "prob": 1.0,
            "state": "",
            "who": [
              "user:Ashish"
            ]
          },
          "recName": "Axin-1",
          "source": {
            "id": "Q9P1T7",
            "name": "protein",
            "url": "http://www.uniprot.org/uniprot/Q9P1T7"
          }
        }
      },
      "offsets": [
        {
          "start": 555,
          "text": "Axin"
        }
      ],
      "part": "s2p1"
    },
    {
      "classId": "e_2",
      "confidence": {
        "prob": 1.0,
        "state": "",
        "who": [
          "ml:GNormPlus"
        ]
      },
      "fields": {},
      "normalizations": {
        "n_6": {
          "confidence": {
            "prob": 1.0,
            "state": "",
            "who": [
              "ml:GNormPlus"
            ]
          },
          "recName": "CTNNB1",
          "source": {
            "id": "1499",
            "name": "gene",
            "url": "http://www.ncbi.nlm.nih.gov/gene/1499"
          }
        },
        "n_7": {
          "confidence": {
            "prob": 1.0,
            "state": "",
            "who": [
              "user:Ashish"
            ]
          },
          "recName": "Catenin beta-1",
          "source": {
            "id": "P35222",
            "name": "protein",
            "url": "http://www.uniprot.org/uniprot/P35222"
          }
        }
      },
      "offsets": [
        {
          "start": 612,
          "text": "beta-catenin"
        }
      ],
      "part": "s2p1"
    },
    {
      "classId": "e_1",
      "confidence": {
        "prob": 1.0,
        "state": "",
        "who": [
          "ml:GNormPlus"
        ]
      },
      "fields": {},
      "normalizations": {
        "n_6": {
          "confidence": {
            "prob": 1.0,
            "state": "",
            "who": [
              "ml:GNormPlus"
            ]
          },
          "recName": "MDFI",
          "source": {
            "id": "4188",
            "name": "gene",
            "url": "http://www.ncbi.nlm.nih.gov/gene/4188"
          }
        },
        "n_7": {
          "confidence": {
            "prob": 1.0,
            "state": "",
            "who": [
              "user:Ashish"
            ]
          },
          "recName": "MyoD family inhibitor",
          "source": {
            "id": "P35222",
            "name": "protein",
            "url": "http://www.uniprot.org/uniprot/P35222"
          }
        }
      },
      "offsets": [
        {
          "start": 626,
          "text": "I-mfa"
        }
      ],
      "part": "s2p1"
    },
    {
      "classId": "e_1",
      "confidence": {
        "prob": 1.0,
        "state": "",
        "who": [
          "ml:GNormPlus"
        ]
      },
      "fields": {},
      "normalizations": {
        "n_6": {
          "confidence": {
            "prob": 1.0,
            "state": "",
            "who": [
              "ml:GNormPlus"
            ]
          },
          "recName": "MDFIC {ECO:0000312|HGNC:HGNC:28870}",
          "source": {
            "id": "29969",
            "name": "gene",
            "url": "http://www.ncbi.nlm.nih.gov/gene/29969"
          }
        },
        "n_7": {
          "confidence": {
            "prob": 1.0,
            "state": "",
            "who": [
              "user:Ashish"
            ]
          },
          "recName": "MyoD family inhibitor domain-containing protein",
          "source": {
            "id": "P35222",
            "name": "protein",
            "url": "http://www.uniprot.org/uniprot/P35222"
          }
        }
      },
      "offsets": [
        {
          "start": 636,
          "text": "HIC"
        }
      ],
      "part": "s2p1"
    },
    {
      "classId": "e_1",
      "confidence": {
        "prob": 1.0,
        "state": "",
        "who": [
          "ml:GNormPlus"
        ]
      },
      "fields": {},
      "normalizations": {
        "n_6": {
          "confidence": {
            "prob": 1.0,
            "state": "",
            "who": [
              "ml:GNormPlus"
            ]
          },
          "recName": "MDFI",
          "source": {
            "id": "4188",
            "name": "gene",
            "url": "http://www.ncbi.nlm.nih.gov/gene/4188"
          }
        },
        "n_7": {
          "confidence": {
            "prob": 1.0,
            "state": "",
            "who": [
              "user:Ashish"
            ]
          },
          "recName": "MyoD family inhibitor",
          "source": {
            "id": "P35222",
            "name": "protein",
            "url": "http://www.uniprot.org/uniprot/P35222"
          }
        }
      },
      "offsets": [
        {
          "start": 718,
          "text": "I-mfa"
        }
      ],
      "part": "s2p1"
    },
    {
      "classId": "e_1",
      "confidence": {
        "prob": 1.0,
        "state": "",
        "who": [
          "ml:GNormPlus"
        ]
      },
      "fields": {},
      "normalizations": {
        "n_6": {
          "confidence": {
            "prob": 1.0,
            "state": "",
            "who": [
              "ml:GNormPlus"
            ]
          },
          "recName": "MDFIC {ECO:0000312|HGNC:HGNC:28870}",
          "source": {
            "id": "29969",
            "name": "gene",
            "url": "http://www.ncbi.nlm.nih.gov/gene/29969"
          }
        },
        "n_7": {
          "confidence": {
            "prob": 1.0,
            "state": "",
            "who": [
              "user:Ashish"
            ]
          },
          "recName": "MyoD family inhibitor domain-containing protein",
          "source": {
            "id": "P35222",
            "name": "protein",
            "url": "http://www.uniprot.org/uniprot/P35222"
          }
        }
      },
      "offsets": [
        {
          "start": 732,
          "text": "HIC"
        }
      ],
      "part": "s2p1"
    },
    {
      "classId": "e_2",
      "confidence": {
        "prob": 1.0,
        "state": "",
        "who": [
          "ml:GNormPlus"
        ]
      },
      "fields": {},
      "normalizations": {
        "n_6": {
          "confidence": {
            "prob": 1.0,
            "state": "",
            "who": [
              "ml:GNormPlus"
            ]
          },
          "recName": "CTNNB1",
          "source": {
            "id": "1499",
            "name": "gene",
            "url": "http://www.ncbi.nlm.nih.gov/gene/1499"
          }
        },
        "n_7": {
          "confidence": {
            "prob": 1.0,
            "state": "",
            "who": [
              "user:Ashish"
            ]
          },
          "recName": "Catenin beta-1",
          "source": {
            "id": "P35222",
            "name": "protein",
            "url": "http://www.uniprot.org/uniprot/P35222"
          }
        }
      },
      "offsets": [
        {
          "start": 793,
          "text": "beta-catenin"
        }
      ],
      "part": "s2p1"
    },
    {
      "classId": "e_1",
      "confidence": {
        "prob": 1.0,
        "state": "",
        "who": [
          "ml:GNormPlus"
        ]
      },
      "fields": {},
      "normalizations": {
        "n_6": {
          "confidence": {
            "prob": 1.0,
            "state": "",
            "who": [
              "ml:GNormPlus"
            ]
          },
          "recName": "MDFIC {ECO:0000312|HGNC:HGNC:28870}",
          "source": {
            "id": "29969",
            "name": "gene",
            "url": "http://www.ncbi.nlm.nih.gov/gene/29969"
          }
        },
        "n_7": {
          "confidence": {
            "prob": 1.0,
            "state": "",
            "who": [
              "user:Ashish"
            ]
          },
          "recName": "MyoD family inhibitor domain-containing protein",
          "source": {
            "id": "P35222",
            "name": "protein",
            "url": "http://www.uniprot.org/uniprot/P35222"
          }
        }
      },
      "offsets": [
        {
          "start": 829,
          "text": "HIC"
        }
      ],
      "part": "s2p1"
    },
    {
      "classId": "e_1",
      "confidence": {
        "prob": 1.0,
        "state": "",
        "who": [
          "ml:GNormPlus"
        ]
      },
      "fields": {},
      "normalizations": {
        "n_6": {
          "confidence": {
            "prob": 1.0,
            "state": "",
            "who": [
              "ml:GNormPlus"
            ]
          },
          "recName": "MDFI",
          "source": {
            "id": "4188",
            "name": "gene",
            "url": "http://www.ncbi.nlm.nih.gov/gene/4188"
          }
        },
        "n_7": {
          "confidence": {
            "prob": 1.0,
            "state": "",
            "who": [
              "user:Ashish"
            ]
          },
          "recName": "MyoD family inhibitor",
          "source": {
            "id": "P35222",
            "name": "protein",
            "url": "http://www.uniprot.org/uniprot/P35222"
          }
        }
      },
      "offsets": [
        {
          "start": 841,
          "text": "I-mfa"
        }
      ],
      "part": "s2p1"
    },
    {
      "classId": "e_1",
      "confidence": {
        "prob": 1.0,
        "state": "",
        "who": [
          "ml:GNormPlus"
        ]
      },
      "fields": {},
      "normalizations": {
        "n_6": {
          "confidence": {
            "prob": 1.0,
            "state": "",
            "who": [
              "ml:GNormPlus"
            ]
          },
          "recName": "AXIN1",
          "source": {
            "id": "8312",
            "name": "gene",
            "url": "http://www.ncbi.nlm.nih.gov/gene/8312"
          }
        },
        "n_7": {
          "confidence": {
            "prob": 1.0,
            "state": "",
            "who": [
              "user:Ashish"
            ]
          },
          "recName": "Axin-1",
          "source": {
            "id": "P35222",
            "name": "protein",
            "url": "http://www.uniprot.org/uniprot/P35222"
          }
        }
      },
      "offsets": [
        {
          "start": 883,
          "text": "Axin"
        }
      ],
      "part": "s2p1"
    },
    {
      "classId": "e_1",
      "confidence": {
        "prob": 1.0,
        "state": "",
        "who": [
          "ml:GNormPlus"
        ]
      },
      "fields": {},
      "normalizations": {
        "n_6": {
          "confidence": {
            "prob": 1.0,
            "state": "",
            "who": [
              "ml:GNormPlus"
            ]
          },
          "recName": "MDFIC {ECO:0000312|HGNC:HGNC:28870}",
          "source": {
            "id": "29969",
            "name": "gene",
            "url": "http://www.ncbi.nlm.nih.gov/gene/29969"
          }
        },
        "n_7": {
          "confidence": {
            "prob": 1.0,
            "state": "",
            "who": [
              "user:Ashish"
            ]
          },
          "recName": "MyoD family inhibitor domain-containing protein",
          "source": {
            "id": "P35222",
            "name": "protein",
            "url": "http://www.uniprot.org/uniprot/P35222"
          }
        }
      },
      "offsets": [
        {
          "start": 946,
          "text": "HIC"
        }
      ],
      "part": "s2p1"
    },
    {
      "classId": "e_1",
      "confidence": {
        "prob": 1.0,
        "state": "",
        "who": [
          "ml:GNormPlus"
        ]
      },
      "fields": {},
      "normalizations": {
        "n_6": {
          "confidence": {
            "prob": 1.0,
            "state": "",
            "who": [
              "ml:GNormPlus"
            ]
          },
          "recName": "MDFI",
          "source": {
            "id": "4188",
            "name": "gene",
            "url": "http://www.ncbi.nlm.nih.gov/gene/4188"
          }
        },
        "n_7": {
          "confidence": {
            "prob": 1.0,
            "state": "",
            "who": [
              "user:Ashish"
            ]
          },
          "recName": "MyoD family inhibitor",
          "source": {
            "id": "P35222",
            "name": "protein",
            "url": "http://www.uniprot.org/uniprot/P35222"
          }
        }
      },
      "offsets": [
        {
          "start": 954,
          "text": "I-mfa"
        }
      ],
      "part": "s2p1"
    },
    {
      "classId": "e_1",
      "confidence": {
        "prob": 1.0,
        "state": "",
        "who": [
          "ml:GNormPlus"
        ]
      },
      "fields": {},
      "normalizations": {
        "n_6": {
          "confidence": {
            "prob": 1.0,
            "state": "",
            "who": [
              "ml:GNormPlus"
            ]
          },
          "recName": "AXIN1",
          "source": {
            "id": "8312",
            "name": "gene",
            "url": "http://www.ncbi.nlm.nih.gov/gene/8312"
          }
        },
        "n_7": {
          "confidence": {
            "prob": 1.0,
            "state": "",
            "who": [
              "user:Ashish"
            ]
          },
          "recName": "Axin-1",
          "source": {
            "id": "P35222",
            "name": "protein",
            "url": "http://www.uniprot.org/uniprot/P35222"
          }
        }
      },
      "offsets": [
        {
          "start": 970,
          "text": "Axin"
        }
      ],
      "part": "s2p1"
    },
    {
      "classId": "e_1",
      "confidence": {
        "prob": 1.0,
        "state": "",
        "who": [
          "ml:GNormPlus"
        ]
      },
      "fields": {},
      "normalizations": {
        "n_6": {
          "confidence": {
            "prob": 1.0,
            "state": "",
            "who": [
              "ml:GNormPlus"
            ]
          },
          "recName": "MAPK8",
          "source": {
            "id": "5599",
            "name": "gene",
            "url": "http://www.ncbi.nlm.nih.gov/gene/5599"
          }
        },
        "n_7": {
          "confidence": {
            "prob": 1.0,
            "state": "",
            "who": [
              "user:Ashish"
            ]
          },
          "recName": "Mitogen-activated protein kinase 8",
          "source": {
            "id": "P35222",
            "name": "protein",
            "url": "http://www.uniprot.org/uniprot/P35222"
          }
        }
      },
      "offsets": [
        {
          "start": 984,
          "text": "c-Jun N-terminal kinase"
        }
      ],
      "part": "s2p1"
    },
    {
      "classId": "e_1",
      "confidence": {
        "prob": 1.0,
        "state": "",
        "who": [
          "ml:GNormPlus"
        ]
      },
      "fields": {},
      "normalizations": {
        "n_6": {
          "confidence": {
            "prob": 1.0,
            "state": "",
            "who": [
              "ml:GNormPlus"
            ]
          },
          "recName": "AXIN1",
          "source": {
            "id": "8312",
            "name": "gene",
            "url": "http://www.ncbi.nlm.nih.gov/gene/8312"
          }
        },
        "n_7": {
          "confidence": {
            "prob": 1.0,
            "state": "",
            "who": [
              "user:Ashish"
            ]
          },
          "recName": "Axin-1",
          "source": {
            "id": "P35222",
            "name": "protein",
            "url": "http://www.uniprot.org/uniprot/P35222"
          }
        }
      },
      "offsets": [
        {
          "start": 1108,
          "text": "Axin"
        }
      ],
      "part": "s2p1"
    },
    {
      "classId": "e_1",
      "confidence": {
        "prob": 1.0,
        "state": "",
        "who": [
          "ml:GNormPlus"
        ]
      },
      "fields": {},
      "normalizations": {
        "n_6": {
          "confidence": {
            "prob": 1.0,
            "state": "",
            "who": [
              "ml:GNormPlus"
            ]
          },
          "recName": "AXIN1",
          "source": {
            "id": "8312",
            "name": "gene",
            "url": "http://www.ncbi.nlm.nih.gov/gene/8312"
          }
        },
        "n_7": {
          "confidence": {
            "prob": 1.0,
            "state": "",
            "who": [
              "user:Ashish"
            ]
          },
          "recName": "Axin-1",
          "source": {
            "id": "P35222",
            "name": "protein",
            "url": "http://www.uniprot.org/uniprot/P35222"
          }
        }
      },
      "offsets": [
        {
          "start": 1132,
          "text": "Axin"
        }
      ],
      "part": "s2p1"
    },
    {
      "classId": "e_1",
      "confidence": {
        "prob": 1.0,
        "state": "",
        "who": [
          "ml:GNormPlus"
        ]
      },
      "fields": {},
      "normalizations": {
        "n_6": {
          "confidence": {
            "prob": 1.0,
            "state": "",
            "who": [
              "ml:GNormPlus"
            ]
          },
          "recName": "MDFIC {ECO:0000312|HGNC:HGNC:28870}",
          "source": {
            "id": "29969",
            "name": "gene",
            "url": "http://www.ncbi.nlm.nih.gov/gene/29969"
          }
        },
        "n_7": {
          "confidence": {
            "prob": 1.0,
            "state": "",
            "who": [
              "user:Ashish"
            ]
          },
          "recName": "MyoD family inhibitor domain-containing protein",
          "source": {
            "id": "P35222",
            "name": "protein",
            "url": "http://www.uniprot.org/uniprot/P35222"
          }
        }
      },
      "offsets": [
        {
          "start": 1212,
          "text": "HIC"
        }
      ],
      "part": "s2p1"
    },
    {
      "classId": "e_1",
      "confidence": {
        "prob": 1.0,
        "state": "",
        "who": [
          "ml:GNormPlus"
        ]
      },
      "fields": {},
      "normalizations": {
        "n_6": {
          "confidence": {
            "prob": 1.0,
            "state": "",
            "who": [
              "ml:GNormPlus"
            ]
          },
          "recName": "MDFI",
          "source": {
            "id": "4188",
            "name": "gene",
            "url": "http://www.ncbi.nlm.nih.gov/gene/4188"
          }
        },
        "n_7": {
          "confidence": {
            "prob": 1.0,
            "state": "",
            "who": [
              "user:Ashish"
            ]
          },
          "recName": "MyoD family inhibitor",
          "source": {
            "id": "P35222",
            "name": "protein",
            "url": "http://www.uniprot.org/uniprot/P35222"
          }
        }
      },
      "offsets": [
        {
          "start": 1229,
          "text": "I-mfa"
        }
      ],
      "part": "s2p1"
    },
    {
      "classId": "e_1",
      "confidence": {
        "prob": 1.0,
        "state": "",
        "who": [
          "ml:GNormPlus"
        ]
      },
      "fields": {},
      "normalizations": {
        "n_6": {
          "confidence": {
            "prob": 1.0,
            "state": "",
            "who": [
              "ml:GNormPlus"
            ]
          },
          "recName": "MDFI",
          "source": {
            "id": "4188",
            "name": "gene",
            "url": "http://www.ncbi.nlm.nih.gov/gene/4188"
          }
        },
        "n_7": {
          "confidence": {
            "prob": 1.0,
            "state": "",
            "who": [
              "user:Ashish"
            ]
          },
          "recName": "MyoD family inhibitor",
          "source": {
            "id": "P35222",
            "name": "protein",
            "url": "http://www.uniprot.org/uniprot/P35222"
          }
        }
      },
      "offsets": [
        {
          "start": 1243,
          "text": "I-mfa"
        }
      ],
      "part": "s2p1"
    },
    {
      "classId": "e_1",
      "confidence": {
        "prob": 1.0,
        "state": "",
        "who": [
          "ml:GNormPlus"
        ]
      },
      "fields": {},
      "normalizations": {
        "n_6": {
          "confidence": {
            "prob": 1.0,
            "state": "",
            "who": [
              "ml:GNormPlus"
            ]
          },
          "recName": "AXIN1",
          "source": {
            "id": "8312",
            "name": "gene",
            "url": "http://www.ncbi.nlm.nih.gov/gene/8312"
          }
        },
        "n_7": {
          "confidence": {
            "prob": 1.0,
            "state": "",
            "who": [
              "user:Ashish"
            ]
          },
          "recName": "Axin-1",
          "source": {
            "id": "P35222",
            "name": "protein",
            "url": "http://www.uniprot.org/uniprot/P35222"
          }
        }
      },
      "offsets": [
        {
          "start": 1262,
          "text": "Axin"
        }
      ],
      "part": "s2p1"
    },
    {
      "classId": "e_1",
      "confidence": {
        "prob": 1.0,
        "state": "",
        "who": [
          "ml:GNormPlus"
        ]
      },
      "fields": {},
      "normalizations": {
        "n_6": {
          "confidence": {
            "prob": 1.0,
            "state": "",
            "who": [
              "ml:GNormPlus"
            ]
          },
          "recName": "MDFIC {ECO:0000312|HGNC:HGNC:28870}",
          "source": {
            "id": "29969",
            "name": "gene",
            "url": "http://www.ncbi.nlm.nih.gov/gene/29969"
          }
        },
        "n_7": {
          "confidence": {
            "prob": 1.0,
            "state": "",
            "who": [
              "user:Ashish"
            ]
          },
          "recName": "MyoD family inhibitor domain-containing protein",
          "source": {
            "id": "P35222",
            "name": "protein",
            "url": "http://www.uniprot.org/uniprot/P35222"
          }
        }
      },
      "offsets": [
        {
          "start": 1361,
          "text": "HIC"
        }
      ],
      "part": "s2p1"
    },
    {
      "classId": "e_1",
      "confidence": {
        "prob": 1.0,
        "state": "",
        "who": [
          "ml:GNormPlus"
        ]
      },
      "fields": {},
      "normalizations": {
        "n_6": {
          "confidence": {
            "prob": 1.0,
            "state": "",
            "who": [
              "ml:GNormPlus"
            ]
          },
          "recName": "AXIN1",
          "source": {
            "id": "8312",
            "name": "gene",
            "url": "http://www.ncbi.nlm.nih.gov/gene/8312"
          }
        },
        "n_7": {
          "confidence": {
            "prob": 1.0,
            "state": "",
            "who": [
              "user:Ashish"
            ]
          },
          "recName": "Axin-1",
          "source": {
            "id": "P35222",
            "name": "protein",
            "url": "http://www.uniprot.org/uniprot/P35222"
          }
        }
      },
      "offsets": [
        {
          "start": 1383,
          "text": "Axin"
        }
      ],
      "part": "s2p1"
    }
  ],
  "metas": {},
  "relations": [],
  "sources": [
    {
      "id": "12192039",
      "name": "MEDLINE",
      "url": "http://ncbi.nlm.nih.gov/pubmed/12192039"
    },
    {
      "id": "12192039",
      "name": "PMID",
      "url": "http://www.ncbi.nlm.nih.gov/pubmed/12192039"
    }
  ]
}