{
  "anncomplete": true,
  "annotatable": {
    "parts": [
      "s1h1",
      "s2h1",
      "s2p1"
    ]
  },
  "entities": [
    {
      "classId": "e_1",
      "confidence": {
        "prob": 1.0,
        "state": "",
        "who": [
          "ml:GNormPlus"
        ]
      },
      "fields": {},
      "normalizations": {
        "n_6": {
          "confidence": {
            "prob": 1.0,
            "state": "",
            "who": [
              "ml:GNormPlus"
            ]
          },
          "recName": "TRAF2",
          "source": {
            "id": "7186",
            "name": "gene",
            "url": "http://www.ncbi.nlm.nih.gov/gene/7186"
          }
        },
        "n_7": {
          "confidence": {
            "prob": 1.0,
            "state": "",
            "who": [
              "user:Ashish"
            ]
          },
          "recName": "TNF receptor-associated factor 2",
          "source": {
            "id": "Q12933",
            "name": "protein",
            "url": "http://www.uniprot.org/uniprot/Q12933"
          }
        }
      },
      "offsets": [
        {
          "start": 0,
          "text": "TRAF2"
        }
      ],
      "part": "s2p1"
    },
    {
      "classId": "e_1",
      "confidence": {
        "prob": 1.0,
        "state": "",
        "who": [
          "ml:GNormPlus"
        ]
      },
      "fields": {},
      "normalizations": {
        "n_6": {
          "confidence": {
            "prob": 1.0,
            "state": "",
            "who": [
              "ml:GNormPlus"
            ]
          },
          "recName": "USP31",
          "source": {
            "id": "57478",
            "name": "gene",
            "url": "http://www.ncbi.nlm.nih.gov/gene/57478"
          }
        },
        "n_7": {
          "confidence": {
            "prob": 1.0,
            "state": "",
            "who": [
              "user:Ashish"
            ]
          },
          "recName": "Ubiquitin carboxyl-terminal hydrolase 31",
          "source": {
            "id": "Q70CQ4",
            "name": "protein",
            "url": "http://www.uniprot.org/uniprot/Q70CQ4"
          }
        }
      },
      "offsets": [
        {
          "start": 183,
          "text": "USP31"
        }
      ],
      "part": "s2p1"
    },
    {
      "classId": "e_1",
      "confidence": {
        "prob": 1.0,
        "state": "",
        "who": [
          "ml:GNormPlus"
        ]
      },
      "fields": {},
      "normalizations": {
        "n_6": {
          "confidence": {
            "prob": 1.0,
            "state": "",
            "who": [
              "ml:GNormPlus"
            ]
          },
          "recName": "TRAF2",
          "source": {
            "id": "7186",
            "name": "gene",
            "url": "http://www.ncbi.nlm.nih.gov/gene/7186"
          }
        },
        "n_7": {
          "confidence": {
            "prob": 1.0,
            "state": "",
            "who": [
              "user:Ashish"
            ]
          },
          "recName": "TNF receptor-associated factor 2",
          "source": {
            "id": "Q70CQ4",
            "name": "protein",
            "url": "http://www.uniprot.org/uniprot/Q70CQ4"
          }
        }
      },
      "offsets": [
        {
          "start": 195,
          "text": "TRAF2"
        }
      ],
      "part": "s2p1"
    },
    {
      "classId": "e_1",
      "confidence": {
        "prob": 1.0,
        "state": "",
        "who": [
          "ml:GNormPlus"
        ]
      },
      "fields": {},
      "normalizations": {
        "n_6": {
          "confidence": {
            "prob": 1.0,
            "state": "",
            "who": [
              "ml:GNormPlus"
            ]
          },
          "recName": "USP31",
          "source": {
            "id": "57478",
            "name": "gene",
            "url": "http://www.ncbi.nlm.nih.gov/gene/57478"
          }
        },
        "n_7": {
          "confidence": {
            "prob": 1.0,
            "state": "",
            "who": [
              "user:Ashish"
            ]
          },
          "recName": "Ubiquitin carboxyl-terminal hydrolase 31",
          "source": {
            "id": "Q70CQ4",
            "name": "protein",
            "url": "http://www.uniprot.org/uniprot/Q70CQ4"
          }
        }
      },
      "offsets": [
        {
          "start": 245,
          "text": "USP31"
        }
      ],
      "part": "s2p1"
    },
    {
      "classId": "e_1",
      "confidence": {
        "prob": 1.0,
        "state": "",
        "who": [
          "ml:GNormPlus"
        ]
      },
      "fields": {},
      "normalizations": {
        "n_6": {
          "confidence": {
            "prob": 1.0,
            "state": "",
            "who": [
              "ml:GNormPlus"
            ]
          },
          "recName": "USP31",
          "source": {
            "id": "57478",
            "name": "gene",
            "url": "http://www.ncbi.nlm.nih.gov/gene/57478"
          }
        },
        "n_7": {
          "confidence": {
            "prob": 1.0,
            "state": "",
            "who": [
              "user:Ashish"
            ]
          },
          "recName": "Ubiquitin carboxyl-terminal hydrolase 31",
          "source": {
            "id": "Q70CQ4",
            "name": "protein",
            "url": "http://www.uniprot.org/uniprot/Q70CQ4"
          }
        }
      },
      "offsets": [
        {
          "start": 319,
          "text": "USP31"
        }
      ],
      "part": "s2p1"
    },
    {
      "classId": "e_1",
      "confidence": {
        "prob": 1.0,
        "state": "",
        "who": [
          "ml:GNormPlus"
        ]
      },
      "fields": {},
      "normalizations": {
        "n_6": {
          "confidence": {
            "prob": 1.0,
            "state": "",
            "who": [
              "ml:GNormPlus"
            ]
          },
          "recName": "USP31",
          "source": {
            "id": "57478",
            "name": "gene",
            "url": "http://www.ncbi.nlm.nih.gov/gene/57478"
          }
        },
        "n_7": {
          "confidence": {
            "prob": 1.0,
            "state": "",
            "who": [
              "user:Ashish"
            ]
          },
          "recName": "Ubiquitin carboxyl-terminal hydrolase 31",
          "source": {
            "id": "Q70CQ4",
            "name": "protein",
            "url": "http://www.uniprot.org/uniprot/Q70CQ4"
          }
        }
      },
      "offsets": [
        {
          "start": 326,
          "text": "USP31"
        }
      ],
      "part": "s2p1"
    },
    {
      "classId": "e_1",
      "confidence": {
        "prob": 1.0,
        "state": "",
        "who": [
          "ml:GNormPlus"
        ]
      },
      "fields": {},
      "normalizations": {
        "n_6": {
          "confidence": {
            "prob": 1.0,
            "state": "",
            "who": [
              "ml:GNormPlus"
            ]
          },
          "recName": "USP31",
          "source": {
            "id": "57478",
            "name": "gene",
            "url": "http://www.ncbi.nlm.nih.gov/gene/57478"
          }
        },
        "n_7": {
          "confidence": {
            "prob": 1.0,
            "state": "",
            "who": [
              "user:Ashish"
            ]
          },
          "recName": "Ubiquitin carboxyl-terminal hydrolase 31",
          "source": {
            "id": "Q70CQ4",
            "name": "protein",
            "url": "http://www.uniprot.org/uniprot/Q70CQ4"
          }
        }
      },
      "offsets": [
        {
          "start": 394,
          "text": "USP31"
        }
      ],
      "part": "s2p1"
    },
    {
      "classId": "e_1",
      "confidence": {
        "prob": 1.0,
        "state": "",
        "who": [
          "ml:GNormPlus"
        ]
      },
      "fields": {},
      "normalizations": {
        "n_6": {
          "confidence": {
            "prob": 1.0,
            "state": "",
            "who": [
              "ml:GNormPlus"
            ]
          },
          "recName": "USP31",
          "source": {
            "id": "57478",
            "name": "gene",
            "url": "http://www.ncbi.nlm.nih.gov/gene/57478"
          }
        },
        "n_7": {
          "confidence": {
            "prob": 1.0,
            "state": "",
            "who": [
              "user:Ashish"
            ]
          },
          "recName": "Ubiquitin carboxyl-terminal hydrolase 31",
          "source": {
            "id": "Q70CQ4",
            "name": "protein",
            "url": "http://www.uniprot.org/uniprot/Q70CQ4"
          }
        }
      },
      "offsets": [
        {
          "start": 401,
          "text": "USP31S1"
        }
      ],
      "part": "s2p1"
    },
    {
      "classId": "e_1",
      "confidence": {
        "prob": 1.0,
        "state": "",
        "who": [
          "ml:GNormPlus"
        ]
      },
      "fields": {},
      "normalizations": {
        "n_6": {
          "confidence": {
            "prob": 1.0,
            "state": "",
            "who": [
              "ml:GNormPlus"
            ]
          },
          "recName": "USP31",
          "source": {
            "id": "57478",
            "name": "gene",
            "url": "http://www.ncbi.nlm.nih.gov/gene/57478"
          }
        },
        "n_7": {
          "confidence": {
            "prob": 1.0,
            "state": "",
            "who": [
              "user:Ashish"
            ]
          },
          "recName": "Ubiquitin carboxyl-terminal hydrolase 31",
          "source": {
            "id": "Q70CQ4",
            "name": "protein",
            "url": "http://www.uniprot.org/uniprot/Q70CQ4"
          }
        }
      },
      "offsets": [
        {
          "start": 426,
          "text": "USP31"
        }
      ],
      "part": "s2p1"
    },
    {
      "classId": "e_1",
      "confidence": {
        "prob": 1.0,
        "state": "",
        "who": [
          "ml:GNormPlus"
        ]
      },
      "fields": {},
      "normalizations": {
        "n_6": {
          "confidence": {
            "prob": 1.0,
            "state": "",
            "who": [
              "ml:GNormPlus"
            ]
          },
          "recName": "USP31",
          "source": {
            "id": "57478",
            "name": "gene",
            "url": "http://www.ncbi.nlm.nih.gov/gene/57478"
          }
        },
        "n_7": {
          "confidence": {
            "prob": 1.0,
            "state": "",
            "who": [
              "user:Ashish"
            ]
          },
          "recName": "Ubiquitin carboxyl-terminal hydrolase 31",
          "source": {
            "id": "Q70CQ4",
            "name": "protein",
            "url": "http://www.uniprot.org/uniprot/Q70CQ4"
          }
        }
      },
      "offsets": [
        {
          "start": 436,
          "text": "USP31S1"
        }
      ],
      "part": "s2p1"
    },
    {
      "classId": "e_1",
      "confidence": {
        "prob": 1.0,
        "state": "",
        "who": [
          "ml:GNormPlus"
        ]
      },
      "fields": {},
      "normalizations": {
        "n_6": {
          "confidence": {
            "prob": 1.0,
            "state": "",
            "who": [
              "ml:GNormPlus"
            ]
          },
          "recName": "USP31",
          "source": {
            "id": "57478",
            "name": "gene",
            "url": "http://www.ncbi.nlm.nih.gov/gene/57478"
          }
        },
        "n_7": {
          "confidence": {
            "prob": 1.0,
            "state": "",
            "who": [
              "user:Ashish"
            ]
          },
          "recName": "Ubiquitin carboxyl-terminal hydrolase 31",
          "source": {
            "id": "Q70CQ4",
            "name": "protein",
            "url": "http://www.uniprot.org/uniprot/Q70CQ4"
          }
        }
      },
      "offsets": [
        {
          "start": 589,
          "text": "USP31"
        }
      ],
      "part": "s2p1"
    },
    {
      "classId": "e_1",
      "confidence": {
        "prob": 1.0,
        "state": "",
        "who": [
          "ml:GNormPlus"
        ]
      },
      "fields": {},
      "normalizations": {
        "n_6": {
          "confidence": {
            "prob": 1.0,
            "state": "",
            "who": [
              "ml:GNormPlus"
            ]
          },
          "recName": "USP31",
          "source": {
            "id": "57478",
            "name": "gene",
            "url": "http://www.ncbi.nlm.nih.gov/gene/57478"
          }
        },
        "n_7": {
          "confidence": {
            "prob": 1.0,
            "state": "",
            "who": [
              "user:Ashish"
            ]
          },
          "recName": "Ubiquitin carboxyl-terminal hydrolase 31",
          "source": {
            "id": "Q70CQ4",
            "name": "protein",
            "url": "http://www.uniprot.org/uniprot/Q70CQ4"
          }
        }
      },
      "offsets": [
        {
          "start": 603,
          "text": "USP31S1"
        }
      ],
      "part": "s2p1"
    },
    {
      "classId": "e_1",
      "confidence": {
        "prob": 1.0,
        "state": "",
        "who": [
          "ml:GNormPlus"
        ]
      },
      "fields": {},
      "normalizations": {
        "n_6": {
          "confidence": {
            "prob": 1.0,
            "state": "",
            "who": [
              "ml:GNormPlus"
            ]
          },
          "recName": "USP31",
          "source": {
            "id": "57478",
            "name": "gene",
            "url": "http://www.ncbi.nlm.nih.gov/gene/57478"
          }
        },
        "n_7": {
          "confidence": {
            "prob": 1.0,
            "state": "",
            "who": [
              "user:Ashish"
            ]
          },
          "recName": "Ubiquitin carboxyl-terminal hydrolase 31",
          "source": {
            "id": "Q70CQ4",
            "name": "protein",
            "url": "http://www.uniprot.org/uniprot/Q70CQ4"
          }
        }
      },
      "offsets": [
        {
          "start": 677,
          "text": "USP31"
        }
      ],
      "part": "s2p1"
    },
    {
      "classId": "e_1",
      "confidence": {
        "prob": 1.0,
        "state": "",
        "who": [
          "ml:GNormPlus"
        ]
      },
      "fields": {},
      "normalizations": {
        "n_6": {
          "confidence": {
            "prob": 1.0,
            "state": "",
            "who": [
              "ml:GNormPlus"
            ]
          },
          "recName": "USP31",
          "source": {
            "id": "57478",
            "name": "gene",
            "url": "http://www.ncbi.nlm.nih.gov/gene/57478"
          }
        },
        "n_7": {
          "confidence": {
            "prob": 1.0,
            "state": "",
            "who": [
              "user:Ashish"
            ]
          },
          "recName": "Ubiquitin carboxyl-terminal hydrolase 31",
          "source": {
            "id": "Q70CQ4",
            "name": "protein",
            "url": "http://www.uniprot.org/uniprot/Q70CQ4"
          }
        }
      },
      "offsets": [
        {
          "start": 802,
          "text": "USP31"
        }
      ],
      "part": "s2p1"
    },
    {
      "classId": "e_1",
      "confidence": {
        "prob": 1.0,
        "state": "",
        "who": [
          "ml:GNormPlus"
        ]
      },
      "fields": {},
      "normalizations": {
        "n_6": {
          "confidence": {
            "prob": 1.0,
            "state": "",
            "who": [
              "ml:GNormPlus"
            ]
          },
          "recName": "TNF",
          "source": {
            "id": "7124",
            "name": "gene",
            "url": "http://www.ncbi.nlm.nih.gov/gene/7124"
          }
        },
        "n_7": {
          "confidence": {
            "prob": 1.0,
            "state": "",
            "who": [
              "user:Ashish"
            ]
          },
          "recName": "Tumor necrosis factor",
          "source": {
            "id": "P01375",
            "name": "protein",
            "url": "http://www.uniprot.org/uniprot/P01375"
          }
        }
      },
      "offsets": [
        {
          "start": 836,
          "text": "TNFalpha"
        }
      ],
      "part": "s2p1"
    },
    {
      "classId": "e_1",
      "confidence": {
        "prob": 1.0,
        "state": "",
        "who": [
          "ml:GNormPlus"
        ]
      },
      "fields": {},
      "normalizations": {
        "n_6": {
          "confidence": {
            "prob": 1.0,
            "state": "",
            "who": [
              "ml:GNormPlus"
            ]
          },
          "recName": "CD40",
          "source": {
            "id": "958",
            "name": "gene",
            "url": "http://www.ncbi.nlm.nih.gov/gene/958"
          }
        },
        "n_7": {
          "confidence": {
            "prob": 1.0,
            "state": "",
            "who": [
              "user:Ashish"
            ]
          },
          "recName": "Tumor necrosis factor receptor superfamily member 5",
          "source": {
            "id": "P25942",
            "name": "protein",
            "url": "http://www.uniprot.org/uniprot/P25942"
          }
        }
      },
      "offsets": [
        {
          "start": 846,
          "text": "CD40"
        }
      ],
      "part": "s2p1"
    },
    {
      "classId": "e_1",
      "confidence": {
        "prob": 1.0,
        "state": "",
        "who": [
          "ml:GNormPlus"
        ]
      },
      "fields": {},
      "normalizations": {
        "n_6": {
          "confidence": {
            "prob": 1.0,
            "state": "",
            "who": [
              "ml:GNormPlus"
            ]
          },
          "recName": "PDLIM7",
          "source": {
            "id": "9260",
            "name": "gene",
            "url": "http://www.ncbi.nlm.nih.gov/gene/9260"
          }
        },
        "n_7": {
          "confidence": {
            "prob": 1.0,
            "state": "",
            "who": [
              "user:Ashish"
            ]
          },
          "recName": "PDZ and LIM domain protein 7",
          "source": {
            "id": "Q9NR12",
            "name": "protein",
            "url": "http://www.uniprot.org/uniprot/Q9NR12"
          }
        }
      },
      "offsets": [
        {
          "start": 852,
          "text": "LMP1"
        }
      ],
      "part": "s2p1"
    },
    {
      "classId": "e_1",
      "confidence": {
        "prob": 1.0,
        "state": "",
        "who": [
          "ml:GNormPlus"
        ]
      },
      "fields": {},
      "normalizations": {
        "n_6": {
          "confidence": {
            "prob": 1.0,
            "state": "",
            "who": [
              "ml:GNormPlus"
            ]
          },
          "recName": "TRAF2",
          "source": {
            "id": "7186",
            "name": "gene",
            "url": "http://www.ncbi.nlm.nih.gov/gene/7186"
          }
        },
        "n_7": {
          "confidence": {
            "prob": 1.0,
            "state": "",
            "who": [
              "user:Ashish"
            ]
          },
          "recName": "TNF receptor-associated factor 2",
          "source": {
            "id": "Q9NR12",
            "name": "protein",
            "url": "http://www.uniprot.org/uniprot/Q9NR12"
          }
        }
      },
      "offsets": [
        {
          "start": 858,
          "text": "TRAF2"
        }
      ],
      "part": "s2p1"
    },
    {
      "classId": "e_1",
      "confidence": {
        "prob": 1.0,
        "state": "",
        "who": [
          "ml:GNormPlus"
        ]
      },
      "fields": {},
      "normalizations": {
        "n_6": {
          "confidence": {
            "prob": 1.0,
            "state": "",
            "who": [
              "ml:GNormPlus"
            ]
          },
          "recName": "TRAF6",
          "source": {
            "id": "7189",
            "name": "gene",
            "url": "http://www.ncbi.nlm.nih.gov/gene/7189"
          }
        },
        "n_7": {
          "confidence": {
            "prob": 1.0,
            "state": "",
            "who": [
              "user:Ashish"
            ]
          },
          "recName": "TNF receptor-associated factor 6",
          "source": {
            "id": "Q9Y4K3",
            "name": "protein",
            "url": "http://www.uniprot.org/uniprot/Q9Y4K3"
          }
        }
      },
      "offsets": [
        {
          "start": 865,
          "text": "TRAF6"
        }
      ],
      "part": "s2p1"
    },
    {
      "classId": "e_1",
      "confidence": {
        "prob": 1.0,
        "state": "",
        "who": [
          "ml:GNormPlus"
        ]
      },
      "fields": {},
      "normalizations": {
        "n_6": {
          "confidence": {
            "prob": 1.0,
            "state": "",
            "who": [
              "ml:GNormPlus"
            ]
          },
          "recName": "IKBKB",
          "source": {
            "id": "3551",
            "name": "gene",
            "url": "http://www.ncbi.nlm.nih.gov/gene/3551"
          }
        },
        "n_7": {
          "confidence": {
            "prob": 1.0,
            "state": "",
            "who": [
              "user:Ashish"
            ]
          },
          "recName": "Inhibitor of nuclear factor kappa-B kinase subunit beta",
          "source": {
            "id": "O14920",
            "name": "protein",
            "url": "http://www.uniprot.org/uniprot/O14920"
          }
        }
      },
      "offsets": [
        {
          "start": 875,
          "text": "IKKbeta"
        }
      ],
      "part": "s2p1"
    },
    {
      "classId": "e_1",
      "confidence": {
        "prob": 1.0,
        "state": "",
        "who": [
          "ml:GNormPlus"
        ]
      },
      "fields": {},
      "normalizations": {
        "n_6": {
          "confidence": {
            "prob": 1.0,
            "state": "",
            "who": [
              "ml:GNormPlus"
            ]
          },
          "recName": "USP31",
          "source": {
            "id": "57478",
            "name": "gene",
            "url": "http://www.ncbi.nlm.nih.gov/gene/57478"
          }
        },
        "n_7": {
          "confidence": {
            "prob": 1.0,
            "state": "",
            "who": [
              "user:Ashish"
            ]
          },
          "recName": "Ubiquitin carboxyl-terminal hydrolase 31",
          "source": {
            "id": "O14920",
            "name": "protein",
            "url": "http://www.uniprot.org/uniprot/O14920"
          }
        }
      },
      "offsets": [
        {
          "start": 992,
          "text": "USP31"
        }
      ],
      "part": "s2p1"
    },
    {
      "classId": "e_2",
      "confidence": {
        "prob": 1.0,
        "state": "",
        "who": [
          "ml:GNormPlus"
        ]
      },
      "fields": {},
      "normalizations": {
        "n_6": {
          "confidence": {
            "prob": 1.0,
            "state": "",
            "who": [
              "ml:GNormPlus"
            ]
          },
          "recName": "RELA",
          "source": {
            "id": "5970",
            "name": "gene",
            "url": "http://www.ncbi.nlm.nih.gov/gene/5970"
          }
        },
        "n_7": {
          "confidence": {
            "prob": 1.0,
            "state": "",
            "who": [
              "user:Ashish"
            ]
          },
          "recName": "Transcription factor p65",
          "source": {
            "id": "Q04206",
            "name": "protein",
            "url": "http://www.uniprot.org/uniprot/Q04206"
          }
        }
      },
      "offsets": [
        {
          "start": 1021,
          "text": "p65"
        }
      ],
      "part": "s2p1"
    },
    {
      "classId": "e_2",
      "confidence": {
        "prob": 1.0,
        "state": "",
        "who": [
          "ml:GNormPlus"
        ]
      },
      "fields": {},
      "normalizations": {
        "n_6": {
          "confidence": {
            "prob": 1.0,
            "state": "",
            "who": [
              "ml:GNormPlus"
            ]
          },
          "recName": "RELA",
          "source": {
            "id": "5970",
            "name": "gene",
            "url": "http://www.ncbi.nlm.nih.gov/gene/5970"
          }
        },
        "n_7": {
          "confidence": {
            "prob": 1.0,
            "state": "",
            "who": [
              "user:Ashish"
            ]
          },
          "recName": "Transcription factor p65",
          "source": {
            "id": "Q04206",
            "name": "protein",
            "url": "http://www.uniprot.org/uniprot/Q04206"
          }
        }
      },
      "offsets": [
        {
          "start": 1025,
          "text": "RelA"
        }
      ],
      "part": "s2p1"
    },
    {
      "classId": "e_1",
      "confidence": {
        "prob": 1.0,
        "state": "",
        "who": [
          "ml:GNormPlus"
        ]
      },
      "fields": {},
      "normalizations": {
        "n_6": {
          "confidence": {
            "prob": 1.0,
            "state": "",
            "who": [
              "ml:GNormPlus"
            ]
          },
          "recName": "USP31",
          "source": {
            "id": "57478",
            "name": "gene",
            "url": "http://www.ncbi.nlm.nih.gov/gene/57478"
          }
        },
        "n_7": {
          "confidence": {
            "prob": 1.0,
            "state": "",
            "who": [
              "user:Ashish"
            ]
          },
          "recName": "Ubiquitin carboxyl-terminal hydrolase 31",
          "source": {
            "id": "Q04206",
            "name": "protein",
            "url": "http://www.uniprot.org/uniprot/Q04206"
          }
        }
      },
      "offsets": [
        {
          "start": 1059,
          "text": "USP31"
        }
      ],
      "part": "s2p1"
    }
  ],
  "metas": {},
  "relations": [
    {
      "classId": "r_4",
      "confidence": {
        "prob": 1,
        "state": "",
        "who": [
          "user:Ashish"
        ]
      },
      "directed": false,
      "entities": [
        "s2p1|992,997",
        "s2p1|1021,1024"
      ],
      "type": "linked"
    },
    {
      "classId": "r_4",
      "confidence": {
        "prob": 1,
        "state": "",
        "who": [
          "user:Ashish"
        ]
      },
      "directed": false,
      "entities": [
        "s2p1|992,997",
        "s2p1|1025,1029"
      ],
      "type": "linked"
    }
  ],
  "sources": [
    {
      "id": "16214042",
      "name": "MEDLINE",
      "url": "http://ncbi.nlm.nih.gov/pubmed/16214042"
    },
    {
      "id": "16214042",
      "name": "PMID",
      "url": "http://www.ncbi.nlm.nih.gov/pubmed/16214042"
    }
  ]
}