{
  "anncomplete": true,
  "annotatable": {
    "parts": [
      "s1h1",
      "s2h1",
      "s2p1"
    ]
  },
  "entities": [
    {
      "classId": "e_2",
      "confidence": {
        "prob": 1.0,
        "state": "",
        "who": [
          "ml:GNormPlus"
        ]
      },
      "fields": {},
      "normalizations": {
        "n_6": {
          "confidence": {
            "prob": 1.0,
            "state": "",
            "who": [
              "ml:GNormPlus"
            ]
          },
          "recName": "TP53",
          "source": {
            "id": "7157",
            "name": "gene",
            "url": "http://www.ncbi.nlm.nih.gov/gene/7157"
          }
        },
        "n_7": {
          "confidence": {
            "prob": 1.0,
            "state": "",
            "who": [
              "user:Ashish"
            ]
          },
          "recName": "Cellular tumor antigen p53",
          "source": {
            "id": "P04637",
            "name": "protein",
            "url": "http://www.uniprot.org/uniprot/P04637"
          }
        }
      },
      "offsets": [
        {
          "start": 105,
          "text": "p53"
        }
      ],
      "part": "s1h1"
    },
    {
      "classId": "e_1",
      "confidence": {
        "prob": 1.0,
        "state": "",
        "who": [
          "ml:GNormPlus"
        ]
      },
      "fields": {},
      "normalizations": {
        "n_6": {
          "confidence": {
            "prob": 1.0,
            "state": "",
            "who": [
              "ml:GNormPlus"
            ]
          },
          "recName": "ETHE1",
          "source": {
            "id": "23474",
            "name": "gene",
            "url": "http://www.ncbi.nlm.nih.gov/gene/23474"
          }
        },
        "n_7": {
          "confidence": {
            "prob": 1.0,
            "state": "",
            "who": [
              "user:Ashish"
            ]
          },
          "recName": "Persulfide dioxygenase ETHE1, mitochondrial",
          "source": {
            "id": "O95571",
            "name": "protein",
            "url": "http://www.uniprot.org/uniprot/O95571"
          }
        }
      },
      "offsets": [
        {
          "start": 120,
          "text": "HSCO"
        }
      ],
      "part": "s2p1"
    },
    {
      "classId": "e_1",
      "confidence": {
        "prob": 1.0,
        "state": "",
        "who": [
          "ml:GNormPlus"
        ]
      },
      "fields": {},
      "normalizations": {
        "n_6": {
          "confidence": {
            "prob": 1.0,
            "state": "",
            "who": [
              "ml:GNormPlus"
            ]
          },
          "recName": "ETHE1",
          "source": {
            "id": "23474",
            "name": "gene",
            "url": "http://www.ncbi.nlm.nih.gov/gene/23474"
          }
        },
        "n_7": {
          "confidence": {
            "prob": 1.0,
            "state": "",
            "who": [
              "user:Ashish"
            ]
          },
          "recName": "Persulfide dioxygenase ETHE1, mitochondrial",
          "source": {
            "id": "O95571",
            "name": "protein",
            "url": "http://www.uniprot.org/uniprot/O95571"
          }
        }
      },
      "offsets": [
        {
          "start": 174,
          "text": "HSCO"
        }
      ],
      "part": "s2p1"
    },
    {
      "classId": "e_1",
      "confidence": {
        "prob": 1.0,
        "state": "",
        "who": [
          "ml:GNormPlus"
        ]
      },
      "fields": {},
      "normalizations": {
        "n_6": {
          "confidence": {
            "prob": 1.0,
            "state": "",
            "who": [
              "ml:GNormPlus"
            ]
          },
          "recName": "ETHE1",
          "source": {
            "id": "23474",
            "name": "gene",
            "url": "http://www.ncbi.nlm.nih.gov/gene/23474"
          }
        },
        "n_7": {
          "confidence": {
            "prob": 1.0,
            "state": "",
            "who": [
              "user:Ashish"
            ]
          },
          "recName": "Persulfide dioxygenase ETHE1, mitochondrial",
          "source": {
            "id": "O95571",
            "name": "protein",
            "url": "http://www.uniprot.org/uniprot/O95571"
          }
        }
      },
      "offsets": [
        {
          "start": 268,
          "text": "HSCO"
        }
      ],
      "part": "s2p1"
    },
    {
      "classId": "e_1",
      "confidence": {
        "prob": 1.0,
        "state": "",
        "who": [
          "ml:GNormPlus"
        ]
      },
      "fields": {},
      "normalizations": {
        "n_6": {
          "confidence": {
            "prob": 1.0,
            "state": "",
            "who": [
              "ml:GNormPlus"
            ]
          },
          "recName": "CASP9",
          "source": {
            "id": "842",
            "name": "gene",
            "url": "http://www.ncbi.nlm.nih.gov/gene/842"
          }
        },
        "n_7": {
          "confidence": {
            "prob": 1.0,
            "state": "",
            "who": [
              "user:Ashish"
            ]
          },
          "recName": "Caspase-9",
          "source": {
            "id": "P55211",
            "name": "protein",
            "url": "http://www.uniprot.org/uniprot/P55211"
          }
        }
      },
      "offsets": [
        {
          "start": 283,
          "text": "caspase 9"
        }
      ],
      "part": "s2p1"
    },
    {
      "classId": "e_1",
      "confidence": {
        "prob": 1.0,
        "state": "",
        "who": [
          "ml:GNormPlus"
        ]
      },
      "fields": {},
      "normalizations": {
        "n_6": {
          "confidence": {
            "prob": 1.0,
            "state": "",
            "who": [
              "ml:GNormPlus"
            ]
          },
          "recName": "TNF",
          "source": {
            "id": "7124",
            "name": "gene",
            "url": "http://www.ncbi.nlm.nih.gov/gene/7124"
          }
        },
        "n_7": {
          "confidence": {
            "prob": 1.0,
            "state": "",
            "who": [
              "user:Ashish"
            ]
          },
          "recName": "Tumor necrosis factor",
          "source": {
            "id": "P01375",
            "name": "protein",
            "url": "http://www.uniprot.org/uniprot/P01375"
          }
        }
      },
      "offsets": [
        {
          "start": 390,
          "text": "TNFalpha"
        }
      ],
      "part": "s2p1"
    },
    {
      "classId": "e_1",
      "confidence": {
        "prob": 1.0,
        "state": "",
        "who": [
          "ml:GNormPlus"
        ]
      },
      "fields": {},
      "normalizations": {
        "n_6": {
          "confidence": {
            "prob": 1.0,
            "state": "",
            "who": [
              "ml:GNormPlus"
            ]
          },
          "recName": "NFKBIA",
          "source": {
            "id": "4792",
            "name": "gene",
            "url": "http://www.ncbi.nlm.nih.gov/gene/4792"
          }
        },
        "n_7": {
          "confidence": {
            "prob": 1.0,
            "state": "",
            "who": [
              "user:Ashish"
            ]
          },
          "recName": "NF-kappa-B inhibitor alpha",
          "source": {
            "id": "P25963",
            "name": "protein",
            "url": "http://www.uniprot.org/uniprot/P25963"
          }
        }
      },
      "offsets": [
        {
          "start": 405,
          "text": "I kappa B alpha"
        }
      ],
      "part": "s2p1"
    },
    {
      "classId": "e_1",
      "confidence": {
        "prob": 1.0,
        "state": "",
        "who": [
          "ml:GNormPlus"
        ]
      },
      "fields": {},
      "normalizations": {
        "n_6": {
          "confidence": {
            "prob": 1.0,
            "state": "",
            "who": [
              "ml:GNormPlus"
            ]
          },
          "recName": "ETHE1",
          "source": {
            "id": "23474",
            "name": "gene",
            "url": "http://www.ncbi.nlm.nih.gov/gene/23474"
          }
        },
        "n_7": {
          "confidence": {
            "prob": 1.0,
            "state": "",
            "who": [
              "user:Ashish"
            ]
          },
          "recName": "Persulfide dioxygenase ETHE1, mitochondrial",
          "source": {
            "id": "P25963",
            "name": "protein",
            "url": "http://www.uniprot.org/uniprot/P25963"
          }
        }
      },
      "offsets": [
        {
          "start": 422,
          "text": "HSCO"
        }
      ],
      "part": "s2p1"
    },
    {
      "classId": "e_2",
      "confidence": {
        "prob": 1.0,
        "state": "",
        "who": [
          "ml:GNormPlus"
        ]
      },
      "fields": {},
      "normalizations": {
        "n_6": {
          "confidence": {
            "prob": 1.0,
            "state": "",
            "who": [
              "ml:GNormPlus"
            ]
          },
          "recName": "TP53",
          "source": {
            "id": "7157",
            "name": "gene",
            "url": "http://www.ncbi.nlm.nih.gov/gene/7157"
          }
        },
        "n_7": {
          "confidence": {
            "prob": 1.0,
            "state": "",
            "who": [
              "user:Ashish"
            ]
          },
          "recName": "Cellular tumor antigen p53",
          "source": {
            "id": "P25963",
            "name": "protein",
            "url": "http://www.uniprot.org/uniprot/P25963"
          }
        }
      },
      "offsets": [
        {
          "start": 471,
          "text": "p53"
        }
      ],
      "part": "s2p1"
    },
    {
      "classId": "e_1",
      "confidence": {
        "prob": 1.0,
        "state": "",
        "who": [
          "ml:GNormPlus"
        ]
      },
      "fields": {},
      "normalizations": {
        "n_6": {
          "confidence": {
            "prob": 1.0,
            "state": "",
            "who": [
              "ml:GNormPlus"
            ]
          },
          "recName": "ETHE1",
          "source": {
            "id": "23474",
            "name": "gene",
            "url": "http://www.ncbi.nlm.nih.gov/gene/23474"
          }
        },
        "n_7": {
          "confidence": {
            "prob": 1.0,
            "state": "",
            "who": [
              "user:Ashish"
            ]
          },
          "recName": "Persulfide dioxygenase ETHE1, mitochondrial",
          "source": {
            "id": "P25963",
            "name": "protein",
            "url": "http://www.uniprot.org/uniprot/P25963"
          }
        }
      },
      "offsets": [
        {
          "start": 543,
          "text": "HSCO"
        }
      ],
      "part": "s2p1"
    },
    {
      "classId": "e_2",
      "confidence": {
        "prob": 1.0,
        "state": "",
        "who": [
          "ml:GNormPlus"
        ]
      },
      "fields": {},
      "normalizations": {
        "n_6": {
          "confidence": {
            "prob": 1.0,
            "state": "",
            "who": [
              "ml:GNormPlus"
            ]
          },
          "recName": "RELA",
          "source": {
            "id": "5970",
            "name": "gene",
            "url": "http://www.ncbi.nlm.nih.gov/gene/5970"
          }
        },
        "n_7": {
          "confidence": {
            "prob": 1.0,
            "state": "",
            "who": [
              "user:Ashish"
            ]
          },
          "recName": "Transcription factor p65",
          "source": {
            "id": "Q04206",
            "name": "protein",
            "url": "http://www.uniprot.org/uniprot/Q04206"
          }
        }
      },
      "offsets": [
        {
          "start": 601,
          "text": "RelA"
        }
      ],
      "part": "s2p1"
    },
    {
      "classId": "e_1",
      "confidence": {
        "prob": 1.0,
        "state": "",
        "who": [
          "ml:GNormPlus"
        ]
      },
      "fields": {},
      "normalizations": {
        "n_6": {
          "confidence": {
            "prob": 1.0,
            "state": "",
            "who": [
              "ml:GNormPlus"
            ]
          },
          "recName": "ETHE1",
          "source": {
            "id": "23474",
            "name": "gene",
            "url": "http://www.ncbi.nlm.nih.gov/gene/23474"
          }
        },
        "n_7": {
          "confidence": {
            "prob": 1.0,
            "state": "",
            "who": [
              "user:Ashish"
            ]
          },
          "recName": "Persulfide dioxygenase ETHE1, mitochondrial",
          "source": {
            "id": "Q04206",
            "name": "protein",
            "url": "http://www.uniprot.org/uniprot/Q04206"
          }
        }
      },
      "offsets": [
        {
          "start": 622,
          "text": "HSCO"
        }
      ],
      "part": "s2p1"
    },
    {
      "classId": "e_1",
      "confidence": {
        "prob": 1.0,
        "state": "",
        "who": [
          "ml:GNormPlus"
        ]
      },
      "fields": {},
      "normalizations": {
        "n_6": {
          "confidence": {
            "prob": 1.0,
            "state": "",
            "who": [
              "ml:GNormPlus"
            ]
          },
          "recName": "ETHE1",
          "source": {
            "id": "23474",
            "name": "gene",
            "url": "http://www.ncbi.nlm.nih.gov/gene/23474"
          }
        },
        "n_7": {
          "confidence": {
            "prob": 1.0,
            "state": "",
            "who": [
              "user:Ashish"
            ]
          },
          "recName": "Persulfide dioxygenase ETHE1, mitochondrial",
          "source": {
            "id": "Q04206",
            "name": "protein",
            "url": "http://www.uniprot.org/uniprot/Q04206"
          }
        }
      },
      "offsets": [
        {
          "start": 749,
          "text": "HSCO"
        }
      ],
      "part": "s2p1"
    },
    {
      "classId": "e_2",
      "confidence": {
        "prob": 1.0,
        "state": "",
        "who": [
          "ml:GNormPlus"
        ]
      },
      "fields": {},
      "normalizations": {
        "n_6": {
          "confidence": {
            "prob": 1.0,
            "state": "",
            "who": [
              "ml:GNormPlus"
            ]
          },
          "recName": "TP53",
          "source": {
            "id": "7157",
            "name": "gene",
            "url": "http://www.ncbi.nlm.nih.gov/gene/7157"
          }
        },
        "n_7": {
          "confidence": {
            "prob": 1.0,
            "state": "",
            "who": [
              "user:Ashish"
            ]
          },
          "recName": "Cellular tumor antigen p53",
          "source": {
            "id": "Q04206",
            "name": "protein",
            "url": "http://www.uniprot.org/uniprot/Q04206"
          }
        }
      },
      "offsets": [
        {
          "start": 765,
          "text": "p53"
        }
      ],
      "part": "s2p1"
    }
  ],
  "metas": {},
  "relations": [
    {
      "classId": "r_4",
      "confidence": {
        "prob": 1,
        "state": "",
        "who": [
          "user:Ashish"
        ]
      },
      "directed": false,
      "entities": [
        "s2p1|543,547",
        "s2p1|601,605"
      ],
      "type": "linked"
    }
  ],
  "sources": [
    {
      "id": "12398897",
      "name": "MEDLINE",
      "url": "http://ncbi.nlm.nih.gov/pubmed/12398897"
    },
    {
      "id": "12398897",
      "name": "PMID",
      "url": "http://www.ncbi.nlm.nih.gov/pubmed/12398897"
    }
  ]
}