{
  "anncomplete": true,
  "annotatable": {
    "parts": [
      "s1h1",
      "s2h1",
      "s2p1"
    ]
  },
  "entities": [
    {
      "classId": "e_1",
      "confidence": {
        "prob": 1,
        "state": "",
        "who": [
          "user:Ashish"
        ]
      },
      "fields": {},
      "normalizations": {
        "n_6": {
          "confidence": {
            "prob": 1.0,
            "state": "",
            "who": [
              "ml:GNormPlus"
            ]
          },
          "recName": "KCTD1",
          "source": {
            "id": "284252",
            "name": "gene",
            "url": "http://www.ncbi.nlm.nih.gov/gene/284252"
          }
        },
        "n_7": {
          "confidence": {
            "prob": 1.0,
            "state": "",
            "who": [
              "user:Ashish"
            ]
          },
          "recName": "BTB/POZ domain-containing protein KCTD1",
          "source": {
            "id": "Q719H9",
            "name": "protein",
            "url": "http://www.uniprot.org/uniprot/Q719H9"
          }
        }
      },
      "offsets": [
        {
          "start": 19,
          "text": "KCTD1"
        }
      ],
      "part": "s1h1"
    },
    {
      "classId": "e_2",
      "confidence": {
        "prob": 1.0,
        "state": "",
        "who": [
          "ml:GNormPlus"
        ]
      },
      "fields": {},
      "normalizations": {
        "n_6": {
          "confidence": {
            "prob": 1.0,
            "state": "",
            "who": [
              "ml:GNormPlus"
            ]
          },
          "recName": "TFAP2A",
          "source": {
            "id": "7020",
            "name": "gene",
            "url": "http://www.ncbi.nlm.nih.gov/gene/7020"
          }
        },
        "n_7": {
          "confidence": {
            "prob": 1.0,
            "state": "",
            "who": [
              "user:Ashish"
            ]
          },
          "recName": "Transcription factor AP-2-alpha",
          "source": {
            "id": "P05549",
            "name": "protein",
            "url": "http://www.uniprot.org/uniprot/P05549"
          }
        }
      },
      "offsets": [
        {
          "start": 51,
          "text": "AP-2alpha"
        }
      ],
      "part": "s1h1"
    },
    {
      "classId": "e_2",
      "confidence": {
        "prob": 1,
        "state": "",
        "who": [
          "ml:GNormPlus"
        ]
      },
      "fields": {},
      "normalizations": {
        "n_6": {
          "confidence": {
            "prob": 1.0,
            "state": "",
            "who": [
              "ml:GNormPlus"
            ]
          },
          "recName": "TFAP2A",
          "source": {
            "id": "7020",
            "name": "gene",
            "url": "http://www.ncbi.nlm.nih.gov/gene/7020"
          }
        },
        "n_7": {
          "confidence": {
            "prob": 1.0,
            "state": "",
            "who": [
              "user:Ashish"
            ]
          },
          "recName": "Transcription factor AP-2-alpha",
          "source": {
            "id": "Q719H9",
            "name": "protein",
            "url": "http://www.uniprot.org/uniprot/Q719H9"
          }
        }
      },
      "offsets": [
        {
          "start": 141,
          "text": "AP-2alpha"
        }
      ],
      "part": "s2p1"
    },
    {
      "classId": "e_1",
      "confidence": {
        "prob": 1.0,
        "state": "",
        "who": [
          "ml:GNormPlus"
        ]
      },
      "fields": {},
      "normalizations": {
        "n_6": {
          "confidence": {
            "prob": 1.0,
            "state": "",
            "who": [
              "ml:GNormPlus"
            ]
          },
          "recName": "KCTD1",
          "source": {
            "id": "284252",
            "name": "gene",
            "url": "http://www.ncbi.nlm.nih.gov/gene/284252"
          }
        },
        "n_7": {
          "confidence": {
            "prob": 1.0,
            "state": "",
            "who": [
              "user:Ashish"
            ]
          },
          "recName": "BTB/POZ domain-containing protein KCTD1",
          "source": {
            "id": "Q719H9",
            "name": "protein",
            "url": "http://www.uniprot.org/uniprot/Q719H9"
          }
        }
      },
      "offsets": [
        {
          "start": 279,
          "text": "potassium channel tetramerization domain-containing 1"
        }
      ],
      "part": "s2p1"
    },
    {
      "classId": "e_1",
      "confidence": {
        "prob": 1,
        "state": "",
        "who": [
          "user:Ashish"
        ]
      },
      "fields": {},
      "normalizations": {
        "n_6": {
          "confidence": {
            "prob": 1.0,
            "state": "",
            "who": [
              "ml:GNormPlus"
            ]
          },
          "recName": "KCTD1",
          "source": {
            "id": "284252",
            "name": "gene",
            "url": "http://www.ncbi.nlm.nih.gov/gene/284252"
          }
        },
        "n_7": {
          "confidence": {
            "prob": 1.0,
            "state": "",
            "who": [
              "user:Ashish"
            ]
          },
          "recName": "BTB/POZ domain-containing protein KCTD1",
          "source": {
            "id": "Q719H9",
            "name": "protein",
            "url": "http://www.uniprot.org/uniprot/Q719H9"
          }
        }
      },
      "offsets": [
        {
          "start": 334,
          "text": "KCTD1"
        }
      ],
      "part": "s2p1"
    },
    {
      "classId": "e_1",
      "confidence": {
        "prob": 1,
        "state": "",
        "who": [
          "user:Ashish"
        ]
      },
      "fields": {},
      "normalizations": {
        "n_6": {
          "confidence": {
            "prob": 1.0,
            "state": "",
            "who": [
              "ml:GNormPlus"
            ]
          },
          "recName": "KCTD1",
          "source": {
            "id": "284252",
            "name": "gene",
            "url": "http://www.ncbi.nlm.nih.gov/gene/284252"
          }
        },
        "n_7": {
          "confidence": {
            "prob": 1.0,
            "state": "",
            "who": [
              "user:Ashish"
            ]
          },
          "recName": "BTB/POZ domain-containing protein KCTD1",
          "source": {
            "id": "Q719H9",
            "name": "protein",
            "url": "http://www.uniprot.org/uniprot/Q719H9"
          }
        }
      },
      "offsets": [
        {
          "start": 368,
          "text": "KCTD1"
        }
      ],
      "part": "s2p1"
    },
    {
      "classId": "e_2",
      "confidence": {
        "prob": 1.0,
        "state": "",
        "who": [
          "ml:GNormPlus"
        ]
      },
      "fields": {},
      "normalizations": {
        "n_6": {
          "confidence": {
            "prob": 1.0,
            "state": "",
            "who": [
              "ml:GNormPlus"
            ]
          },
          "recName": "TFAP2A",
          "source": {
            "id": "7020",
            "name": "gene",
            "url": "http://www.ncbi.nlm.nih.gov/gene/7020"
          }
        },
        "n_7": {
          "confidence": {
            "prob": 1.0,
            "state": "",
            "who": [
              "user:Ashish"
            ]
          },
          "recName": "Transcription factor AP-2-alpha",
          "source": {
            "id": "Q719H9",
            "name": "protein",
            "url": "http://www.uniprot.org/uniprot/Q719H9"
          }
        }
      },
      "offsets": [
        {
          "start": 374,
          "text": "AP-2alpha"
        }
      ],
      "part": "s2p1"
    },
    {
      "classId": "e_1",
      "confidence": {
        "prob": 1,
        "state": "pre-added",
        "who": [
          "user:Ashish"
        ]
      },
      "fields": {},
      "normalizations": {
        "n_6": {
          "confidence": {
            "prob": 1.0,
            "state": "",
            "who": [
              "ml:GNormPlus"
            ]
          },
          "recName": "KCTD1",
          "source": {
            "id": "284252",
            "name": "gene",
            "url": "http://www.ncbi.nlm.nih.gov/gene/284252"
          }
        },
        "n_7": {
          "confidence": {
            "prob": 1.0,
            "state": "",
            "who": [
              "user:Ashish"
            ]
          },
          "recName": "BTB/POZ domain-containing protein KCTD1",
          "source": {
            "id": "Q719H9",
            "name": "protein",
            "url": "http://www.uniprot.org/uniprot/Q719H9"
          }
        }
      },
      "offsets": [
        {
          "start": 750,
          "text": "KCTD1"
        }
      ],
      "part": "s2p1"
    },
    {
      "classId": "e_2",
      "confidence": {
        "prob": 1.0,
        "state": "",
        "who": [
          "ml:GNormPlus"
        ]
      },
      "fields": {},
      "normalizations": {
        "n_6": {
          "confidence": {
            "prob": 1.0,
            "state": "",
            "who": [
              "ml:GNormPlus"
            ]
          },
          "recName": "TFAP2A",
          "source": {
            "id": "7020",
            "name": "gene",
            "url": "http://www.ncbi.nlm.nih.gov/gene/7020"
          }
        },
        "n_7": {
          "confidence": {
            "prob": 1.0,
            "state": "",
            "who": [
              "user:Ashish"
            ]
          },
          "recName": "Transcription factor AP-2-alpha",
          "source": {
            "id": "Q719H9",
            "name": "protein",
            "url": "http://www.uniprot.org/uniprot/Q719H9"
          }
        }
      },
      "offsets": [
        {
          "start": 780,
          "text": "AP-2alpha"
        }
      ],
      "part": "s2p1"
    },
    {
      "classId": "e_1",
      "confidence": {
        "prob": 1,
        "state": "pre-added",
        "who": [
          "user:Ashish"
        ]
      },
      "fields": {},
      "normalizations": {
        "n_6": {
          "confidence": {
            "prob": 1.0,
            "state": "",
            "who": [
              "ml:GNormPlus"
            ]
          },
          "recName": "KCTD1",
          "source": {
            "id": "284252",
            "name": "gene",
            "url": "http://www.ncbi.nlm.nih.gov/gene/284252"
          }
        },
        "n_7": {
          "confidence": {
            "prob": 1.0,
            "state": "",
            "who": [
              "user:Ashish"
            ]
          },
          "recName": "BTB/POZ domain-containing protein KCTD1",
          "source": {
            "id": "Q719H9",
            "name": "protein",
            "url": "http://www.uniprot.org/uniprot/Q719H9"
          }
        }
      },
      "offsets": [
        {
          "start": 847,
          "text": "KCTD1"
        }
      ],
      "part": "s2p1"
    },
    {
      "classId": "e_1",
      "confidence": {
        "prob": 1,
        "state": "pre-added",
        "who": [
          "user:Ashish"
        ]
      },
      "fields": {},
      "normalizations": {
        "n_6": {
          "confidence": {
            "prob": 1.0,
            "state": "",
            "who": [
              "ml:GNormPlus"
            ]
          },
          "recName": "KCTD1",
          "source": {
            "id": "284252",
            "name": "gene",
            "url": "http://www.ncbi.nlm.nih.gov/gene/284252"
          }
        },
        "n_7": {
          "confidence": {
            "prob": 1.0,
            "state": "",
            "who": [
              "user:Ashish"
            ]
          },
          "recName": "BTB/POZ domain-containing protein KCTD1",
          "source": {
            "id": "Q719H9",
            "name": "protein",
            "url": "http://www.uniprot.org/uniprot/Q719H9"
          }
        }
      },
      "offsets": [
        {
          "start": 877,
          "text": "KCTD1"
        }
      ],
      "part": "s2p1"
    },
    {
      "classId": "e_2",
      "confidence": {
        "prob": 1.0,
        "state": "",
        "who": [
          "ml:GNormPlus"
        ]
      },
      "fields": {},
      "normalizations": {
        "n_6": {
          "confidence": {
            "prob": 1.0,
            "state": "",
            "who": [
              "ml:GNormPlus"
            ]
          },
          "recName": "TFAP2A",
          "source": {
            "id": "7020",
            "name": "gene",
            "url": "http://www.ncbi.nlm.nih.gov/gene/7020"
          }
        },
        "n_7": {
          "confidence": {
            "prob": 1.0,
            "state": "",
            "who": [
              "user:Ashish"
            ]
          },
          "recName": "Transcription factor AP-2-alpha",
          "source": {
            "id": "Q719H9",
            "name": "protein",
            "url": "http://www.uniprot.org/uniprot/Q719H9"
          }
        }
      },
      "offsets": [
        {
          "start": 906,
          "text": "AP-2alpha"
        }
      ],
      "part": "s2p1"
    },
    {
      "classId": "e_1",
      "confidence": {
        "prob": 1.0,
        "state": "",
        "who": [
          "ml:GNormPlus"
        ]
      },
      "fields": {},
      "normalizations": {
        "n_6": {
          "confidence": {
            "prob": 1.0,
            "state": "",
            "who": [
              "ml:GNormPlus"
            ]
          },
          "recName": "HELZ2",
          "source": {
            "id": "85441",
            "name": "gene",
            "url": "http://www.ncbi.nlm.nih.gov/gene/85441"
          }
        },
        "n_7": {
          "confidence": {
            "prob": 1.0,
            "state": "",
            "who": [
              "user:Ashish"
            ]
          },
          "recName": "Helicase with zinc finger domain 2",
          "source": {
            "id": "Q9BYK8",
            "name": "protein",
            "url": "http://www.uniprot.org/uniprot/Q9BYK8"
          }
        }
      },
      "offsets": [
        {
          "start": 980,
          "text": "PDIP1"
        }
      ],
      "part": "s2p1"
    },
    {
      "classId": "e_1",
      "confidence": {
        "prob": 1.0,
        "state": "",
        "who": [
          "ml:GNormPlus"
        ]
      },
      "fields": {},
      "normalizations": {
        "n_6": {
          "confidence": {
            "prob": 1.0,
            "state": "",
            "who": [
              "ml:GNormPlus"
            ]
          },
          "recName": "KCTD10",
          "source": {
            "id": "83892",
            "name": "gene",
            "url": "http://www.ncbi.nlm.nih.gov/gene/83892"
          }
        },
        "n_7": {
          "confidence": {
            "prob": 1.0,
            "state": "",
            "who": [
              "user:Ashish"
            ]
          },
          "recName": "BTB/POZ domain-containing adapter for CUL3-mediated RhoA degradation protein 3",
          "source": {
            "id": "Q9H3F6",
            "name": "protein",
            "url": "http://www.uniprot.org/uniprot/Q9H3F6"
          }
        }
      },
      "offsets": [
        {
          "start": 987,
          "text": "KCTD10"
        }
      ],
      "part": "s2p1"
    },
    {
      "classId": "e_1",
      "confidence": {
        "prob": 1.0,
        "state": "",
        "who": [
          "ml:GNormPlus"
        ]
      },
      "fields": {},
      "normalizations": {
        "n_6": {
          "confidence": {
            "prob": 1.0,
            "state": "",
            "who": [
              "ml:GNormPlus"
            ]
          },
          "recName": "TNFAIP1",
          "source": {
            "id": "7126",
            "name": "gene",
            "url": "http://www.ncbi.nlm.nih.gov/gene/7126"
          }
        },
        "n_7": {
          "confidence": {
            "prob": 1.0,
            "state": "",
            "who": [
              "user:Ashish"
            ]
          },
          "recName": "BTB/POZ domain-containing adapter for CUL3-mediated RhoA degradation protein 2",
          "source": {
            "id": "Q13829",
            "name": "protein",
            "url": "http://www.uniprot.org/uniprot/Q13829"
          }
        }
      },
      "offsets": [
        {
          "start": 999,
          "text": "TNFAIP1"
        }
      ],
      "part": "s2p1"
    },
    {
      "classId": "e_2",
      "confidence": {
        "prob": 1.0,
        "state": "",
        "who": [
          "ml:GNormPlus"
        ]
      },
      "fields": {},
      "normalizations": {
        "n_6": {
          "confidence": {
            "prob": 1.0,
            "state": "",
            "who": [
              "ml:GNormPlus"
            ]
          },
          "recName": "TFAP2A",
          "source": {
            "id": "7020",
            "name": "gene",
            "url": "http://www.ncbi.nlm.nih.gov/gene/7020"
          }
        },
        "n_7": {
          "confidence": {
            "prob": 1.0,
            "state": "",
            "who": [
              "user:Ashish"
            ]
          },
          "recName": "Transcription factor AP-2-alpha",
          "source": {
            "id": "Q13829",
            "name": "protein",
            "url": "http://www.uniprot.org/uniprot/Q13829"
          }
        }
      },
      "offsets": [
        {
          "start": 1064,
          "text": "AP-2alpha"
        }
      ],
      "part": "s2p1"
    },
    {
      "classId": "e_1",
      "confidence": {
        "prob": 1,
        "state": "pre-added",
        "who": [
          "user:Ashish"
        ]
      },
      "fields": {},
      "normalizations": {
        "n_6": {
          "confidence": {
            "prob": 1.0,
            "state": "",
            "who": [
              "ml:GNormPlus"
            ]
          },
          "recName": "KCTD1",
          "source": {
            "id": "284252",
            "name": "gene",
            "url": "http://www.ncbi.nlm.nih.gov/gene/284252"
          }
        },
        "n_7": {
          "confidence": {
            "prob": 1.0,
            "state": "",
            "who": [
              "user:Ashish"
            ]
          },
          "recName": "BTB/POZ domain-containing protein KCTD1",
          "source": {
            "id": "Q719H9",
            "name": "protein",
            "url": "http://www.uniprot.org/uniprot/Q719H9"
          }
        }
      },
      "offsets": [
        {
          "start": 1091,
          "text": "KCTD1"
        }
      ],
      "part": "s2p1"
    },
    {
      "classId": "e_2",
      "confidence": {
        "prob": 1.0,
        "state": "",
        "who": [
          "ml:GNormPlus"
        ]
      },
      "fields": {},
      "normalizations": {
        "n_6": {
          "confidence": {
            "prob": 1.0,
            "state": "",
            "who": [
              "ml:GNormPlus"
            ]
          },
          "recName": "TFAP2A",
          "source": {
            "id": "7020",
            "name": "gene",
            "url": "http://www.ncbi.nlm.nih.gov/gene/7020"
          }
        },
        "n_7": {
          "confidence": {
            "prob": 1.0,
            "state": "",
            "who": [
              "user:Ashish"
            ]
          },
          "recName": "Transcription factor AP-2-alpha",
          "source": {
            "id": "Q13829",
            "name": "protein",
            "url": "http://www.uniprot.org/uniprot/Q13829"
          }
        }
      },
      "offsets": [
        {
          "start": 1142,
          "text": "AP-2alpha"
        }
      ],
      "part": "s2p1"
    },
    {
      "classId": "e_1",
      "confidence": {
        "prob": 1,
        "state": "pre-added",
        "who": [
          "user:Ashish"
        ]
      },
      "fields": {},
      "normalizations": {
        "n_6": {
          "confidence": {
            "prob": 1.0,
            "state": "",
            "who": [
              "ml:GNormPlus"
            ]
          },
          "recName": "KCTD1",
          "source": {
            "id": "284252",
            "name": "gene",
            "url": "http://www.ncbi.nlm.nih.gov/gene/284252"
          }
        },
        "n_7": {
          "confidence": {
            "prob": 1.0,
            "state": "",
            "who": [
              "user:Ashish"
            ]
          },
          "recName": "BTB/POZ domain-containing protein KCTD1",
          "source": {
            "id": "Q719H9",
            "name": "protein",
            "url": "http://www.uniprot.org/uniprot/Q719H9"
          }
        }
      },
      "offsets": [
        {
          "start": 1176,
          "text": "KCTD1"
        }
      ],
      "part": "s2p1"
    },
    {
      "classId": "e_1",
      "confidence": {
        "prob": 1,
        "state": "",
        "who": [
          "user:Ashish"
        ]
      },
      "fields": {},
      "normalizations": {
        "n_6": {
          "confidence": {
            "prob": 1.0,
            "state": "",
            "who": [
              "ml:GNormPlus"
            ]
          },
          "recName": "KCTD1",
          "source": {
            "id": "284252",
            "name": "gene",
            "url": "http://www.ncbi.nlm.nih.gov/gene/284252"
          }
        },
        "n_7": {
          "confidence": {
            "prob": 1.0,
            "state": "",
            "who": [
              "user:Ashish"
            ]
          },
          "recName": "BTB/POZ domain-containing protein KCTD1",
          "source": {
            "id": "Q719H9",
            "name": "protein",
            "url": "http://www.uniprot.org/uniprot/Q719H9"
          }
        }
      },
      "offsets": [
        {
          "start": 1344,
          "text": "KCTD1"
        }
      ],
      "part": "s2p1"
    },
    {
      "classId": "e_2",
      "confidence": {
        "prob": 1.0,
        "state": "",
        "who": [
          "ml:GNormPlus"
        ]
      },
      "fields": {},
      "normalizations": {
        "n_6": {
          "confidence": {
            "prob": 1.0,
            "state": "",
            "who": [
              "ml:GNormPlus"
            ]
          },
          "recName": "TFAP2A",
          "source": {
            "id": "7020",
            "name": "gene",
            "url": "http://www.ncbi.nlm.nih.gov/gene/7020"
          }
        },
        "n_7": {
          "confidence": {
            "prob": 1.0,
            "state": "",
            "who": [
              "user:Ashish"
            ]
          },
          "recName": "Transcription factor AP-2-alpha",
          "source": {
            "id": "Q13829",
            "name": "protein",
            "url": "http://www.uniprot.org/uniprot/Q13829"
          }
        }
      },
      "offsets": [
        {
          "start": 1415,
          "text": "AP-2alpha"
        }
      ],
      "part": "s2p1"
    }
  ],
  "metas": {},
  "relations": [
    {
      "classId": "r_4",
      "confidence": {
        "prob": 1,
        "state": "",
        "who": [
          "user:Ashish"
        ]
      },
      "directed": false,
      "entities": [
        "s1h1|19,24",
        "s1h1|51,60"
      ],
      "type": "linked"
    },
    {
      "classId": "r_4",
      "confidence": {
        "prob": 1,
        "state": "",
        "who": [
          "user:Ashish"
        ]
      },
      "directed": false,
      "entities": [
        "s2p1|279,332",
        "s2p1|141,150"
      ],
      "type": "linked"
    },
    {
      "classId": "r_4",
      "confidence": {
        "prob": 1,
        "state": "",
        "who": [
          "user:Ashish"
        ]
      },
      "directed": false,
      "entities": [
        "s2p1|334,339",
        "s2p1|141,150"
      ],
      "type": "linked"
    },
    {
      "classId": "r_4",
      "confidence": {
        "prob": 1,
        "state": "",
        "who": [
          "user:Ashish"
        ]
      },
      "directed": false,
      "entities": [
        "s2p1|368,373",
        "s2p1|374,383"
      ],
      "type": "linked"
    }
  ],
  "sources": [
    {
      "id": "19115315",
      "name": "MEDLINE",
      "url": "http://ncbi.nlm.nih.gov/pubmed/19115315"
    },
    {
      "id": "19115315",
      "name": "PMID",
      "url": "http://www.ncbi.nlm.nih.gov/pubmed/19115315"
    }
  ]
}
