{
  "anncomplete": true,
  "annotatable": {
    "parts": [
      "s1h1",
      "s2h1",
      "s2p1"
    ]
  },
  "entities": [
    {
      "classId": "e_1",
      "confidence": {
        "prob": 1.0,
        "state": "",
        "who": [
          "ml:GNormPlus"
        ]
      },
      "fields": {},
      "normalizations": {
        "n_6": {
          "confidence": {
            "prob": 1.0,
            "state": "",
            "who": [
              "ml:GNormPlus"
            ]
          },
          "recName": "UIMC1",
          "source": {
            "id": "51720",
            "name": "gene",
            "url": "http://www.ncbi.nlm.nih.gov/gene/51720"
          }
        },
        "n_7": {
          "confidence": {
            "prob": 1.0,
            "state": "",
            "who": [
              "user:Ashish"
            ]
          },
          "recName": "BRCA1-A complex subunit RAP80",
          "source": {
            "id": "Q96RL1",
            "name": "protein",
            "url": "http://www.uniprot.org/uniprot/Q96RL1"
          }
        }
      },
      "offsets": [
        {
          "start": 32,
          "text": "RAP80"
        }
      ],
      "part": "s1h1"
    },
    {
      "classId": "e_2",
      "confidence": {
        "prob": 1.0,
        "state": "",
        "who": [
          "ml:GNormPlus"
        ]
      },
      "fields": {},
      "normalizations": {
        "n_6": {
          "confidence": {
            "prob": 1.0,
            "state": "",
            "who": [
              "ml:GNormPlus"
            ]
          },
          "recName": "ESR1",
          "source": {
            "id": "2099",
            "name": "gene",
            "url": "http://www.ncbi.nlm.nih.gov/gene/2099"
          }
        },
        "n_7": {
          "confidence": {
            "prob": 1.0,
            "state": "",
            "who": [
              "user:Ashish"
            ]
          },
          "recName": "Estrogen receptor",
          "source": {
            "id": "P03372",
            "name": "protein",
            "url": "http://www.uniprot.org/uniprot/P03372"
          }
        }
      },
      "offsets": [
        {
          "start": 72,
          "text": "estrogen receptor alpha"
        }
      ],
      "part": "s1h1"
    },
    {
      "classId": "e_1",
      "confidence": {
        "prob": 1.0,
        "state": "",
        "who": [
          "ml:GNormPlus"
        ]
      },
      "fields": {},
      "normalizations": {
        "n_6": {
          "confidence": {
            "prob": 1.0,
            "state": "",
            "who": [
              "ml:GNormPlus"
            ]
          },
          "recName": "UIMC1",
          "source": {
            "id": "51720",
            "name": "gene",
            "url": "http://www.ncbi.nlm.nih.gov/gene/51720"
          }
        },
        "n_7": {
          "confidence": {
            "prob": 1.0,
            "state": "",
            "who": [
              "user:Ashish"
            ]
          },
          "recName": "BRCA1-A complex subunit RAP80",
          "source": {
            "id": "P03372",
            "name": "protein",
            "url": "http://www.uniprot.org/uniprot/P03372"
          }
        }
      },
      "offsets": [
        {
          "start": 35,
          "text": "receptor-associated protein 80"
        }
      ],
      "part": "s2p1"
    },
    {
      "classId": "e_1",
      "confidence": {
        "prob": 1.0,
        "state": "",
        "who": [
          "ml:GNormPlus"
        ]
      },
      "fields": {},
      "normalizations": {
        "n_6": {
          "confidence": {
            "prob": 1.0,
            "state": "",
            "who": [
              "ml:GNormPlus"
            ]
          },
          "recName": "UIMC1",
          "source": {
            "id": "51720",
            "name": "gene",
            "url": "http://www.ncbi.nlm.nih.gov/gene/51720"
          }
        },
        "n_7": {
          "confidence": {
            "prob": 1.0,
            "state": "",
            "who": [
              "user:Ashish"
            ]
          },
          "recName": "BRCA1-A complex subunit RAP80",
          "source": {
            "id": "P03372",
            "name": "protein",
            "url": "http://www.uniprot.org/uniprot/P03372"
          }
        }
      },
      "offsets": [
        {
          "start": 67,
          "text": "RAP80"
        }
      ],
      "part": "s2p1"
    },
    {
      "classId": "e_2",
      "confidence": {
        "prob": 1,
        "state": "",
        "who": [
          "user:Ashish"
        ]
      },
      "fields": {},
      "normalizations": {
        "n_6": {
          "confidence": {
            "prob": 1.0,
            "state": "",
            "who": [
              "ml:GNormPlus"
            ]
          },
          "recName": "GPER1",
          "source": {
            "id": "2852",
            "name": "gene",
            "url": "http://www.ncbi.nlm.nih.gov/gene/2852"
          }
        },
        "n_7": {
          "confidence": {
            "prob": 1.0,
            "state": "",
            "who": [
              "user:Ashish"
            ]
          },
          "recName": "G-protein coupled estrogen receptor 1",
          "source": {
            "id": "P01135",
            "name": "protein",
            "url": "http://www.uniprot.org/uniprot/P01135"
          }
        }
      },
      "offsets": [
        {
          "start": 89,
          "text": "estrogen receptor alpha"
        }
      ],
      "part": "s2p1"
    },
    {
      "classId": "e_2",
      "confidence": {
        "prob": 1,
        "state": "",
        "who": [
          "user:Ashish"
        ]
      },
      "fields": {},
      "normalizations": {
        "n_6": {
          "confidence": {
            "prob": 1.0,
            "state": "",
            "who": [
              "ml:GNormPlus"
            ]
          },
          "recName": "GPER1",
          "source": {
            "id": "2852",
            "name": "gene",
            "url": "http://www.ncbi.nlm.nih.gov/gene/2852"
          }
        },
        "n_7": {
          "confidence": {
            "prob": 1.0,
            "state": "",
            "who": [
              "user:Ashish"
            ]
          },
          "recName": "G-protein coupled estrogen receptor 1",
          "source": {
            "id": "P01135",
            "name": "protein",
            "url": "http://www.uniprot.org/uniprot/P01135"
          }
        }
      },
      "offsets": [
        {
          "start": 114,
          "text": "ERalpha"
        }
      ],
      "part": "s2p1"
    },
    {
      "classId": "e_2",
      "confidence": {
        "prob": 1.0,
        "state": "",
        "who": [
          "ml:GNormPlus"
        ]
      },
      "fields": {},
      "normalizations": {
        "n_6": {
          "confidence": {
            "prob": 1.0,
            "state": "",
            "who": [
              "ml:GNormPlus"
            ]
          },
          "recName": "ESR1",
          "source": {
            "id": "2099",
            "name": "gene",
            "url": "http://www.ncbi.nlm.nih.gov/gene/2099"
          }
        },
        "n_7": {
          "confidence": {
            "prob": 1.0,
            "state": "",
            "who": [
              "user:Ashish"
            ]
          },
          "recName": "Estrogen receptor",
          "source": {
            "id": "P03372",
            "name": "protein",
            "url": "http://www.uniprot.org/uniprot/P03372"
          }
        }
      },
      "offsets": [
        {
          "start": 187,
          "text": "ERalpha"
        }
      ],
      "part": "s2p1"
    },
    {
      "classId": "e_2",
      "confidence": {
        "prob": 1.0,
        "state": "",
        "who": [
          "ml:GNormPlus"
        ]
      },
      "fields": {},
      "normalizations": {
        "n_6": {
          "confidence": {
            "prob": 1.0,
            "state": "",
            "who": [
              "ml:GNormPlus"
            ]
          },
          "recName": "ESR2",
          "source": {
            "id": "2100",
            "name": "gene",
            "url": "http://www.ncbi.nlm.nih.gov/gene/2100"
          }
        },
        "n_7": {
          "confidence": {
            "prob": 1.0,
            "state": "",
            "who": [
              "user:Ashish"
            ]
          },
          "recName": "Estrogen receptor beta",
          "source": {
            "id": "Q92731",
            "name": "protein",
            "url": "http://www.uniprot.org/uniprot/Q92731"
          }
        }
      },
      "offsets": [
        {
          "start": 198,
          "text": "ERbeta"
        }
      ],
      "part": "s2p1"
    },
    {
      "classId": "e_1",
      "confidence": {
        "prob": 1.0,
        "state": "",
        "who": [
          "ml:GNormPlus"
        ]
      },
      "fields": {},
      "normalizations": {
        "n_6": {
          "confidence": {
            "prob": 1.0,
            "state": "",
            "who": [
              "ml:GNormPlus"
            ]
          },
          "recName": "UIMC1",
          "source": {
            "id": "51720",
            "name": "gene",
            "url": "http://www.ncbi.nlm.nih.gov/gene/51720"
          }
        },
        "n_7": {
          "confidence": {
            "prob": 1.0,
            "state": "",
            "who": [
              "user:Ashish"
            ]
          },
          "recName": "BRCA1-A complex subunit RAP80",
          "source": {
            "id": "Q92731",
            "name": "protein",
            "url": "http://www.uniprot.org/uniprot/Q92731"
          }
        }
      },
      "offsets": [
        {
          "start": 270,
          "text": "RAP80"
        }
      ],
      "part": "s2p1"
    },
    {
      "classId": "e_1",
      "confidence": {
        "prob": 1.0,
        "state": "",
        "who": [
          "ml:GNormPlus"
        ]
      },
      "fields": {},
      "normalizations": {
        "n_6": {
          "confidence": {
            "prob": 1.0,
            "state": "",
            "who": [
              "ml:GNormPlus"
            ]
          },
          "recName": "UIMC1",
          "source": {
            "id": "51720",
            "name": "gene",
            "url": "http://www.ncbi.nlm.nih.gov/gene/51720"
          }
        },
        "n_7": {
          "confidence": {
            "prob": 1.0,
            "state": "",
            "who": [
              "user:Ashish"
            ]
          },
          "recName": "BRCA1-A complex subunit RAP80",
          "source": {
            "id": "Q92731",
            "name": "protein",
            "url": "http://www.uniprot.org/uniprot/Q92731"
          }
        }
      },
      "offsets": [
        {
          "start": 297,
          "text": "RAP80"
        }
      ],
      "part": "s2p1"
    },
    {
      "classId": "e_2",
      "confidence": {
        "prob": 1.0,
        "state": "",
        "who": [
          "ml:GNormPlus"
        ]
      },
      "fields": {},
      "normalizations": {
        "n_6": {
          "confidence": {
            "prob": 1.0,
            "state": "",
            "who": [
              "ml:GNormPlus"
            ]
          },
          "recName": "ESR1",
          "source": {
            "id": "2099",
            "name": "gene",
            "url": "http://www.ncbi.nlm.nih.gov/gene/2099"
          }
        },
        "n_7": {
          "confidence": {
            "prob": 1.0,
            "state": "",
            "who": [
              "user:Ashish"
            ]
          },
          "recName": "Estrogen receptor",
          "source": {
            "id": "Q92731",
            "name": "protein",
            "url": "http://www.uniprot.org/uniprot/Q92731"
          }
        }
      },
      "offsets": [
        {
          "start": 307,
          "text": "ERalpha"
        }
      ],
      "part": "s2p1"
    },
    {
      "classId": "e_2",
      "confidence": {
        "prob": 1.0,
        "state": "",
        "who": [
          "ml:GNormPlus"
        ]
      },
      "fields": {},
      "normalizations": {
        "n_6": {
          "confidence": {
            "prob": 1.0,
            "state": "",
            "who": [
              "ml:GNormPlus"
            ]
          },
          "recName": "ESR1",
          "source": {
            "id": "2099",
            "name": "gene",
            "url": "http://www.ncbi.nlm.nih.gov/gene/2099"
          }
        },
        "n_7": {
          "confidence": {
            "prob": 1.0,
            "state": "",
            "who": [
              "user:Ashish"
            ]
          },
          "recName": "Estrogen receptor",
          "source": {
            "id": "Q92731",
            "name": "protein",
            "url": "http://www.uniprot.org/uniprot/Q92731"
          }
        }
      },
      "offsets": [
        {
          "start": 441,
          "text": "ERalpha"
        }
      ],
      "part": "s2p1"
    },
    {
      "classId": "e_1",
      "confidence": {
        "prob": 1.0,
        "state": "",
        "who": [
          "ml:GNormPlus"
        ]
      },
      "fields": {},
      "normalizations": {
        "n_6": {
          "confidence": {
            "prob": 1.0,
            "state": "",
            "who": [
              "ml:GNormPlus"
            ]
          },
          "recName": "UIMC1",
          "source": {
            "id": "51720",
            "name": "gene",
            "url": "http://www.ncbi.nlm.nih.gov/gene/51720"
          }
        },
        "n_7": {
          "confidence": {
            "prob": 1.0,
            "state": "",
            "who": [
              "user:Ashish"
            ]
          },
          "recName": "BRCA1-A complex subunit RAP80",
          "source": {
            "id": "Q92731",
            "name": "protein",
            "url": "http://www.uniprot.org/uniprot/Q92731"
          }
        }
      },
      "offsets": [
        {
          "start": 484,
          "text": "RAP80"
        }
      ],
      "part": "s2p1"
    },
    {
      "classId": "e_1",
      "confidence": {
        "prob": 1.0,
        "state": "",
        "who": [
          "ml:GNormPlus"
        ]
      },
      "fields": {},
      "normalizations": {
        "n_6": {
          "confidence": {
            "prob": 1.0,
            "state": "",
            "who": [
              "ml:GNormPlus"
            ]
          },
          "recName": "UIMC1",
          "source": {
            "id": "51720",
            "name": "gene",
            "url": "http://www.ncbi.nlm.nih.gov/gene/51720"
          }
        },
        "n_7": {
          "confidence": {
            "prob": 1.0,
            "state": "",
            "who": [
              "user:Ashish"
            ]
          },
          "recName": "BRCA1-A complex subunit RAP80",
          "source": {
            "id": "Q92731",
            "name": "protein",
            "url": "http://www.uniprot.org/uniprot/Q92731"
          }
        }
      },
      "offsets": [
        {
          "start": 491,
          "text": "RAP80"
        }
      ],
      "part": "s2p1"
    },
    {
      "classId": "e_2",
      "confidence": {
        "prob": 1.0,
        "state": "",
        "who": [
          "ml:GNormPlus"
        ]
      },
      "fields": {},
      "normalizations": {
        "n_6": {
          "confidence": {
            "prob": 1.0,
            "state": "",
            "who": [
              "ml:GNormPlus"
            ]
          },
          "recName": "ESR1",
          "source": {
            "id": "2099",
            "name": "gene",
            "url": "http://www.ncbi.nlm.nih.gov/gene/2099"
          }
        },
        "n_7": {
          "confidence": {
            "prob": 1.0,
            "state": "",
            "who": [
              "user:Ashish"
            ]
          },
          "recName": "Estrogen receptor",
          "source": {
            "id": "Q92731",
            "name": "protein",
            "url": "http://www.uniprot.org/uniprot/Q92731"
          }
        }
      },
      "offsets": [
        {
          "start": 520,
          "text": "ERalpha"
        }
      ],
      "part": "s2p1"
    },
    {
      "classId": "e_2",
      "confidence": {
        "prob": 1,
        "state": "pre-added",
        "who": [
          "user:Ashish"
        ]
      },
      "fields": {},
      "normalizations": {
        "n_6": {
          "confidence": {
            "prob": 1.0,
            "state": "",
            "who": [
              "ml:GNormPlus"
            ]
          },
          "recName": "GPER1",
          "source": {
            "id": "2852",
            "name": "gene",
            "url": "http://www.ncbi.nlm.nih.gov/gene/2852"
          }
        },
        "n_7": {
          "confidence": {
            "prob": 1.0,
            "state": "",
            "who": [
              "user:Ashish"
            ]
          },
          "recName": "G-protein coupled estrogen receptor 1",
          "source": {
            "id": "P01135",
            "name": "protein",
            "url": "http://www.uniprot.org/uniprot/P01135"
          }
        }
      },
      "offsets": [
        {
          "start": 571,
          "text": "ERalpha"
        }
      ],
      "part": "s2p1"
    },
    {
      "classId": "e_2",
      "confidence": {
        "prob": 1.0,
        "state": "",
        "who": [
          "ml:GNormPlus"
        ]
      },
      "fields": {},
      "normalizations": {
        "n_6": {
          "confidence": {
            "prob": 1.0,
            "state": "",
            "who": [
              "ml:GNormPlus"
            ]
          },
          "recName": "ESR1",
          "source": {
            "id": "2099",
            "name": "gene",
            "url": "http://www.ncbi.nlm.nih.gov/gene/2099"
          }
        },
        "n_7": {
          "confidence": {
            "prob": 1.0,
            "state": "",
            "who": [
              "user:Ashish"
            ]
          },
          "recName": "Estrogen receptor",
          "source": {
            "id": "Q92731",
            "name": "protein",
            "url": "http://www.uniprot.org/uniprot/Q92731"
          }
        }
      },
      "offsets": [
        {
          "start": 601,
          "text": "ERalpha"
        }
      ],
      "part": "s2p1"
    },
    {
      "classId": "e_1",
      "confidence": {
        "prob": 1.0,
        "state": "",
        "who": [
          "ml:GNormPlus"
        ]
      },
      "fields": {},
      "normalizations": {
        "n_6": {
          "confidence": {
            "prob": 1.0,
            "state": "",
            "who": [
              "ml:GNormPlus"
            ]
          },
          "recName": "UIMC1",
          "source": {
            "id": "51720",
            "name": "gene",
            "url": "http://www.ncbi.nlm.nih.gov/gene/51720"
          }
        },
        "n_7": {
          "confidence": {
            "prob": 1.0,
            "state": "",
            "who": [
              "user:Ashish"
            ]
          },
          "recName": "BRCA1-A complex subunit RAP80",
          "source": {
            "id": "Q92731",
            "name": "protein",
            "url": "http://www.uniprot.org/uniprot/Q92731"
          }
        }
      },
      "offsets": [
        {
          "start": 659,
          "text": "RAP80"
        }
      ],
      "part": "s2p1"
    },
    {
      "classId": "e_2",
      "confidence": {
        "prob": 1,
        "state": "pre-added",
        "who": [
          "user:Ashish"
        ]
      },
      "fields": {},
      "normalizations": {
        "n_6": {
          "confidence": {
            "prob": 1.0,
            "state": "",
            "who": [
              "ml:GNormPlus"
            ]
          },
          "recName": "GPER1",
          "source": {
            "id": "2852",
            "name": "gene",
            "url": "http://www.ncbi.nlm.nih.gov/gene/2852"
          }
        },
        "n_7": {
          "confidence": {
            "prob": 1.0,
            "state": "",
            "who": [
              "user:Ashish"
            ]
          },
          "recName": "G-protein coupled estrogen receptor 1",
          "source": {
            "id": "P01135",
            "name": "protein",
            "url": "http://www.uniprot.org/uniprot/P01135"
          }
        }
      },
      "offsets": [
        {
          "start": 717,
          "text": "ERalpha"
        }
      ],
      "part": "s2p1"
    },
    {
      "classId": "e_1",
      "confidence": {
        "prob": 1.0,
        "state": "",
        "who": [
          "ml:GNormPlus"
        ]
      },
      "fields": {},
      "normalizations": {
        "n_6": {
          "confidence": {
            "prob": 1.0,
            "state": "",
            "who": [
              "ml:GNormPlus"
            ]
          },
          "recName": "TFF1",
          "source": {
            "id": "7031",
            "name": "gene",
            "url": "http://www.ncbi.nlm.nih.gov/gene/7031"
          }
        },
        "n_7": {
          "confidence": {
            "prob": 1.0,
            "state": "",
            "who": [
              "user:Ashish"
            ]
          },
          "recName": "Trefoil factor 1",
          "source": {
            "id": "P04155",
            "name": "protein",
            "url": "http://www.uniprot.org/uniprot/P04155"
          }
        }
      },
      "offsets": [
        {
          "start": 773,
          "text": "pS2"
        }
      ],
      "part": "s2p1"
    },
    {
      "classId": "e_1",
      "confidence": {
        "prob": 1.0,
        "state": "",
        "who": [
          "ml:GNormPlus"
        ]
      },
      "fields": {},
      "normalizations": {
        "n_6": {
          "confidence": {
            "prob": 1.0,
            "state": "",
            "who": [
              "ml:GNormPlus"
            ]
          },
          "recName": "UIMC1",
          "source": {
            "id": "51720",
            "name": "gene",
            "url": "http://www.ncbi.nlm.nih.gov/gene/51720"
          }
        },
        "n_7": {
          "confidence": {
            "prob": 1.0,
            "state": "",
            "who": [
              "user:Ashish"
            ]
          },
          "recName": "BRCA1-A complex subunit RAP80",
          "source": {
            "id": "P04155",
            "name": "protein",
            "url": "http://www.uniprot.org/uniprot/P04155"
          }
        }
      },
      "offsets": [
        {
          "start": 818,
          "text": "RAP80"
        }
      ],
      "part": "s2p1"
    },
    {
      "classId": "e_1",
      "confidence": {
        "prob": 1.0,
        "state": "",
        "who": [
          "ml:GNormPlus"
        ]
      },
      "fields": {},
      "normalizations": {
        "n_6": {
          "confidence": {
            "prob": 1.0,
            "state": "",
            "who": [
              "ml:GNormPlus"
            ]
          },
          "recName": "UIMC1",
          "source": {
            "id": "51720",
            "name": "gene",
            "url": "http://www.ncbi.nlm.nih.gov/gene/51720"
          }
        },
        "n_7": {
          "confidence": {
            "prob": 1.0,
            "state": "",
            "who": [
              "user:Ashish"
            ]
          },
          "recName": "BRCA1-A complex subunit RAP80",
          "source": {
            "id": "P04155",
            "name": "protein",
            "url": "http://www.uniprot.org/uniprot/P04155"
          }
        }
      },
      "offsets": [
        {
          "start": 952,
          "text": "RAP80"
        }
      ],
      "part": "s2p1"
    },
    {
      "classId": "e_1",
      "confidence": {
        "prob": 1.0,
        "state": "",
        "who": [
          "ml:GNormPlus"
        ]
      },
      "fields": {},
      "normalizations": {
        "n_6": {
          "confidence": {
            "prob": 1.0,
            "state": "",
            "who": [
              "ml:GNormPlus"
            ]
          },
          "recName": "UIMC1",
          "source": {
            "id": "51720",
            "name": "gene",
            "url": "http://www.ncbi.nlm.nih.gov/gene/51720"
          }
        },
        "n_7": {
          "confidence": {
            "prob": 1.0,
            "state": "",
            "who": [
              "user:Ashish"
            ]
          },
          "recName": "BRCA1-A complex subunit RAP80",
          "source": {
            "id": "P04155",
            "name": "protein",
            "url": "http://www.uniprot.org/uniprot/P04155"
          }
        }
      },
      "offsets": [
        {
          "start": 1013,
          "text": "RAP80"
        }
      ],
      "part": "s2p1"
    },
    {
      "classId": "e_2",
      "confidence": {
        "prob": 1.0,
        "state": "",
        "who": [
          "ml:GNormPlus"
        ]
      },
      "fields": {},
      "normalizations": {
        "n_6": {
          "confidence": {
            "prob": 1.0,
            "state": "",
            "who": [
              "ml:GNormPlus"
            ]
          },
          "recName": "ESR1",
          "source": {
            "id": "2099",
            "name": "gene",
            "url": "http://www.ncbi.nlm.nih.gov/gene/2099"
          }
        },
        "n_7": {
          "confidence": {
            "prob": 1.0,
            "state": "",
            "who": [
              "user:Ashish"
            ]
          },
          "recName": "Estrogen receptor",
          "source": {
            "id": "P04155",
            "name": "protein",
            "url": "http://www.uniprot.org/uniprot/P04155"
          }
        }
      },
      "offsets": [
        {
          "start": 1036,
          "text": "ERalpha"
        }
      ],
      "part": "s2p1"
    },
    {
      "classId": "e_1",
      "confidence": {
        "prob": 1.0,
        "state": "",
        "who": [
          "ml:GNormPlus"
        ]
      },
      "fields": {},
      "normalizations": {
        "n_6": {
          "confidence": {
            "prob": 1.0,
            "state": "",
            "who": [
              "ml:GNormPlus"
            ]
          },
          "recName": "UIMC1",
          "source": {
            "id": "51720",
            "name": "gene",
            "url": "http://www.ncbi.nlm.nih.gov/gene/51720"
          }
        },
        "n_7": {
          "confidence": {
            "prob": 1.0,
            "state": "",
            "who": [
              "user:Ashish"
            ]
          },
          "recName": "BRCA1-A complex subunit RAP80",
          "source": {
            "id": "P04155",
            "name": "protein",
            "url": "http://www.uniprot.org/uniprot/P04155"
          }
        }
      },
      "offsets": [
        {
          "start": 1075,
          "text": "RAP80"
        }
      ],
      "part": "s2p1"
    },
    {
      "classId": "e_2",
      "confidence": {
        "prob": 1.0,
        "state": "",
        "who": [
          "ml:GNormPlus"
        ]
      },
      "fields": {},
      "normalizations": {
        "n_6": {
          "confidence": {
            "prob": 1.0,
            "state": "",
            "who": [
              "ml:GNormPlus"
            ]
          },
          "recName": "ESR1",
          "source": {
            "id": "2099",
            "name": "gene",
            "url": "http://www.ncbi.nlm.nih.gov/gene/2099"
          }
        },
        "n_7": {
          "confidence": {
            "prob": 1.0,
            "state": "",
            "who": [
              "user:Ashish"
            ]
          },
          "recName": "Estrogen receptor",
          "source": {
            "id": "P04155",
            "name": "protein",
            "url": "http://www.uniprot.org/uniprot/P04155"
          }
        }
      },
      "offsets": [
        {
          "start": 1084,
          "text": "ERalpha"
        }
      ],
      "part": "s2p1"
    },
    {
      "classId": "e_2",
      "confidence": {
        "prob": 1,
        "state": "pre-added",
        "who": [
          "user:Ashish"
        ]
      },
      "fields": {},
      "normalizations": {
        "n_6": {
          "confidence": {
            "prob": 1.0,
            "state": "",
            "who": [
              "ml:GNormPlus"
            ]
          },
          "recName": "GPER1",
          "source": {
            "id": "2852",
            "name": "gene",
            "url": "http://www.ncbi.nlm.nih.gov/gene/2852"
          }
        },
        "n_7": {
          "confidence": {
            "prob": 1.0,
            "state": "",
            "who": [
              "user:Ashish"
            ]
          },
          "recName": "G-protein coupled estrogen receptor 1",
          "source": {
            "id": "P01135",
            "name": "protein",
            "url": "http://www.uniprot.org/uniprot/P01135"
          }
        }
      },
      "offsets": [
        {
          "start": 1125,
          "text": "ERalpha"
        }
      ],
      "part": "s2p1"
    },
    {
      "classId": "e_2",
      "confidence": {
        "prob": 1.0,
        "state": "",
        "who": [
          "ml:GNormPlus"
        ]
      },
      "fields": {},
      "normalizations": {
        "n_6": {
          "confidence": {
            "prob": 1.0,
            "state": "",
            "who": [
              "ml:GNormPlus"
            ]
          },
          "recName": "ESR1",
          "source": {
            "id": "2099",
            "name": "gene",
            "url": "http://www.ncbi.nlm.nih.gov/gene/2099"
          }
        },
        "n_7": {
          "confidence": {
            "prob": 1.0,
            "state": "",
            "who": [
              "user:Ashish"
            ]
          },
          "recName": "Estrogen receptor",
          "source": {
            "id": "P04155",
            "name": "protein",
            "url": "http://www.uniprot.org/uniprot/P04155"
          }
        }
      },
      "offsets": [
        {
          "start": 1146,
          "text": "ERalpha"
        }
      ],
      "part": "s2p1"
    },
    {
      "classId": "e_1",
      "confidence": {
        "prob": 1.0,
        "state": "",
        "who": [
          "ml:GNormPlus"
        ]
      },
      "fields": {},
      "normalizations": {
        "n_6": {
          "confidence": {
            "prob": 1.0,
            "state": "",
            "who": [
              "ml:GNormPlus"
            ]
          },
          "recName": "UIMC1",
          "source": {
            "id": "51720",
            "name": "gene",
            "url": "http://www.ncbi.nlm.nih.gov/gene/51720"
          }
        },
        "n_7": {
          "confidence": {
            "prob": 1.0,
            "state": "",
            "who": [
              "user:Ashish"
            ]
          },
          "recName": "BRCA1-A complex subunit RAP80",
          "source": {
            "id": "P04155",
            "name": "protein",
            "url": "http://www.uniprot.org/uniprot/P04155"
          }
        }
      },
      "offsets": [
        {
          "start": 1215,
          "text": "RAP80"
        }
      ],
      "part": "s2p1"
    },
    {
      "classId": "e_1",
      "confidence": {
        "prob": 1.0,
        "state": "",
        "who": [
          "ml:GNormPlus"
        ]
      },
      "fields": {},
      "normalizations": {
        "n_6": {
          "confidence": {
            "prob": 1.0,
            "state": "",
            "who": [
              "ml:GNormPlus"
            ]
          },
          "recName": "UIMC1",
          "source": {
            "id": "51720",
            "name": "gene",
            "url": "http://www.ncbi.nlm.nih.gov/gene/51720"
          }
        },
        "n_7": {
          "confidence": {
            "prob": 1.0,
            "state": "",
            "who": [
              "user:Ashish"
            ]
          },
          "recName": "BRCA1-A complex subunit RAP80",
          "source": {
            "id": "P04155",
            "name": "protein",
            "url": "http://www.uniprot.org/uniprot/P04155"
          }
        }
      },
      "offsets": [
        {
          "start": 1254,
          "text": "RAP80"
        }
      ],
      "part": "s2p1"
    },
    {
      "classId": "e_2",
      "confidence": {
        "prob": 1.0,
        "state": "",
        "who": [
          "ml:GNormPlus"
        ]
      },
      "fields": {},
      "normalizations": {
        "n_6": {
          "confidence": {
            "prob": 1.0,
            "state": "",
            "who": [
              "ml:GNormPlus"
            ]
          },
          "recName": "ESR1",
          "source": {
            "id": "2099",
            "name": "gene",
            "url": "http://www.ncbi.nlm.nih.gov/gene/2099"
          }
        },
        "n_7": {
          "confidence": {
            "prob": 1.0,
            "state": "",
            "who": [
              "user:Ashish"
            ]
          },
          "recName": "Estrogen receptor",
          "source": {
            "id": "P04155",
            "name": "protein",
            "url": "http://www.uniprot.org/uniprot/P04155"
          }
        }
      },
      "offsets": [
        {
          "start": 1282,
          "text": "ERalpha"
        }
      ],
      "part": "s2p1"
    },
    {
      "classId": "e_1",
      "confidence": {
        "prob": 1.0,
        "state": "",
        "who": [
          "ml:GNormPlus"
        ]
      },
      "fields": {},
      "normalizations": {
        "n_6": {
          "confidence": {
            "prob": 1.0,
            "state": "",
            "who": [
              "ml:GNormPlus"
            ]
          },
          "recName": "UIMC1",
          "source": {
            "id": "51720",
            "name": "gene",
            "url": "http://www.ncbi.nlm.nih.gov/gene/51720"
          }
        },
        "n_7": {
          "confidence": {
            "prob": 1.0,
            "state": "",
            "who": [
              "user:Ashish"
            ]
          },
          "recName": "BRCA1-A complex subunit RAP80",
          "source": {
            "id": "P04155",
            "name": "protein",
            "url": "http://www.uniprot.org/uniprot/P04155"
          }
        }
      },
      "offsets": [
        {
          "start": 1299,
          "text": "RAP80"
        }
      ],
      "part": "s2p1"
    },
    {
      "classId": "e_1",
      "confidence": {
        "prob": 1.0,
        "state": "",
        "who": [
          "ml:GNormPlus"
        ]
      },
      "fields": {},
      "normalizations": {
        "n_6": {
          "confidence": {
            "prob": 1.0,
            "state": "",
            "who": [
              "ml:GNormPlus"
            ]
          },
          "recName": "UIMC1",
          "source": {
            "id": "51720",
            "name": "gene",
            "url": "http://www.ncbi.nlm.nih.gov/gene/51720"
          }
        },
        "n_7": {
          "confidence": {
            "prob": 1.0,
            "state": "",
            "who": [
              "user:Ashish"
            ]
          },
          "recName": "BRCA1-A complex subunit RAP80",
          "source": {
            "id": "P04155",
            "name": "protein",
            "url": "http://www.uniprot.org/uniprot/P04155"
          }
        }
      },
      "offsets": [
        {
          "start": 1343,
          "text": "RAP80"
        }
      ],
      "part": "s2p1"
    },
    {
      "classId": "e_2",
      "confidence": {
        "prob": 1.0,
        "state": "",
        "who": [
          "ml:GNormPlus"
        ]
      },
      "fields": {},
      "normalizations": {
        "n_6": {
          "confidence": {
            "prob": 1.0,
            "state": "",
            "who": [
              "ml:GNormPlus"
            ]
          },
          "recName": "ESR1",
          "source": {
            "id": "2099",
            "name": "gene",
            "url": "http://www.ncbi.nlm.nih.gov/gene/2099"
          }
        },
        "n_7": {
          "confidence": {
            "prob": 1.0,
            "state": "",
            "who": [
              "user:Ashish"
            ]
          },
          "recName": "Estrogen receptor",
          "source": {
            "id": "P04155",
            "name": "protein",
            "url": "http://www.uniprot.org/uniprot/P04155"
          }
        }
      },
      "offsets": [
        {
          "start": 1382,
          "text": "ERalpha"
        }
      ],
      "part": "s2p1"
    }
  ],
  "metas": {},
  "relations": [
    {
      "classId": "r_4",
      "confidence": {
        "prob": 1,
        "state": "",
        "who": [
          "user:Ashish"
        ]
      },
      "directed": false,
      "entities": [
        "s2p1|35,65",
        "s2p1|89,112"
      ],
      "type": "linked"
    },
    {
      "classId": "r_4",
      "confidence": {
        "prob": 1,
        "state": "",
        "who": [
          "user:Ashish"
        ]
      },
      "directed": false,
      "entities": [
        "s2p1|35,65",
        "s2p1|114,121"
      ],
      "type": "linked"
    },
    {
      "classId": "r_4",
      "confidence": {
        "prob": 1,
        "state": "",
        "who": [
          "user:Ashish"
        ]
      },
      "directed": false,
      "entities": [
        "s2p1|67,72",
        "s2p1|89,112"
      ],
      "type": "linked"
    },
    {
      "classId": "r_4",
      "confidence": {
        "prob": 1,
        "state": "",
        "who": [
          "user:Ashish"
        ]
      },
      "directed": false,
      "entities": [
        "s2p1|67,72",
        "s2p1|114,121"
      ],
      "type": "linked"
    },
    {
      "classId": "r_4",
      "confidence": {
        "prob": 1,
        "state": "",
        "who": [
          "user:Ashish"
        ]
      },
      "directed": false,
      "entities": [
        "s2p1|297,302",
        "s2p1|307,314"
      ],
      "type": "linked"
    },
    {
      "classId": "r_4",
      "confidence": {
        "prob": 1,
        "state": "",
        "who": [
          "user:Ashish"
        ]
      },
      "directed": false,
      "entities": [
        "s2p1|1299,1304",
        "s2p1|1282,1289"
      ],
      "type": "linked"
    }
  ],
  "sources": [
    {
      "id": "17311814",
      "name": "MEDLINE",
      "url": "http://ncbi.nlm.nih.gov/pubmed/17311814"
    },
    {
      "id": "17311814",
      "name": "PMID",
      "url": "http://www.ncbi.nlm.nih.gov/pubmed/17311814"
    }
  ]
}