{
  "anncomplete": true,
  "annotatable": {
    "parts": [
      "s1h1",
      "s2h1",
      "s2p1"
    ]
  },
  "entities": [
    {
      "classId": "e_2",
      "confidence": {
        "prob": 1.0,
        "state": "",
        "who": [
          "ml:GNormPlus"
        ]
      },
      "fields": {},
      "normalizations": {
        "n_6": {
          "confidence": {
            "prob": 1.0,
            "state": "",
            "who": [
              "ml:GNormPlus"
            ]
          },
          "recName": "AR",
          "source": {
            "id": "367",
            "name": "gene",
            "url": "http://www.ncbi.nlm.nih.gov/gene/367"
          }
        },
        "n_7": {
          "confidence": {
            "prob": 1.0,
            "state": "",
            "who": [
              "user:Ashish"
            ]
          },
          "recName": "Androgen receptor",
          "source": {
            "id": "P10275",
            "name": "protein",
            "url": "http://www.uniprot.org/uniprot/P10275"
          }
        }
      },
      "offsets": [
        {
          "start": 0,
          "text": "Androgen receptor"
        }
      ],
      "part": "s1h1"
    },
    {
      "classId": "e_2",
      "confidence": {
        "prob": 1.0,
        "state": "",
        "who": [
          "ml:GNormPlus"
        ]
      },
      "fields": {},
      "normalizations": {
        "n_6": {
          "confidence": {
            "prob": 1.0,
            "state": "",
            "who": [
              "ml:GNormPlus"
            ]
          },
          "recName": "KAT7",
          "source": {
            "id": "11143",
            "name": "gene",
            "url": "http://www.ncbi.nlm.nih.gov/gene/11143"
          }
        },
        "n_7": {
          "confidence": {
            "prob": 1.0,
            "state": "",
            "who": [
              "user:Ashish"
            ]
          },
          "recName": "Histone acetyltransferase KAT7",
          "source": {
            "id": "O95251",
            "name": "protein",
            "url": "http://www.uniprot.org/uniprot/O95251"
          }
        }
      },
      "offsets": [
        {
          "start": 55,
          "text": "HBO1"
        }
      ],
      "part": "s1h1"
    },
    {
      "classId": "e_2",
      "confidence": {
        "prob": 1.0,
        "state": "",
        "who": [
          "ml:GNormPlus"
        ]
      },
      "fields": {},
      "normalizations": {
        "n_6": {
          "confidence": {
            "prob": 1.0,
            "state": "",
            "who": [
              "ml:GNormPlus"
            ]
          },
          "recName": "AR",
          "source": {
            "id": "367",
            "name": "gene",
            "url": "http://www.ncbi.nlm.nih.gov/gene/367"
          }
        },
        "n_7": {
          "confidence": {
            "prob": 1.0,
            "state": "",
            "who": [
              "user:Ashish"
            ]
          },
          "recName": "Androgen receptor",
          "source": {
            "id": "O95251",
            "name": "protein",
            "url": "http://www.uniprot.org/uniprot/O95251"
          }
        }
      },
      "offsets": [
        {
          "start": 4,
          "text": "androgen receptor"
        }
      ],
      "part": "s2p1"
    },
    {
      "classId": "e_2",
      "confidence": {
        "prob": 1,
        "state": "",
        "who": [
          "user:Ashish"
        ]
      },
      "fields": {},
      "normalizations": {
        "n_6": {
          "confidence": {
            "prob": 1.0,
            "state": "",
            "who": [
              "ml:GNormPlus"
            ]
          },
          "recName": "AR",
          "source": {
            "id": "367",
            "name": "gene",
            "url": "http://www.ncbi.nlm.nih.gov/gene/367"
          }
        },
        "n_7": {
          "confidence": {
            "prob": 1.0,
            "state": "",
            "who": [
              "user:Ashish"
            ]
          },
          "recName": "Androgen receptor",
          "source": {
            "id": "P10275",
            "name": "protein",
            "url": "http://www.uniprot.org/uniprot/P10275"
          }
        }
      },
      "offsets": [
        {
          "start": 23,
          "text": "AR"
        }
      ],
      "part": "s2p1"
    },
    {
      "classId": "e_2",
      "confidence": {
        "prob": 1,
        "state": "pre-added",
        "who": [
          "user:Ashish"
        ]
      },
      "fields": {},
      "normalizations": {
        "n_6": {
          "confidence": {
            "prob": 1.0,
            "state": "",
            "who": [
              "ml:GNormPlus"
            ]
          },
          "recName": "AR",
          "source": {
            "id": "367",
            "name": "gene",
            "url": "http://www.ncbi.nlm.nih.gov/gene/367"
          }
        },
        "n_7": {
          "confidence": {
            "prob": 1.0,
            "state": "",
            "who": [
              "user:Ashish"
            ]
          },
          "recName": "Androgen receptor",
          "source": {
            "id": "P10275",
            "name": "protein",
            "url": "http://www.uniprot.org/uniprot/P10275"
          }
        }
      },
      "offsets": [
        {
          "start": 255,
          "text": "AR"
        }
      ],
      "part": "s2p1"
    },
    {
      "classId": "e_2",
      "confidence": {
        "prob": 1,
        "state": "pre-added",
        "who": [
          "user:Ashish"
        ]
      },
      "fields": {},
      "normalizations": {
        "n_6": {
          "confidence": {
            "prob": 1.0,
            "state": "",
            "who": [
              "ml:GNormPlus"
            ]
          },
          "recName": "AR",
          "source": {
            "id": "367",
            "name": "gene",
            "url": "http://www.ncbi.nlm.nih.gov/gene/367"
          }
        },
        "n_7": {
          "confidence": {
            "prob": 1.0,
            "state": "",
            "who": [
              "user:Ashish"
            ]
          },
          "recName": "Androgen receptor",
          "source": {
            "id": "P10275",
            "name": "protein",
            "url": "http://www.uniprot.org/uniprot/P10275"
          }
        }
      },
      "offsets": [
        {
          "start": 333,
          "text": "AR"
        }
      ],
      "part": "s2p1"
    },
    {
      "classId": "e_2",
      "confidence": {
        "prob": 1,
        "state": "pre-added",
        "who": [
          "user:Ashish"
        ]
      },
      "fields": {},
      "normalizations": {
        "n_6": {
          "confidence": {
            "prob": 1.0,
            "state": "",
            "who": [
              "ml:GNormPlus"
            ]
          },
          "recName": "AR",
          "source": {
            "id": "367",
            "name": "gene",
            "url": "http://www.ncbi.nlm.nih.gov/gene/367"
          }
        },
        "n_7": {
          "confidence": {
            "prob": 1.0,
            "state": "",
            "who": [
              "user:Ashish"
            ]
          },
          "recName": "Androgen receptor",
          "source": {
            "id": "P10275",
            "name": "protein",
            "url": "http://www.uniprot.org/uniprot/P10275"
          }
        }
      },
      "offsets": [
        {
          "start": 548,
          "text": "AR"
        }
      ],
      "part": "s2p1"
    },
    {
      "classId": "e_2",
      "confidence": {
        "prob": 1,
        "state": "pre-added",
        "who": [
          "user:Ashish"
        ]
      },
      "fields": {},
      "normalizations": {
        "n_6": {
          "confidence": {
            "prob": 1.0,
            "state": "",
            "who": [
              "ml:GNormPlus"
            ]
          },
          "recName": "AR",
          "source": {
            "id": "367",
            "name": "gene",
            "url": "http://www.ncbi.nlm.nih.gov/gene/367"
          }
        },
        "n_7": {
          "confidence": {
            "prob": 1.0,
            "state": "",
            "who": [
              "user:Ashish"
            ]
          },
          "recName": "Androgen receptor",
          "source": {
            "id": "P10275",
            "name": "protein",
            "url": "http://www.uniprot.org/uniprot/P10275"
          }
        }
      },
      "offsets": [
        {
          "start": 624,
          "text": "AR"
        }
      ],
      "part": "s2p1"
    },
    {
      "classId": "e_2",
      "confidence": {
        "prob": 1.0,
        "state": "",
        "who": [
          "ml:GNormPlus"
        ]
      },
      "fields": {},
      "normalizations": {
        "n_6": {
          "confidence": {
            "prob": 1.0,
            "state": "",
            "who": [
              "ml:GNormPlus"
            ]
          },
          "recName": "KAT7",
          "source": {
            "id": "11143",
            "name": "gene",
            "url": "http://www.ncbi.nlm.nih.gov/gene/11143"
          }
        },
        "n_7": {
          "confidence": {
            "prob": 1.0,
            "state": "",
            "who": [
              "user:Ashish"
            ]
          },
          "recName": "Histone acetyltransferase KAT7",
          "source": {
            "id": "O95251",
            "name": "protein",
            "url": "http://www.uniprot.org/uniprot/O95251"
          }
        }
      },
      "offsets": [
        {
          "start": 762,
          "text": "HBO1"
        }
      ],
      "part": "s2p1"
    },
    {
      "classId": "e_2",
      "confidence": {
        "prob": 1,
        "state": "pre-added",
        "who": [
          "user:Ashish"
        ]
      },
      "fields": {},
      "normalizations": {
        "n_6": {
          "confidence": {
            "prob": 1.0,
            "state": "",
            "who": [
              "ml:GNormPlus"
            ]
          },
          "recName": "AR",
          "source": {
            "id": "367",
            "name": "gene",
            "url": "http://www.ncbi.nlm.nih.gov/gene/367"
          }
        },
        "n_7": {
          "confidence": {
            "prob": 1.0,
            "state": "",
            "who": [
              "user:Ashish"
            ]
          },
          "recName": "Androgen receptor",
          "source": {
            "id": "P10275",
            "name": "protein",
            "url": "http://www.uniprot.org/uniprot/P10275"
          }
        }
      },
      "offsets": [
        {
          "start": 806,
          "text": "AR"
        }
      ],
      "part": "s2p1"
    },
    {
      "classId": "e_2",
      "confidence": {
        "prob": 1.0,
        "state": "",
        "who": [
          "ml:GNormPlus"
        ]
      },
      "fields": {},
      "normalizations": {
        "n_6": {
          "confidence": {
            "prob": 1.0,
            "state": "",
            "who": [
              "ml:GNormPlus"
            ]
          },
          "recName": "KAT7",
          "source": {
            "id": "11143",
            "name": "gene",
            "url": "http://www.ncbi.nlm.nih.gov/gene/11143"
          }
        },
        "n_7": {
          "confidence": {
            "prob": 1.0,
            "state": "",
            "who": [
              "user:Ashish"
            ]
          },
          "recName": "Histone acetyltransferase KAT7",
          "source": {
            "id": "O95251",
            "name": "protein",
            "url": "http://www.uniprot.org/uniprot/O95251"
          }
        }
      },
      "offsets": [
        {
          "start": 813,
          "text": "HBO1"
        }
      ],
      "part": "s2p1"
    },
    {
      "classId": "e_2",
      "confidence": {
        "prob": 1.0,
        "state": "",
        "who": [
          "ml:GNormPlus"
        ]
      },
      "fields": {},
      "normalizations": {
        "n_6": {
          "confidence": {
            "prob": 1.0,
            "state": "",
            "who": [
              "ml:GNormPlus"
            ]
          },
          "recName": "KAT7",
          "source": {
            "id": "11143",
            "name": "gene",
            "url": "http://www.ncbi.nlm.nih.gov/gene/11143"
          }
        },
        "n_7": {
          "confidence": {
            "prob": 1.0,
            "state": "",
            "who": [
              "user:Ashish"
            ]
          },
          "recName": "Histone acetyltransferase KAT7",
          "source": {
            "id": "O95251",
            "name": "protein",
            "url": "http://www.uniprot.org/uniprot/O95251"
          }
        }
      },
      "offsets": [
        {
          "start": 905,
          "text": "HBO1"
        }
      ],
      "part": "s2p1"
    },
    {
      "classId": "e_2",
      "confidence": {
        "prob": 1.0,
        "state": "",
        "who": [
          "ml:GNormPlus"
        ]
      },
      "fields": {},
      "normalizations": {
        "n_6": {
          "confidence": {
            "prob": 1.0,
            "state": "",
            "who": [
              "ml:GNormPlus"
            ]
          },
          "recName": "KAT7",
          "source": {
            "id": "11143",
            "name": "gene",
            "url": "http://www.ncbi.nlm.nih.gov/gene/11143"
          }
        },
        "n_7": {
          "confidence": {
            "prob": 1.0,
            "state": "",
            "who": [
              "user:Ashish"
            ]
          },
          "recName": "Histone acetyltransferase KAT7",
          "source": {
            "id": "O95251",
            "name": "protein",
            "url": "http://www.uniprot.org/uniprot/O95251"
          }
        }
      },
      "offsets": [
        {
          "start": 1052,
          "text": "HBO1"
        }
      ],
      "part": "s2p1"
    },
    {
      "classId": "e_1",
      "confidence": {
        "prob": 1.0,
        "state": "",
        "who": [
          "ml:GNormPlus"
        ]
      },
      "fields": {},
      "normalizations": {
        "n_6": {
          "confidence": {
            "prob": 1.0,
            "state": "",
            "who": [
              "ml:GNormPlus"
            ]
          },
          "recName": "SAS2",
          "source": {
            "id": "855157",
            "name": "gene",
            "url": "http://www.ncbi.nlm.nih.gov/gene/855157"
          }
        },
        "n_7": {
          "confidence": {
            "prob": 1.0,
            "state": "",
            "who": [
              "user:Ashish"
            ]
          },
          "recName": "Histone acetyltransferase SAS2",
          "source": {
            "id": "P40963",
            "name": "protein",
            "url": "http://www.uniprot.org/uniprot/P40963"
          }
        }
      },
      "offsets": [
        {
          "start": 1248,
          "text": "SAS2"
        }
      ],
      "part": "s2p1"
    },
    {
      "classId": "e_1",
      "confidence": {
        "prob": 1.0,
        "state": "",
        "who": [
          "ml:GNormPlus"
        ]
      },
      "fields": {},
      "normalizations": {
        "n_6": {
          "confidence": {
            "prob": 1.0,
            "state": "",
            "who": [
              "ml:GNormPlus"
            ]
          },
          "recName": "SAS3",
          "source": {
            "id": "852228",
            "name": "gene",
            "url": "http://www.ncbi.nlm.nih.gov/gene/852228"
          }
        },
        "n_7": {
          "confidence": {
            "prob": 1.0,
            "state": "",
            "who": [
              "user:Ashish"
            ]
          },
          "recName": "Histone acetyltransferase SAS3",
          "source": {
            "id": "P34218",
            "name": "protein",
            "url": "http://www.uniprot.org/uniprot/P34218"
          }
        }
      },
      "offsets": [
        {
          "start": 1257,
          "text": "SAS3"
        }
      ],
      "part": "s2p1"
    },
    {
      "classId": "e_2",
      "confidence": {
        "prob": 1.0,
        "state": "",
        "who": [
          "ml:GNormPlus"
        ]
      },
      "fields": {},
      "normalizations": {
        "n_6": {
          "confidence": {
            "prob": 1.0,
            "state": "",
            "who": [
              "ml:GNormPlus"
            ]
          },
          "recName": "KAT7",
          "source": {
            "id": "11143",
            "name": "gene",
            "url": "http://www.ncbi.nlm.nih.gov/gene/11143"
          }
        },
        "n_7": {
          "confidence": {
            "prob": 1.0,
            "state": "",
            "who": [
              "user:Ashish"
            ]
          },
          "recName": "Histone acetyltransferase KAT7",
          "source": {
            "id": "P34218",
            "name": "protein",
            "url": "http://www.uniprot.org/uniprot/P34218"
          }
        }
      },
      "offsets": [
        {
          "start": 1498,
          "text": "HBO1"
        }
      ],
      "part": "s2p1"
    },
    {
      "classId": "e_2",
      "confidence": {
        "prob": 1.0,
        "state": "",
        "who": [
          "ml:GNormPlus"
        ]
      },
      "fields": {},
      "normalizations": {
        "n_6": {
          "confidence": {
            "prob": 1.0,
            "state": "",
            "who": [
              "ml:GNormPlus"
            ]
          },
          "recName": "KAT7",
          "source": {
            "id": "11143",
            "name": "gene",
            "url": "http://www.ncbi.nlm.nih.gov/gene/11143"
          }
        },
        "n_7": {
          "confidence": {
            "prob": 1.0,
            "state": "",
            "who": [
              "user:Ashish"
            ]
          },
          "recName": "Histone acetyltransferase KAT7",
          "source": {
            "id": "P34218",
            "name": "protein",
            "url": "http://www.uniprot.org/uniprot/P34218"
          }
        }
      },
      "offsets": [
        {
          "start": 1553,
          "text": "HBO1"
        }
      ],
      "part": "s2p1"
    },
    {
      "classId": "e_2",
      "confidence": {
        "prob": 1,
        "state": "",
        "who": [
          "user:Ashish"
        ]
      },
      "fields": {},
      "normalizations": {
        "n_6": {
          "confidence": {
            "prob": 1.0,
            "state": "",
            "who": [
              "ml:GNormPlus"
            ]
          },
          "recName": "AR",
          "source": {
            "id": "367",
            "name": "gene",
            "url": "http://www.ncbi.nlm.nih.gov/gene/367"
          }
        },
        "n_7": {
          "confidence": {
            "prob": 1.0,
            "state": "",
            "who": [
              "user:Ashish"
            ]
          },
          "recName": "Androgen receptor",
          "source": {
            "id": "P10275",
            "name": "protein",
            "url": "http://www.uniprot.org/uniprot/P10275"
          }
        }
      },
      "offsets": [
        {
          "start": 1581,
          "text": "AR"
        }
      ],
      "part": "s2p1"
    },
    {
      "classId": "e_2",
      "confidence": {
        "prob": 1.0,
        "state": "",
        "who": [
          "ml:GNormPlus"
        ]
      },
      "fields": {},
      "normalizations": {
        "n_6": {
          "confidence": {
            "prob": 1.0,
            "state": "",
            "who": [
              "ml:GNormPlus"
            ]
          },
          "recName": "KAT7",
          "source": {
            "id": "11143",
            "name": "gene",
            "url": "http://www.ncbi.nlm.nih.gov/gene/11143"
          }
        },
        "n_7": {
          "confidence": {
            "prob": 1.0,
            "state": "",
            "who": [
              "user:Ashish"
            ]
          },
          "recName": "Histone acetyltransferase KAT7",
          "source": {
            "id": "P34218",
            "name": "protein",
            "url": "http://www.uniprot.org/uniprot/P34218"
          }
        }
      },
      "offsets": [
        {
          "start": 1664,
          "text": "HBO1"
        }
      ],
      "part": "s2p1"
    },
    {
      "classId": "e_2",
      "confidence": {
        "prob": 1,
        "state": "",
        "who": [
          "user:Ashish"
        ]
      },
      "fields": {},
      "normalizations": {
        "n_6": {
          "confidence": {
            "prob": 1.0,
            "state": "",
            "who": [
              "ml:GNormPlus"
            ]
          },
          "recName": "AR",
          "source": {
            "id": "367",
            "name": "gene",
            "url": "http://www.ncbi.nlm.nih.gov/gene/367"
          }
        },
        "n_7": {
          "confidence": {
            "prob": 1.0,
            "state": "",
            "who": [
              "user:Ashish"
            ]
          },
          "recName": "Androgen receptor",
          "source": {
            "id": "P10275",
            "name": "protein",
            "url": "http://www.uniprot.org/uniprot/P10275"
          }
        }
      },
      "offsets": [
        {
          "start": 1678,
          "text": "AR"
        }
      ],
      "part": "s2p1"
    },
    {
      "classId": "e_2",
      "confidence": {
        "prob": 1,
        "state": "",
        "who": [
          "user:Ashish"
        ]
      },
      "fields": {},
      "normalizations": {
        "n_6": {
          "confidence": {
            "prob": 1.0,
            "state": "",
            "who": [
              "ml:GNormPlus"
            ]
          },
          "recName": "AR",
          "source": {
            "id": "367",
            "name": "gene",
            "url": "http://www.ncbi.nlm.nih.gov/gene/367"
          }
        },
        "n_7": {
          "confidence": {
            "prob": 1.0,
            "state": "",
            "who": [
              "user:Ashish"
            ]
          },
          "recName": "Androgen receptor",
          "source": {
            "id": "P10275",
            "name": "protein",
            "url": "http://www.uniprot.org/uniprot/P10275"
          }
        }
      },
      "offsets": [
        {
          "start": 1723,
          "text": "AR"
        }
      ],
      "part": "s2p1"
    },
    {
      "classId": "e_2",
      "confidence": {
        "prob": 1,
        "state": "",
        "who": [
          "user:Ashish"
        ]
      },
      "fields": {},
      "normalizations": {
        "n_6": {
          "confidence": {
            "prob": 1.0,
            "state": "",
            "who": [
              "ml:GNormPlus"
            ]
          },
          "recName": "AR",
          "source": {
            "id": "367",
            "name": "gene",
            "url": "http://www.ncbi.nlm.nih.gov/gene/367"
          }
        },
        "n_7": {
          "confidence": {
            "prob": 1.0,
            "state": "",
            "who": [
              "user:Ashish"
            ]
          },
          "recName": "Androgen receptor",
          "source": {
            "id": "P10275",
            "name": "protein",
            "url": "http://www.uniprot.org/uniprot/P10275"
          }
        }
      },
      "offsets": [
        {
          "start": 1783,
          "text": "AR"
        }
      ],
      "part": "s2p1"
    }
  ],
  "metas": {},
  "relations": [],
  "sources": [
    {
      "id": "10930412",
      "name": "MEDLINE",
      "url": "http://ncbi.nlm.nih.gov/pubmed/10930412"
    },
    {
      "id": "10930412",
      "name": "PMID",
      "url": "http://www.ncbi.nlm.nih.gov/pubmed/10930412"
    }
  ]
}