{
  "anncomplete": true,
  "annotatable": {
    "parts": [
      "s1h1",
      "s2h1",
      "s2p1"
    ]
  },
  "entities": [
    {
      "classId": "e_2",
      "confidence": {
        "prob": 1.0,
        "state": "",
        "who": [
          "ml:GNormPlus"
        ]
      },
      "fields": {},
      "normalizations": {
        "n_6": {
          "confidence": {
            "prob": 1.0,
            "state": "",
            "who": [
              "ml:GNormPlus"
            ]
          },
          "recName": "CBL",
          "source": {
            "id": "867",
            "name": "gene",
            "url": "http://www.ncbi.nlm.nih.gov/gene/867"
          }
        },
        "n_7": {
          "confidence": {
            "prob": 1.0,
            "state": "",
            "who": [
              "user:Ashish"
            ]
          },
          "recName": "E3 ubiquitin-protein ligase CBL",
          "source": {
            "id": "P22681",
            "name": "protein",
            "url": "http://www.uniprot.org/uniprot/P22681"
          }
        }
      },
      "offsets": [
        {
          "start": 0,
          "text": "C-Cbl"
        }
      ],
      "part": "s1h1"
    },
    {
      "classId": "e_1",
      "confidence": {
        "prob": 1.0,
        "state": "",
        "who": [
          "ml:GNormPlus"
        ]
      },
      "fields": {},
      "normalizations": {
        "n_6": {
          "confidence": {
            "prob": 1.0,
            "state": "",
            "who": [
              "ml:GNormPlus"
            ]
          },
          "recName": "CSF1R",
          "source": {
            "id": "1436",
            "name": "gene",
            "url": "http://www.ncbi.nlm.nih.gov/gene/1436"
          }
        },
        "n_7": {
          "confidence": {
            "prob": 1.0,
            "state": "",
            "who": [
              "user:Ashish"
            ]
          },
          "recName": "Macrophage colony-stimulating factor 1 receptor",
          "source": {
            "id": "P07333",
            "name": "protein",
            "url": "http://www.uniprot.org/uniprot/P07333"
          }
        }
      },
      "offsets": [
        {
          "start": 16,
          "text": "CSF-1 receptor"
        }
      ],
      "part": "s1h1"
    },
    {
      "classId": "e_1",
      "confidence": {
        "prob": 1,
        "state": "",
        "who": [
          "ml:GNormPlus"
        ]
      },
      "fields": {},
      "normalizations": {},
      "offsets": [
        {
          "start": 4,
          "text": "colony-stimulating factor-1 (CSF-1) receptor"
        }
      ],
      "part": "s2p1"
    },
    {
      "classId": "e_1",
      "confidence": {
        "prob": 1.0,
        "state": "",
        "who": [
          "ml:GNormPlus"
        ]
      },
      "fields": {},
      "normalizations": {
        "n_6": {
          "confidence": {
            "prob": 1.0,
            "state": "",
            "who": [
              "ml:GNormPlus"
            ]
          },
          "recName": "CSF1",
          "source": {
            "id": "1435",
            "name": "gene",
            "url": "http://www.ncbi.nlm.nih.gov/gene/1435"
          }
        },
        "n_7": {
          "confidence": {
            "prob": 1.0,
            "state": "",
            "who": [
              "user:Ashish"
            ]
          },
          "recName": "Macrophage colony-stimulating factor 1",
          "source": {
            "id": "P09603",
            "name": "protein",
            "url": "http://www.uniprot.org/uniprot/P09603"
          }
        }
      },
      "offsets": [
        {
          "start": 181,
          "text": "CSF-1"
        }
      ],
      "part": "s2p1"
    },
    {
      "classId": "e_2",
      "confidence": {
        "prob": 1.0,
        "state": "",
        "who": [
          "ml:GNormPlus"
        ]
      },
      "fields": {},
      "normalizations": {
        "n_6": {
          "confidence": {
            "prob": 1.0,
            "state": "",
            "who": [
              "ml:GNormPlus"
            ]
          },
          "recName": "CBL",
          "source": {
            "id": "867",
            "name": "gene",
            "url": "http://www.ncbi.nlm.nih.gov/gene/867"
          }
        },
        "n_7": {
          "confidence": {
            "prob": 1.0,
            "state": "",
            "who": [
              "user:Ashish"
            ]
          },
          "recName": "E3 ubiquitin-protein ligase CBL",
          "source": {
            "id": "P09603",
            "name": "protein",
            "url": "http://www.uniprot.org/uniprot/P09603"
          }
        }
      },
      "offsets": [
        {
          "start": 610,
          "text": "c-Cbl"
        }
      ],
      "part": "s2p1"
    },
    {
      "classId": "e_1",
      "confidence": {
        "prob": 1.0,
        "state": "",
        "who": [
          "ml:GNormPlus"
        ]
      },
      "fields": {},
      "normalizations": {
        "n_6": {
          "confidence": {
            "prob": 1.0,
            "state": "",
            "who": [
              "ml:GNormPlus"
            ]
          },
          "recName": "CSF1R",
          "source": {
            "id": "1436",
            "name": "gene",
            "url": "http://www.ncbi.nlm.nih.gov/gene/1436"
          }
        },
        "n_7": {
          "confidence": {
            "prob": 1.0,
            "state": "",
            "who": [
              "user:Ashish"
            ]
          },
          "recName": "Macrophage colony-stimulating factor 1 receptor",
          "source": {
            "id": "P09603",
            "name": "protein",
            "url": "http://www.uniprot.org/uniprot/P09603"
          }
        }
      },
      "offsets": [
        {
          "start": 631,
          "text": "CSF-1 receptor"
        }
      ],
      "part": "s2p1"
    },
    {
      "classId": "e_1",
      "confidence": {
        "prob": 1.0,
        "state": "",
        "who": [
          "ml:GNormPlus"
        ]
      },
      "fields": {},
      "normalizations": {
        "n_6": {
          "confidence": {
            "prob": 1.0,
            "state": "",
            "who": [
              "ml:GNormPlus"
            ]
          },
          "recName": "CSF1R",
          "source": {
            "id": "1436",
            "name": "gene",
            "url": "http://www.ncbi.nlm.nih.gov/gene/1436"
          }
        },
        "n_7": {
          "confidence": {
            "prob": 1.0,
            "state": "",
            "who": [
              "user:Ashish"
            ]
          },
          "recName": "Macrophage colony-stimulating factor 1 receptor",
          "source": {
            "id": "P09603",
            "name": "protein",
            "url": "http://www.uniprot.org/uniprot/P09603"
          }
        }
      },
      "offsets": [
        {
          "start": 699,
          "text": "CSF-1 receptor"
        }
      ],
      "part": "s2p1"
    },
    {
      "classId": "e_1",
      "confidence": {
        "prob": 1.0,
        "state": "",
        "who": [
          "ml:GNormPlus"
        ]
      },
      "fields": {},
      "normalizations": {
        "n_6": {
          "confidence": {
            "prob": 1.0,
            "state": "",
            "who": [
              "ml:GNormPlus"
            ]
          },
          "recName": "CSF1R",
          "source": {
            "id": "1436",
            "name": "gene",
            "url": "http://www.ncbi.nlm.nih.gov/gene/1436"
          }
        },
        "n_7": {
          "confidence": {
            "prob": 1.0,
            "state": "",
            "who": [
              "user:Ashish"
            ]
          },
          "recName": "Macrophage colony-stimulating factor 1 receptor",
          "source": {
            "id": "P09603",
            "name": "protein",
            "url": "http://www.uniprot.org/uniprot/P09603"
          }
        }
      },
      "offsets": [
        {
          "start": 878,
          "text": "CSF-1 receptor"
        }
      ],
      "part": "s2p1"
    },
    {
      "classId": "e_1",
      "confidence": {
        "prob": 1.0,
        "state": "",
        "who": [
          "ml:GNormPlus"
        ]
      },
      "fields": {},
      "normalizations": {
        "n_6": {
          "confidence": {
            "prob": 1.0,
            "state": "",
            "who": [
              "ml:GNormPlus"
            ]
          },
          "recName": "CSF1R",
          "source": {
            "id": "1436",
            "name": "gene",
            "url": "http://www.ncbi.nlm.nih.gov/gene/1436"
          }
        },
        "n_7": {
          "confidence": {
            "prob": 1.0,
            "state": "",
            "who": [
              "user:Ashish"
            ]
          },
          "recName": "Macrophage colony-stimulating factor 1 receptor",
          "source": {
            "id": "P09603",
            "name": "protein",
            "url": "http://www.uniprot.org/uniprot/P09603"
          }
        }
      },
      "offsets": [
        {
          "start": 1067,
          "text": "CSF-1 receptor"
        }
      ],
      "part": "s2p1"
    },
    {
      "classId": "e_2",
      "confidence": {
        "prob": 1.0,
        "state": "",
        "who": [
          "ml:GNormPlus"
        ]
      },
      "fields": {},
      "normalizations": {
        "n_6": {
          "confidence": {
            "prob": 1.0,
            "state": "",
            "who": [
              "ml:GNormPlus"
            ]
          },
          "recName": "CBL",
          "source": {
            "id": "867",
            "name": "gene",
            "url": "http://www.ncbi.nlm.nih.gov/gene/867"
          }
        },
        "n_7": {
          "confidence": {
            "prob": 1.0,
            "state": "",
            "who": [
              "user:Ashish"
            ]
          },
          "recName": "E3 ubiquitin-protein ligase CBL",
          "source": {
            "id": "P09603",
            "name": "protein",
            "url": "http://www.uniprot.org/uniprot/P09603"
          }
        }
      },
      "offsets": [
        {
          "start": 1262,
          "text": "c-Cbl"
        }
      ],
      "part": "s2p1"
    },
    {
      "classId": "e_2",
      "confidence": {
        "prob": 1.0,
        "state": "",
        "who": [
          "ml:GNormPlus"
        ]
      },
      "fields": {},
      "normalizations": {
        "n_6": {
          "confidence": {
            "prob": 1.0,
            "state": "",
            "who": [
              "ml:GNormPlus"
            ]
          },
          "recName": "CBL",
          "source": {
            "id": "867",
            "name": "gene",
            "url": "http://www.ncbi.nlm.nih.gov/gene/867"
          }
        },
        "n_7": {
          "confidence": {
            "prob": 1.0,
            "state": "",
            "who": [
              "user:Ashish"
            ]
          },
          "recName": "E3 ubiquitin-protein ligase CBL",
          "source": {
            "id": "P09603",
            "name": "protein",
            "url": "http://www.uniprot.org/uniprot/P09603"
          }
        }
      },
      "offsets": [
        {
          "start": 1284,
          "text": "c-Cbl"
        }
      ],
      "part": "s2p1"
    }
  ],
  "metas": {},
  "relations": [
    {
      "classId": "r_4",
      "confidence": {
        "prob": 1,
        "state": "",
        "who": [
          "user:Ashish"
        ]
      },
      "directed": false,
      "entities": [
        "s1h1|0,5",
        "s1h1|16,30"
      ],
      "type": "linked"
    },
    {
      "classId": "r_4",
      "confidence": {
        "prob": 1,
        "state": "",
        "who": [
          "user:Ashish"
        ]
      },
      "directed": false,
      "entities": [
        "s2p1|610,615",
        "s2p1|631,645"
      ],
      "type": "linked"
    }
  ],
  "sources": [
    {
      "id": "11850825",
      "name": "MEDLINE",
      "url": "http://ncbi.nlm.nih.gov/pubmed/11850825"
    },
    {
      "id": "11850825",
      "name": "PMID",
      "url": "http://www.ncbi.nlm.nih.gov/pubmed/11850825"
    }
  ]
}
