{
  "anncomplete": true,
  "annotatable": {
    "parts": [
      "s1h1",
      "s2h1",
      "s2p1"
    ]
  },
  "entities": [
    {
      "classId": "e_1",
      "confidence": {
        "prob": 1.0,
        "state": "",
        "who": [
          "ml:GNormPlus"
        ]
      },
      "fields": {},
      "normalizations": {
        "n_6": {
          "confidence": {
            "prob": 1.0,
            "state": "",
            "who": [
              "ml:GNormPlus"
            ]
          },
          "recName": "UBE3A",
          "source": {
            "id": "7337",
            "name": "gene",
            "url": "http://www.ncbi.nlm.nih.gov/gene/7337"
          }
        },
        "n_7": {
          "confidence": {
            "prob": 1.0,
            "state": "",
            "who": [
              "user:Ashish"
            ]
          },
          "recName": "Ubiquitin-protein ligase E3A",
          "source": {
            "id": "Q05086",
            "name": "protein",
            "url": "http://www.uniprot.org/uniprot/Q05086"
          }
        }
      },
      "offsets": [
        {
          "start": 24,
          "text": "UBE3A"
        }
      ],
      "part": "s1h1"
    },
    {
      "classId": "e_2",
      "confidence": {
        "prob": 1.0,
        "state": "",
        "who": [
          "ml:GNormPlus"
        ]
      },
      "fields": {},
      "normalizations": {
        "n_6": {
          "confidence": {
            "prob": 1.0,
            "state": "",
            "who": [
              "ml:GNormPlus"
            ]
          },
          "recName": "CLOCK",
          "source": {
            "id": "9575",
            "name": "gene",
            "url": "http://www.ncbi.nlm.nih.gov/gene/9575"
          }
        },
        "n_7": {
          "confidence": {
            "prob": 1.0,
            "state": "",
            "who": [
              "user:Ashish"
            ]
          },
          "recName": "Circadian locomoter output cycles protein kaput",
          "source": {
            "id": "O15516",
            "name": "protein",
            "url": "http://www.uniprot.org/uniprot/O15516"
          }
        }
      },
      "offsets": [
        {
          "start": 82,
          "text": "clock"
        }
      ],
      "part": "s1h1"
    },
    {
      "classId": "e_2",
      "confidence": {
        "prob": 1.0,
        "state": "",
        "who": [
          "ml:GNormPlus"
        ]
      },
      "fields": {},
      "normalizations": {
        "n_6": {
          "confidence": {
            "prob": 1.0,
            "state": "",
            "who": [
              "ml:GNormPlus"
            ]
          },
          "recName": "ARNTL",
          "source": {
            "id": "406",
            "name": "gene",
            "url": "http://www.ncbi.nlm.nih.gov/gene/406"
          }
        },
        "n_7": {
          "confidence": {
            "prob": 1.0,
            "state": "",
            "who": [
              "user:Ashish"
            ]
          },
          "recName": "Aryl hydrocarbon receptor nuclear translocator-like protein 1",
          "source": {
            "id": "O00327",
            "name": "protein",
            "url": "http://www.uniprot.org/uniprot/O00327"
          }
        }
      },
      "offsets": [
        {
          "start": 111,
          "text": "BMAL1"
        }
      ],
      "part": "s1h1"
    },
    {
      "classId": "e_2",
      "confidence": {
        "prob": 1.0,
        "state": "",
        "who": [
          "ml:GNormPlus"
        ]
      },
      "fields": {},
      "normalizations": {
        "n_6": {
          "confidence": {
            "prob": 1.0,
            "state": "",
            "who": [
              "ml:GNormPlus"
            ]
          },
          "recName": "CLOCK",
          "source": {
            "id": "9575",
            "name": "gene",
            "url": "http://www.ncbi.nlm.nih.gov/gene/9575"
          }
        },
        "n_7": {
          "confidence": {
            "prob": 1.0,
            "state": "",
            "who": [
              "user:Ashish"
            ]
          },
          "recName": "Circadian locomoter output cycles protein kaput",
          "source": {
            "id": "O00327",
            "name": "protein",
            "url": "http://www.uniprot.org/uniprot/O00327"
          }
        }
      },
      "offsets": [
        {
          "start": 61,
          "text": "clock"
        }
      ],
      "part": "s2p1"
    },
    {
      "classId": "e_2",
      "confidence": {
        "prob": 1.0,
        "state": "",
        "who": [
          "ml:GNormPlus"
        ]
      },
      "fields": {},
      "normalizations": {
        "n_6": {
          "confidence": {
            "prob": 1.0,
            "state": "",
            "who": [
              "ml:GNormPlus"
            ]
          },
          "recName": "CLOCK",
          "source": {
            "id": "9575",
            "name": "gene",
            "url": "http://www.ncbi.nlm.nih.gov/gene/9575"
          }
        },
        "n_7": {
          "confidence": {
            "prob": 1.0,
            "state": "",
            "who": [
              "user:Ashish"
            ]
          },
          "recName": "Circadian locomoter output cycles protein kaput",
          "source": {
            "id": "O00327",
            "name": "protein",
            "url": "http://www.uniprot.org/uniprot/O00327"
          }
        }
      },
      "offsets": [
        {
          "start": 175,
          "text": "clock"
        }
      ],
      "part": "s2p1"
    },
    {
      "classId": "e_2",
      "confidence": {
        "prob": 1.0,
        "state": "",
        "who": [
          "ml:GNormPlus"
        ]
      },
      "fields": {},
      "normalizations": {
        "n_6": {
          "confidence": {
            "prob": 1.0,
            "state": "",
            "who": [
              "ml:GNormPlus"
            ]
          },
          "recName": "CLOCK",
          "source": {
            "id": "9575",
            "name": "gene",
            "url": "http://www.ncbi.nlm.nih.gov/gene/9575"
          }
        },
        "n_7": {
          "confidence": {
            "prob": 1.0,
            "state": "",
            "who": [
              "user:Ashish"
            ]
          },
          "recName": "Circadian locomoter output cycles protein kaput",
          "source": {
            "id": "O00327",
            "name": "protein",
            "url": "http://www.uniprot.org/uniprot/O00327"
          }
        }
      },
      "offsets": [
        {
          "start": 209,
          "text": "clock"
        }
      ],
      "part": "s2p1"
    },
    {
      "classId": "e_2",
      "confidence": {
        "prob": 1.0,
        "state": "",
        "who": [
          "ml:GNormPlus"
        ]
      },
      "fields": {},
      "normalizations": {
        "n_6": {
          "confidence": {
            "prob": 1.0,
            "state": "",
            "who": [
              "ml:GNormPlus"
            ]
          },
          "recName": "ARNTL",
          "source": {
            "id": "406",
            "name": "gene",
            "url": "http://www.ncbi.nlm.nih.gov/gene/406"
          }
        },
        "n_7": {
          "confidence": {
            "prob": 1.0,
            "state": "",
            "who": [
              "user:Ashish"
            ]
          },
          "recName": "Aryl hydrocarbon receptor nuclear translocator-like protein 1",
          "source": {
            "id": "O00327",
            "name": "protein",
            "url": "http://www.uniprot.org/uniprot/O00327"
          }
        }
      },
      "offsets": [
        {
          "start": 236,
          "text": "BMAL1"
        }
      ],
      "part": "s2p1"
    },
    {
      "classId": "e_2",
      "confidence": {
        "prob": 1.0,
        "state": "",
        "who": [
          "ml:GNormPlus"
        ]
      },
      "fields": {},
      "normalizations": {
        "n_6": {
          "confidence": {
            "prob": 1.0,
            "state": "",
            "who": [
              "ml:GNormPlus"
            ]
          },
          "recName": "ARNTL",
          "source": {
            "id": "406",
            "name": "gene",
            "url": "http://www.ncbi.nlm.nih.gov/gene/406"
          }
        },
        "n_7": {
          "confidence": {
            "prob": 1.0,
            "state": "",
            "who": [
              "user:Ashish"
            ]
          },
          "recName": "Aryl hydrocarbon receptor nuclear translocator-like protein 1",
          "source": {
            "id": "O00327",
            "name": "protein",
            "url": "http://www.uniprot.org/uniprot/O00327"
          }
        }
      },
      "offsets": [
        {
          "start": 243,
          "text": "brain and muscle Arnt-like 1"
        }
      ],
      "part": "s2p1"
    },
    {
      "classId": "e_2",
      "confidence": {
        "prob": 1.0,
        "state": "",
        "who": [
          "ml:GNormPlus"
        ]
      },
      "fields": {},
      "normalizations": {
        "n_6": {
          "confidence": {
            "prob": 1.0,
            "state": "",
            "who": [
              "ml:GNormPlus"
            ]
          },
          "recName": "ARNTL",
          "source": {
            "id": "406",
            "name": "gene",
            "url": "http://www.ncbi.nlm.nih.gov/gene/406"
          }
        },
        "n_7": {
          "confidence": {
            "prob": 1.0,
            "state": "",
            "who": [
              "user:Ashish"
            ]
          },
          "recName": "Aryl hydrocarbon receptor nuclear translocator-like protein 1",
          "source": {
            "id": "O00327",
            "name": "protein",
            "url": "http://www.uniprot.org/uniprot/O00327"
          }
        }
      },
      "offsets": [
        {
          "start": 337,
          "text": "BMAL1"
        }
      ],
      "part": "s2p1"
    },
    {
      "classId": "e_1",
      "confidence": {
        "prob": 1.0,
        "state": "",
        "who": [
          "ml:GNormPlus"
        ]
      },
      "fields": {},
      "normalizations": {
        "n_6": {
          "confidence": {
            "prob": 1.0,
            "state": "",
            "who": [
              "ml:GNormPlus"
            ]
          },
          "recName": "Ube3a",
          "source": {
            "id": "22215",
            "name": "gene",
            "url": "http://www.ncbi.nlm.nih.gov/gene/22215"
          }
        },
        "n_7": {
          "confidence": {
            "prob": 1.0,
            "state": "",
            "who": [
              "user:Ashish"
            ]
          },
          "recName": "Ubiquitin-protein ligase E3A",
          "source": {
            "id": "O08759",
            "name": "protein",
            "url": "http://www.uniprot.org/uniprot/O08759"
          }
        }
      },
      "offsets": [
        {
          "start": 459,
          "text": "UBE3A"
        }
      ],
      "part": "s2p1"
    },
    {
      "classId": "e_1",
      "confidence": {
        "prob": 1.0,
        "state": "",
        "who": [
          "ml:GNormPlus"
        ]
      },
      "fields": {},
      "normalizations": {
        "n_6": {
          "confidence": {
            "prob": 1.0,
            "state": "",
            "who": [
              "ml:GNormPlus"
            ]
          },
          "recName": "Per2",
          "source": {
            "id": "18627",
            "name": "gene",
            "url": "http://www.ncbi.nlm.nih.gov/gene/18627"
          }
        },
        "n_7": {
          "confidence": {
            "prob": 1.0,
            "state": "",
            "who": [
              "user:Ashish"
            ]
          },
          "recName": "Period circadian protein homolog 2",
          "source": {
            "id": "O54943",
            "name": "protein",
            "url": "http://www.uniprot.org/uniprot/O54943"
          }
        }
      },
      "offsets": [
        {
          "start": 582,
          "text": "PER2"
        }
      ],
      "part": "s2p1"
    },
    {
      "classId": "e_2",
      "confidence": {
        "prob": 1.0,
        "state": "",
        "who": [
          "ml:GNormPlus"
        ]
      },
      "fields": {},
      "normalizations": {
        "n_6": {
          "confidence": {
            "prob": 1.0,
            "state": "",
            "who": [
              "ml:GNormPlus"
            ]
          },
          "recName": "Arntl",
          "source": {
            "id": "11865",
            "name": "gene",
            "url": "http://www.ncbi.nlm.nih.gov/gene/11865"
          }
        },
        "n_7": {
          "confidence": {
            "prob": 1.0,
            "state": "",
            "who": [
              "user:Ashish"
            ]
          },
          "recName": "Aryl hydrocarbon receptor nuclear translocator-like protein 1",
          "source": {
            "id": "Q9WTL8",
            "name": "protein",
            "url": "http://www.uniprot.org/uniprot/Q9WTL8"
          }
        }
      },
      "offsets": [
        {
          "start": 677,
          "text": "BMAL1"
        }
      ],
      "part": "s2p1"
    },
    {
      "classId": "e_2",
      "confidence": {
        "prob": 1.0,
        "state": "",
        "who": [
          "ml:GNormPlus"
        ]
      },
      "fields": {},
      "normalizations": {
        "n_6": {
          "confidence": {
            "prob": 1.0,
            "state": "",
            "who": [
              "ml:GNormPlus"
            ]
          },
          "recName": "ARNTL",
          "source": {
            "id": "406",
            "name": "gene",
            "url": "http://www.ncbi.nlm.nih.gov/gene/406"
          }
        },
        "n_7": {
          "confidence": {
            "prob": 1.0,
            "state": "",
            "who": [
              "user:Ashish"
            ]
          },
          "recName": "Aryl hydrocarbon receptor nuclear translocator-like protein 1",
          "source": {
            "id": "Q9WTL8",
            "name": "protein",
            "url": "http://www.uniprot.org/uniprot/Q9WTL8"
          }
        }
      },
      "offsets": [
        {
          "start": 730,
          "text": "BMAL1"
        }
      ],
      "part": "s2p1"
    },
    {
      "classId": "e_1",
      "confidence": {
        "prob": 1.0,
        "state": "",
        "who": [
          "ml:GNormPlus"
        ]
      },
      "fields": {},
      "normalizations": {
        "n_6": {
          "confidence": {
            "prob": 1.0,
            "state": "",
            "who": [
              "ml:GNormPlus"
            ]
          },
          "recName": "UBE3A",
          "source": {
            "id": "7337",
            "name": "gene",
            "url": "http://www.ncbi.nlm.nih.gov/gene/7337"
          }
        },
        "n_7": {
          "confidence": {
            "prob": 1.0,
            "state": "",
            "who": [
              "user:Ashish"
            ]
          },
          "recName": "Ubiquitin-protein ligase E3A",
          "source": {
            "id": "Q9WTL8",
            "name": "protein",
            "url": "http://www.uniprot.org/uniprot/Q9WTL8"
          }
        }
      },
      "offsets": [
        {
          "start": 796,
          "text": "UBE3A"
        }
      ],
      "part": "s2p1"
    },
    {
      "classId": "e_2",
      "confidence": {
        "prob": 1.0,
        "state": "",
        "who": [
          "ml:GNormPlus"
        ]
      },
      "fields": {},
      "normalizations": {
        "n_6": {
          "confidence": {
            "prob": 1.0,
            "state": "",
            "who": [
              "ml:GNormPlus"
            ]
          },
          "recName": "ARNTL",
          "source": {
            "id": "406",
            "name": "gene",
            "url": "http://www.ncbi.nlm.nih.gov/gene/406"
          }
        },
        "n_7": {
          "confidence": {
            "prob": 1.0,
            "state": "",
            "who": [
              "user:Ashish"
            ]
          },
          "recName": "Aryl hydrocarbon receptor nuclear translocator-like protein 1",
          "source": {
            "id": "Q9WTL8",
            "name": "protein",
            "url": "http://www.uniprot.org/uniprot/Q9WTL8"
          }
        }
      },
      "offsets": [
        {
          "start": 828,
          "text": "BMAL1"
        }
      ],
      "part": "s2p1"
    },
    {
      "classId": "e_1",
      "confidence": {
        "prob": 1.0,
        "state": "",
        "who": [
          "ml:GNormPlus"
        ]
      },
      "fields": {},
      "normalizations": {
        "n_6": {
          "confidence": {
            "prob": 1.0,
            "state": "",
            "who": [
              "ml:GNormPlus"
            ]
          },
          "recName": "Ube3a {ECO:0000313|EMBL:AAF50078.1",
          "source": {
            "id": "39266",
            "name": "gene",
            "url": "http://www.ncbi.nlm.nih.gov/gene/39266"
          }
        }
      },
      "offsets": [
        {
          "start": 1082,
          "text": "UBE3A"
        }
      ],
      "part": "s2p1"
    },
    {
      "classId": "e_1",
      "confidence": {
        "prob": 1.0,
        "state": "",
        "who": [
          "ml:GNormPlus"
        ]
      },
      "fields": {},
      "normalizations": {
        "n_6": {
          "confidence": {
            "prob": 1.0,
            "state": "",
            "who": [
              "ml:GNormPlus"
            ]
          },
          "recName": "UBE3A",
          "source": {
            "id": "7337",
            "name": "gene",
            "url": "http://www.ncbi.nlm.nih.gov/gene/7337"
          }
        },
        "n_7": {
          "confidence": {
            "prob": 1.0,
            "state": "",
            "who": [
              "user:Ashish"
            ]
          },
          "recName": "Ubiquitin-protein ligase E3A",
          "source": {
            "id": "Q9VTH1",
            "name": "protein",
            "url": "http://www.uniprot.org/uniprot/Q9VTH1"
          }
        }
      },
      "offsets": [
        {
          "start": 1216,
          "text": "UBE3A"
        }
      ],
      "part": "s2p1"
    },
    {
      "classId": "e_2",
      "confidence": {
        "prob": 1.0,
        "state": "",
        "who": [
          "ml:GNormPlus"
        ]
      },
      "fields": {},
      "normalizations": {
        "n_6": {
          "confidence": {
            "prob": 1.0,
            "state": "",
            "who": [
              "ml:GNormPlus"
            ]
          },
          "recName": "ARNTL",
          "source": {
            "id": "406",
            "name": "gene",
            "url": "http://www.ncbi.nlm.nih.gov/gene/406"
          }
        },
        "n_7": {
          "confidence": {
            "prob": 1.0,
            "state": "",
            "who": [
              "user:Ashish"
            ]
          },
          "recName": "Aryl hydrocarbon receptor nuclear translocator-like protein 1",
          "source": {
            "id": "Q9VTH1",
            "name": "protein",
            "url": "http://www.uniprot.org/uniprot/Q9VTH1"
          }
        }
      },
      "offsets": [
        {
          "start": 1390,
          "text": "BMAL1"
        }
      ],
      "part": "s2p1"
    }
  ],
  "metas": {},
  "relations": [
    {
      "classId": "r_4",
      "confidence": {
        "prob": 1,
        "state": "",
        "who": [
          "user:Ashish"
        ]
      },
      "directed": false,
      "entities": [
        "s2p1|796,801",
        "s2p1|828,833"
      ],
      "type": "linked"
    }
  ],
  "sources": [
    {
      "id": "24728990",
      "name": "MEDLINE",
      "url": "http://ncbi.nlm.nih.gov/pubmed/24728990"
    },
    {
      "id": "24728990",
      "name": "PMID",
      "url": "http://www.ncbi.nlm.nih.gov/pubmed/24728990"
    }
  ]
}