{
  "anncomplete": true,
  "annotatable": {
    "parts": [
      "s1h1",
      "s2h1",
      "s2p1"
    ]
  },
  "entities": [
    {
      "classId": "e_1",
      "confidence": {
        "prob": 1.0,
        "state": "",
        "who": [
          "ml:GNormPlus"
        ]
      },
      "fields": {},
      "normalizations": {
        "n_6": {
          "confidence": {
            "prob": 1.0,
            "state": "",
            "who": [
              "ml:GNormPlus"
            ]
          },
          "recName": "ING4",
          "source": {
            "id": "51147",
            "name": "gene",
            "url": "http://www.ncbi.nlm.nih.gov/gene/51147"
          }
        },
        "n_7": {
          "confidence": {
            "prob": 1.0,
            "state": "",
            "who": [
              "user:Ashish"
            ]
          },
          "recName": "Inhibitor of growth protein 4",
          "source": {
            "id": "Q9UNL4",
            "name": "protein",
            "url": "http://www.uniprot.org/uniprot/Q9UNL4"
          }
        }
      },
      "offsets": [
        {
          "start": 40,
          "text": "ING4"
        }
      ],
      "part": "s1h1"
    },
    {
      "classId": "e_1",
      "confidence": {
        "prob": 1.0,
        "state": "",
        "who": [
          "ml:GNormPlus"
        ]
      },
      "fields": {},
      "normalizations": {
        "n_6": {
          "confidence": {
            "prob": 1.0,
            "state": "",
            "who": [
              "ml:GNormPlus"
            ]
          },
          "recName": "ING4",
          "source": {
            "id": "51147",
            "name": "gene",
            "url": "http://www.ncbi.nlm.nih.gov/gene/51147"
          }
        },
        "n_7": {
          "confidence": {
            "prob": 1.0,
            "state": "",
            "who": [
              "user:Ashish"
            ]
          },
          "recName": "Inhibitor of growth protein 4",
          "source": {
            "id": "Q9UNL4",
            "name": "protein",
            "url": "http://www.uniprot.org/uniprot/Q9UNL4"
          }
        }
      },
      "offsets": [
        {
          "start": 515,
          "text": "ING4"
        }
      ],
      "part": "s2p1"
    },
    {
      "classId": "e_1",
      "confidence": {
        "prob": 1.0,
        "state": "",
        "who": [
          "ml:GNormPlus"
        ]
      },
      "fields": {},
      "normalizations": {
        "n_6": {
          "confidence": {
            "prob": 1.0,
            "state": "",
            "who": [
              "ml:GNormPlus"
            ]
          },
          "recName": "ING4",
          "source": {
            "id": "51147",
            "name": "gene",
            "url": "http://www.ncbi.nlm.nih.gov/gene/51147"
          }
        },
        "n_7": {
          "confidence": {
            "prob": 1.0,
            "state": "",
            "who": [
              "user:Ashish"
            ]
          },
          "recName": "Inhibitor of growth protein 4",
          "source": {
            "id": "Q9UNL4",
            "name": "protein",
            "url": "http://www.uniprot.org/uniprot/Q9UNL4"
          }
        }
      },
      "offsets": [
        {
          "start": 599,
          "text": "ING4"
        }
      ],
      "part": "s2p1"
    },
    {
      "classId": "e_1",
      "confidence": {
        "prob": 1.0,
        "state": "",
        "who": [
          "ml:GNormPlus"
        ]
      },
      "fields": {},
      "normalizations": {
        "n_6": {
          "confidence": {
            "prob": 1.0,
            "state": "",
            "who": [
              "ml:GNormPlus"
            ]
          },
          "recName": "ING4",
          "source": {
            "id": "51147",
            "name": "gene",
            "url": "http://www.ncbi.nlm.nih.gov/gene/51147"
          }
        },
        "n_7": {
          "confidence": {
            "prob": 1.0,
            "state": "",
            "who": [
              "user:Ashish"
            ]
          },
          "recName": "Inhibitor of growth protein 4",
          "source": {
            "id": "Q9UNL4",
            "name": "protein",
            "url": "http://www.uniprot.org/uniprot/Q9UNL4"
          }
        }
      },
      "offsets": [
        {
          "start": 867,
          "text": "ING4"
        }
      ],
      "part": "s2p1"
    },
    {
      "classId": "e_1",
      "confidence": {
        "prob": 1.0,
        "state": "",
        "who": [
          "ml:GNormPlus"
        ]
      },
      "fields": {},
      "normalizations": {
        "n_6": {
          "confidence": {
            "prob": 1.0,
            "state": "",
            "who": [
              "ml:GNormPlus"
            ]
          },
          "recName": "ING4",
          "source": {
            "id": "51147",
            "name": "gene",
            "url": "http://www.ncbi.nlm.nih.gov/gene/51147"
          }
        },
        "n_7": {
          "confidence": {
            "prob": 1.0,
            "state": "",
            "who": [
              "user:Ashish"
            ]
          },
          "recName": "Inhibitor of growth protein 4",
          "source": {
            "id": "Q9UNL4",
            "name": "protein",
            "url": "http://www.uniprot.org/uniprot/Q9UNL4"
          }
        }
      },
      "offsets": [
        {
          "start": 976,
          "text": "ING4"
        }
      ],
      "part": "s2p1"
    },
    {
      "classId": "e_2",
      "confidence": {
        "prob": 1.0,
        "state": "",
        "who": [
          "ml:GNormPlus"
        ]
      },
      "fields": {},
      "normalizations": {
        "n_6": {
          "confidence": {
            "prob": 1.0,
            "state": "",
            "who": [
              "ml:GNormPlus"
            ]
          },
          "recName": "RELA",
          "source": {
            "id": "5970",
            "name": "gene",
            "url": "http://www.ncbi.nlm.nih.gov/gene/5970"
          }
        },
        "n_7": {
          "confidence": {
            "prob": 1.0,
            "state": "",
            "who": [
              "user:Ashish"
            ]
          },
          "recName": "Transcription factor p65",
          "source": {
            "id": "Q04206",
            "name": "protein",
            "url": "http://www.uniprot.org/uniprot/Q04206"
          }
        }
      },
      "offsets": [
        {
          "start": 1007,
          "text": "p65"
        }
      ],
      "part": "s2p1"
    },
    {
      "classId": "e_1",
      "confidence": {
        "prob": 1.0,
        "state": "",
        "who": [
          "ml:GNormPlus"
        ]
      },
      "fields": {},
      "normalizations": {
        "n_6": {
          "confidence": {
            "prob": 1.0,
            "state": "",
            "who": [
              "ml:GNormPlus"
            ]
          },
          "recName": "ING4",
          "source": {
            "id": "51147",
            "name": "gene",
            "url": "http://www.ncbi.nlm.nih.gov/gene/51147"
          }
        },
        "n_7": {
          "confidence": {
            "prob": 1.0,
            "state": "",
            "who": [
              "user:Ashish"
            ]
          },
          "recName": "Inhibitor of growth protein 4",
          "source": {
            "id": "Q04206",
            "name": "protein",
            "url": "http://www.uniprot.org/uniprot/Q04206"
          }
        }
      },
      "offsets": [
        {
          "start": 1064,
          "text": "ING4"
        }
      ],
      "part": "s2p1"
    },
    {
      "classId": "e_1",
      "confidence": {
        "prob": 1.0,
        "state": "",
        "who": [
          "ml:GNormPlus"
        ]
      },
      "fields": {},
      "normalizations": {
        "n_6": {
          "confidence": {
            "prob": 1.0,
            "state": "",
            "who": [
              "ml:GNormPlus"
            ]
          },
          "recName": "ING4",
          "source": {
            "id": "51147",
            "name": "gene",
            "url": "http://www.ncbi.nlm.nih.gov/gene/51147"
          }
        },
        "n_7": {
          "confidence": {
            "prob": 1.0,
            "state": "",
            "who": [
              "user:Ashish"
            ]
          },
          "recName": "Inhibitor of growth protein 4",
          "source": {
            "id": "Q04206",
            "name": "protein",
            "url": "http://www.uniprot.org/uniprot/Q04206"
          }
        }
      },
      "offsets": [
        {
          "start": 1199,
          "text": "ING4"
        }
      ],
      "part": "s2p1"
    }
  ],
  "metas": {},
  "relations": [
    {
      "classId": "r_4",
      "confidence": {
        "prob": 1,
        "state": "",
        "who": [
          "user:Ashish"
        ]
      },
      "directed": false,
      "entities": [
        "s2p1|976,980",
        "s2p1|1007,1010"
      ],
      "type": "linked"
    }
  ],
  "sources": [
    {
      "id": "15029197",
      "name": "MEDLINE",
      "url": "http://ncbi.nlm.nih.gov/pubmed/15029197"
    },
    {
      "id": "15029197",
      "name": "PMID",
      "url": "http://www.ncbi.nlm.nih.gov/pubmed/15029197"
    }
  ]
}