{
  "anncomplete": true,
  "annotatable": {
    "parts": [
      "s1h1",
      "s2h1",
      "s2p1"
    ]
  },
  "entities": [
    {
      "classId": "e_1",
      "confidence": {
        "prob": 1.0,
        "state": "",
        "who": [
          "ml:GNormPlus"
        ]
      },
      "fields": {},
      "normalizations": {
        "n_6": {
          "confidence": {
            "prob": 1.0,
            "state": "",
            "who": [
              "ml:GNormPlus"
            ]
          },
          "recName": "IL12RB1",
          "source": {
            "id": "3594",
            "name": "gene",
            "url": "http://www.ncbi.nlm.nih.gov/gene/3594"
          }
        },
        "n_7": {
          "confidence": {
            "prob": 1.0,
            "state": "",
            "who": [
              "user:Ashish"
            ]
          },
          "recName": "Interleukin-12 receptor subunit beta-1",
          "source": {
            "id": "P42701",
            "name": "protein",
            "url": "http://www.uniprot.org/uniprot/P42701"
          }
        }
      },
      "offsets": [
        {
          "start": 63,
          "text": "IL-12Rbeta1"
        }
      ],
      "part": "s1h1"
    },
    {
      "classId": "e_1",
      "confidence": {
        "prob": 1.0,
        "state": "",
        "who": [
          "ml:GNormPlus"
        ]
      },
      "fields": {},
      "normalizations": {
        "n_6": {
          "confidence": {
            "prob": 1.0,
            "state": "",
            "who": [
              "ml:GNormPlus"
            ]
          },
          "recName": "IL23R",
          "source": {
            "id": "149233",
            "name": "gene",
            "url": "http://www.ncbi.nlm.nih.gov/gene/149233"
          }
        },
        "n_7": {
          "confidence": {
            "prob": 1.0,
            "state": "",
            "who": [
              "user:Ashish"
            ]
          },
          "recName": "Interleukin-23 receptor",
          "source": {
            "id": "Q5VWK5",
            "name": "protein",
            "url": "http://www.uniprot.org/uniprot/Q5VWK5"
          }
        }
      },
      "offsets": [
        {
          "start": 114,
          "text": "IL-23R"
        }
      ],
      "part": "s1h1"
    },
    {
      "classId": "e_1",
      "confidence": {
        "prob": 1.0,
        "state": "",
        "who": [
          "ml:GNormPlus"
        ]
      },
      "fields": {},
      "normalizations": {
        "n_6": {
          "confidence": {
            "prob": 1.0,
            "state": "",
            "who": [
              "ml:GNormPlus"
            ]
          },
          "recName": "IL23A",
          "source": {
            "id": "51561",
            "name": "gene",
            "url": "http://www.ncbi.nlm.nih.gov/gene/51561"
          }
        },
        "n_7": {
          "confidence": {
            "prob": 1.0,
            "state": "",
            "who": [
              "user:Ashish"
            ]
          },
          "recName": "Interleukin-23 subunit alpha",
          "source": {
            "id": "Q5VWK5",
            "name": "protein",
            "url": "http://www.uniprot.org/uniprot/Q5VWK5"
          }
        }
      },
      "offsets": [
        {
          "start": 148,
          "text": "p19"
        }
      ],
      "part": "s2p1"
    },
    {
      "classId": "e_1",
      "confidence": {
        "prob": 1.0,
        "state": "",
        "who": [
          "ml:GNormPlus"
        ]
      },
      "fields": {},
      "normalizations": {
        "n_6": {
          "confidence": {
            "prob": 1.0,
            "state": "",
            "who": [
              "ml:GNormPlus"
            ]
          },
          "recName": "IL12RB1",
          "source": {
            "id": "3594",
            "name": "gene",
            "url": "http://www.ncbi.nlm.nih.gov/gene/3594"
          }
        },
        "n_7": {
          "confidence": {
            "prob": 1.0,
            "state": "",
            "who": [
              "user:Ashish"
            ]
          },
          "recName": "Interleukin-12 receptor subunit beta-1",
          "source": {
            "id": "Q9EQ14",
            "name": "protein",
            "url": "http://www.uniprot.org/uniprot/Q9EQ14"
          }
        }
      },
      "offsets": [
        {
          "start": 349,
          "text": "IL-12Rbeta1"
        }
      ],
      "part": "s2p1"
    },
    {
      "classId": "e_1",
      "confidence": {
        "prob": 1.0,
        "state": "",
        "who": [
          "ml:GNormPlus"
        ]
      },
      "fields": {},
      "normalizations": {
        "n_6": {
          "confidence": {
            "prob": 1.0,
            "state": "",
            "who": [
              "ml:GNormPlus"
            ]
          },
          "recName": "IL23R",
          "source": {
            "id": "149233",
            "name": "gene",
            "url": "http://www.ncbi.nlm.nih.gov/gene/149233"
          }
        },
        "n_7": {
          "confidence": {
            "prob": 1.0,
            "state": "",
            "who": [
              "user:Ashish"
            ]
          },
          "recName": "Interleukin-23 receptor",
          "source": {
            "id": "Q9EQ14",
            "name": "protein",
            "url": "http://www.uniprot.org/uniprot/Q9EQ14"
          }
        }
      },
      "offsets": [
        {
          "start": 518,
          "text": "IL-23R"
        }
      ],
      "part": "s2p1"
    },
    {
      "classId": "e_1",
      "confidence": {
        "prob": 1.0,
        "state": "",
        "who": [
          "ml:GNormPlus"
        ]
      },
      "fields": {},
      "normalizations": {
        "n_6": {
          "confidence": {
            "prob": 1.0,
            "state": "",
            "who": [
              "ml:GNormPlus"
            ]
          },
          "recName": "IL23R",
          "source": {
            "id": "149233",
            "name": "gene",
            "url": "http://www.ncbi.nlm.nih.gov/gene/149233"
          }
        },
        "n_7": {
          "confidence": {
            "prob": 1.0,
            "state": "",
            "who": [
              "user:Ashish"
            ]
          },
          "recName": "Interleukin-23 receptor",
          "source": {
            "id": "Q9EQ14",
            "name": "protein",
            "url": "http://www.uniprot.org/uniprot/Q9EQ14"
          }
        }
      },
      "offsets": [
        {
          "start": 527,
          "text": "IL-23R"
        }
      ],
      "part": "s2p1"
    },
    {
      "classId": "e_1",
      "confidence": {
        "prob": 1.0,
        "state": "",
        "who": [
          "ml:GNormPlus"
        ]
      },
      "fields": {},
      "normalizations": {
        "n_6": {
          "confidence": {
            "prob": 1.0,
            "state": "",
            "who": [
              "ml:GNormPlus"
            ]
          },
          "recName": "IL12RB1",
          "source": {
            "id": "3594",
            "name": "gene",
            "url": "http://www.ncbi.nlm.nih.gov/gene/3594"
          }
        },
        "n_7": {
          "confidence": {
            "prob": 1.0,
            "state": "",
            "who": [
              "user:Ashish"
            ]
          },
          "recName": "Interleukin-12 receptor subunit beta-1",
          "source": {
            "id": "Q9EQ14",
            "name": "protein",
            "url": "http://www.uniprot.org/uniprot/Q9EQ14"
          }
        }
      },
      "offsets": [
        {
          "start": 545,
          "text": "IL-12Rbeta1"
        }
      ],
      "part": "s2p1"
    },
    {
      "classId": "e_1",
      "confidence": {
        "prob": 1.0,
        "state": "",
        "who": [
          "ml:GNormPlus"
        ]
      },
      "fields": {},
      "normalizations": {
        "n_6": {
          "confidence": {
            "prob": 1.0,
            "state": "",
            "who": [
              "ml:GNormPlus"
            ]
          },
          "recName": "IL23R",
          "source": {
            "id": "149233",
            "name": "gene",
            "url": "http://www.ncbi.nlm.nih.gov/gene/149233"
          }
        },
        "n_7": {
          "confidence": {
            "prob": 1.0,
            "state": "",
            "who": [
              "user:Ashish"
            ]
          },
          "recName": "Interleukin-23 receptor",
          "source": {
            "id": "Q9EQ14",
            "name": "protein",
            "url": "http://www.uniprot.org/uniprot/Q9EQ14"
          }
        }
      },
      "offsets": [
        {
          "start": 690,
          "text": "IL-23R"
        }
      ],
      "part": "s2p1"
    },
    {
      "classId": "e_1",
      "confidence": {
        "prob": 1.0,
        "state": "",
        "who": [
          "ml:GNormPlus"
        ]
      },
      "fields": {},
      "normalizations": {
        "n_6": {
          "confidence": {
            "prob": 1.0,
            "state": "",
            "who": [
              "ml:GNormPlus"
            ]
          },
          "recName": "IL12RB1",
          "source": {
            "id": "3594",
            "name": "gene",
            "url": "http://www.ncbi.nlm.nih.gov/gene/3594"
          }
        },
        "n_7": {
          "confidence": {
            "prob": 1.0,
            "state": "",
            "who": [
              "user:Ashish"
            ]
          },
          "recName": "Interleukin-12 receptor subunit beta-1",
          "source": {
            "id": "Q9EQ14",
            "name": "protein",
            "url": "http://www.uniprot.org/uniprot/Q9EQ14"
          }
        }
      },
      "offsets": [
        {
          "start": 703,
          "text": "IL-12Rbeta1"
        }
      ],
      "part": "s2p1"
    },
    {
      "classId": "e_1",
      "confidence": {
        "prob": 1.0,
        "state": "",
        "who": [
          "ml:GNormPlus"
        ]
      },
      "fields": {},
      "normalizations": {
        "n_6": {
          "confidence": {
            "prob": 1.0,
            "state": "",
            "who": [
              "ml:GNormPlus"
            ]
          },
          "recName": "IL23R",
          "source": {
            "id": "149233",
            "name": "gene",
            "url": "http://www.ncbi.nlm.nih.gov/gene/149233"
          }
        },
        "n_7": {
          "confidence": {
            "prob": 1.0,
            "state": "",
            "who": [
              "user:Ashish"
            ]
          },
          "recName": "Interleukin-23 receptor",
          "source": {
            "id": "Q9EQ14",
            "name": "protein",
            "url": "http://www.uniprot.org/uniprot/Q9EQ14"
          }
        }
      },
      "offsets": [
        {
          "start": 724,
          "text": "IL-23R"
        }
      ],
      "part": "s2p1"
    },
    {
      "classId": "e_1",
      "confidence": {
        "prob": 1.0,
        "state": "",
        "who": [
          "ml:GNormPlus"
        ]
      },
      "fields": {},
      "normalizations": {
        "n_6": {
          "confidence": {
            "prob": 1.0,
            "state": "",
            "who": [
              "ml:GNormPlus"
            ]
          },
          "recName": "JAK2",
          "source": {
            "id": "3717",
            "name": "gene",
            "url": "http://www.ncbi.nlm.nih.gov/gene/3717"
          }
        },
        "n_7": {
          "confidence": {
            "prob": 1.0,
            "state": "",
            "who": [
              "user:Ashish"
            ]
          },
          "recName": "Tyrosine-protein kinase JAK2",
          "source": {
            "id": "O60674",
            "name": "protein",
            "url": "http://www.uniprot.org/uniprot/O60674"
          }
        }
      },
      "offsets": [
        {
          "start": 892,
          "text": "Jak2"
        }
      ],
      "part": "s2p1"
    },
    {
      "classId": "e_1",
      "confidence": {
        "prob": 1.0,
        "state": "",
        "who": [
          "ml:GNormPlus"
        ]
      },
      "fields": {},
      "normalizations": {
        "n_6": {
          "confidence": {
            "prob": 1.0,
            "state": "",
            "who": [
              "ml:GNormPlus"
            ]
          },
          "recName": "TYK2",
          "source": {
            "id": "7297",
            "name": "gene",
            "url": "http://www.ncbi.nlm.nih.gov/gene/7297"
          }
        },
        "n_7": {
          "confidence": {
            "prob": 1.0,
            "state": "",
            "who": [
              "user:Ashish"
            ]
          },
          "recName": "Non-receptor tyrosine-protein kinase TYK2",
          "source": {
            "id": "P29597",
            "name": "protein",
            "url": "http://www.uniprot.org/uniprot/P29597"
          }
        }
      },
      "offsets": [
        {
          "start": 898,
          "text": "Tyk2"
        }
      ],
      "part": "s2p1"
    },
    {
      "classId": "e_2",
      "confidence": {
        "prob": 1.0,
        "state": "",
        "who": [
          "ml:GNormPlus"
        ]
      },
      "fields": {},
      "normalizations": {
        "n_6": {
          "confidence": {
            "prob": 1.0,
            "state": "",
            "who": [
              "ml:GNormPlus"
            ]
          },
          "recName": "STAT3",
          "source": {
            "id": "6774",
            "name": "gene",
            "url": "http://www.ncbi.nlm.nih.gov/gene/6774"
          }
        },
        "n_7": {
          "confidence": {
            "prob": 1.0,
            "state": "",
            "who": [
              "user:Ashish"
            ]
          },
          "recName": "Signal transducer and activator of transcription 3",
          "source": {
            "id": "Q14765",
            "name": "protein",
            "url": "http://www.uniprot.org/uniprot/Q14765"
          }
        }
      },
      "offsets": [
        {
          "start": 908,
          "text": "stat1, -3, -4, and -5"
        }
      ],
      "part": "s2p1"
    },
    {
      "classId": "e_2",
      "confidence": {
        "prob": 1.0,
        "state": "",
        "who": [
          "ml:GNormPlus"
        ]
      },
      "fields": {},
      "normalizations": {
        "n_6": {
          "confidence": {
            "prob": 1.0,
            "state": "",
            "who": [
              "ml:GNormPlus"
            ]
          },
          "recName": "STAT4",
          "source": {
            "id": "6775",
            "name": "gene",
            "url": "http://www.ncbi.nlm.nih.gov/gene/6775"
          }
        },
        "n_7": {
          "confidence": {
            "prob": 1.0,
            "state": "",
            "who": [
              "user:Ashish"
            ]
          },
          "recName": "Signal transducer and activator of transcription 4",
          "source": {
            "id": "Q14765",
            "name": "protein",
            "url": "http://www.uniprot.org/uniprot/Q14765"
          }
        }
      },
      "offsets": [
        {
          "start": 935,
          "text": "stat4"
        }
      ],
      "part": "s2p1"
    },
    {
      "classId": "e_1",
      "confidence": {
        "prob": 1.0,
        "state": "",
        "who": [
          "ml:GNormPlus"
        ]
      },
      "fields": {},
      "normalizations": {
        "n_6": {
          "confidence": {
            "prob": 1.0,
            "state": "",
            "who": [
              "ml:GNormPlus"
            ]
          },
          "recName": "IL23R",
          "source": {
            "id": "149233",
            "name": "gene",
            "url": "http://www.ncbi.nlm.nih.gov/gene/149233"
          }
        },
        "n_7": {
          "confidence": {
            "prob": 1.0,
            "state": "",
            "who": [
              "user:Ashish"
            ]
          },
          "recName": "Interleukin-23 receptor",
          "source": {
            "id": "Q14765",
            "name": "protein",
            "url": "http://www.uniprot.org/uniprot/Q14765"
          }
        }
      },
      "offsets": [
        {
          "start": 1064,
          "text": "IL-23R"
        }
      ],
      "part": "s2p1"
    },
    {
      "classId": "e_1",
      "confidence": {
        "prob": 1.0,
        "state": "",
        "who": [
          "ml:GNormPlus"
        ]
      },
      "fields": {},
      "normalizations": {
        "n_6": {
          "confidence": {
            "prob": 1.0,
            "state": "",
            "who": [
              "ml:GNormPlus"
            ]
          },
          "recName": "JAK2",
          "source": {
            "id": "3717",
            "name": "gene",
            "url": "http://www.ncbi.nlm.nih.gov/gene/3717"
          }
        },
        "n_7": {
          "confidence": {
            "prob": 1.0,
            "state": "",
            "who": [
              "user:Ashish"
            ]
          },
          "recName": "Tyrosine-protein kinase JAK2",
          "source": {
            "id": "Q14765",
            "name": "protein",
            "url": "http://www.uniprot.org/uniprot/Q14765"
          }
        }
      },
      "offsets": [
        {
          "start": 1102,
          "text": "Jak2"
        }
      ],
      "part": "s2p1"
    },
    {
      "classId": "e_2",
      "confidence": {
        "prob": 1.0,
        "state": "",
        "who": [
          "ml:GNormPlus"
        ]
      },
      "fields": {},
      "normalizations": {
        "n_6": {
          "confidence": {
            "prob": 1.0,
            "state": "",
            "who": [
              "ml:GNormPlus"
            ]
          },
          "recName": "STAT3",
          "source": {
            "id": "6774",
            "name": "gene",
            "url": "http://www.ncbi.nlm.nih.gov/gene/6774"
          }
        },
        "n_7": {
          "confidence": {
            "prob": 1.0,
            "state": "",
            "who": [
              "user:Ashish"
            ]
          },
          "recName": "Signal transducer and activator of transcription 3",
          "source": {
            "id": "Q14765",
            "name": "protein",
            "url": "http://www.uniprot.org/uniprot/Q14765"
          }
        }
      },
      "offsets": [
        {
          "start": 1145,
          "text": "stat3"
        }
      ],
      "part": "s2p1"
    },
    {
      "classId": "e_1",
      "confidence": {
        "prob": 1.0,
        "state": "",
        "who": [
          "ml:GNormPlus"
        ]
      },
      "fields": {},
      "normalizations": {
        "n_6": {
          "confidence": {
            "prob": 1.0,
            "state": "",
            "who": [
              "ml:GNormPlus"
            ]
          },
          "recName": "IL23R",
          "source": {
            "id": "149233",
            "name": "gene",
            "url": "http://www.ncbi.nlm.nih.gov/gene/149233"
          }
        },
        "n_7": {
          "confidence": {
            "prob": 1.0,
            "state": "",
            "who": [
              "user:Ashish"
            ]
          },
          "recName": "Interleukin-23 receptor",
          "source": {
            "id": "Q14765",
            "name": "protein",
            "url": "http://www.uniprot.org/uniprot/Q14765"
          }
        }
      },
      "offsets": [
        {
          "start": 1232,
          "text": "IL-23R"
        }
      ],
      "part": "s2p1"
    },
    {
      "classId": "e_1",
      "confidence": {
        "prob": 1.0,
        "state": "",
        "who": [
          "ml:GNormPlus"
        ]
      },
      "fields": {},
      "normalizations": {
        "n_6": {
          "confidence": {
            "prob": 1.0,
            "state": "",
            "who": [
              "ml:GNormPlus"
            ]
          },
          "recName": "IL23R",
          "source": {
            "id": "149233",
            "name": "gene",
            "url": "http://www.ncbi.nlm.nih.gov/gene/149233"
          }
        },
        "n_7": {
          "confidence": {
            "prob": 1.0,
            "state": "",
            "who": [
              "user:Ashish"
            ]
          },
          "recName": "Interleukin-23 receptor",
          "source": {
            "id": "Q14765",
            "name": "protein",
            "url": "http://www.uniprot.org/uniprot/Q14765"
          }
        }
      },
      "offsets": [
        {
          "start": 1279,
          "text": "IL-23R"
        }
      ],
      "part": "s2p1"
    }
  ],
  "metas": {},
  "relations": [
    {
      "classId": "r_4",
      "confidence": {
        "prob": 1,
        "state": "",
        "who": [
          "user:Ashish"
        ]
      },
      "directed": false,
      "entities": [
        "s2p1|1064,1070",
        "s2p1|1145,1150"
      ],
      "type": "linked"
    }
  ],
  "sources": [
    {
      "id": "12023369",
      "name": "MEDLINE",
      "url": "http://ncbi.nlm.nih.gov/pubmed/12023369"
    },
    {
      "id": "12023369",
      "name": "PMID",
      "url": "http://www.ncbi.nlm.nih.gov/pubmed/12023369"
    }
  ]
}