{
  "anncomplete": true,
  "annotatable": {
    "parts": [
      "s1h1",
      "s2h1",
      "s2p1"
    ]
  },
  "entities": [
    {
      "classId": "e_1",
      "confidence": {
        "prob": 1.0,
        "state": "",
        "who": [
          "ml:GNormPlus"
        ]
      },
      "fields": {},
      "normalizations": {
        "n_6": {
          "confidence": {
            "prob": 1.0,
            "state": "",
            "who": [
              "ml:GNormPlus"
            ]
          },
          "recName": "STK3",
          "source": {
            "id": "6788",
            "name": "gene",
            "url": "http://www.ncbi.nlm.nih.gov/gene/6788"
          }
        },
        "n_7": {
          "confidence": {
            "prob": 1.0,
            "state": "",
            "who": [
              "user:Ashish"
            ]
          },
          "recName": "Serine/threonine-protein kinase 3",
          "source": {
            "id": "Q13188",
            "name": "protein",
            "url": "http://www.uniprot.org/uniprot/Q13188"
          }
        }
      },
      "offsets": [
        {
          "start": 10,
          "text": "MST2"
        }
      ],
      "part": "s1h1"
    },
    {
      "classId": "e_1",
      "confidence": {
        "prob": 1.0,
        "state": "",
        "who": [
          "ml:GNormPlus"
        ]
      },
      "fields": {},
      "normalizations": {
        "n_6": {
          "confidence": {
            "prob": 1.0,
            "state": "",
            "who": [
              "ml:GNormPlus"
            ]
          },
          "recName": "STK3",
          "source": {
            "id": "6788",
            "name": "gene",
            "url": "http://www.ncbi.nlm.nih.gov/gene/6788"
          }
        },
        "n_7": {
          "confidence": {
            "prob": 1.0,
            "state": "",
            "who": [
              "user:Ashish"
            ]
          },
          "recName": "Serine/threonine-protein kinase 3",
          "source": {
            "id": "P03372",
            "name": "protein",
            "url": "http://www.uniprot.org/uniprot/P03372"
          }
        }
      },
      "offsets": [
        {
          "start": 10,
          "text": "MST2"
        }
      ],
      "part": "s2p1"
    },
    {
      "classId": "e_1",
      "confidence": {
        "prob": 1.0,
        "state": "",
        "who": [
          "ml:GNormPlus"
        ]
      },
      "fields": {},
      "normalizations": {
        "n_6": {
          "confidence": {
            "prob": 1.0,
            "state": "",
            "who": [
              "ml:GNormPlus"
            ]
          },
          "recName": "STK3",
          "source": {
            "id": "6788",
            "name": "gene",
            "url": "http://www.ncbi.nlm.nih.gov/gene/6788"
          }
        },
        "n_7": {
          "confidence": {
            "prob": 1.0,
            "state": "",
            "who": [
              "user:Ashish"
            ]
          },
          "recName": "Serine/threonine-protein kinase 3",
          "source": {
            "id": "P03372",
            "name": "protein",
            "url": "http://www.uniprot.org/uniprot/P03372"
          }
        }
      },
      "offsets": [
        {
          "start": 131,
          "text": "MST2"
        }
      ],
      "part": "s2p1"
    },
    {
      "classId": "e_2",
      "confidence": {
        "prob": 1.0,
        "state": "",
        "who": [
          "ml:GNormPlus"
        ]
      },
      "fields": {},
      "normalizations": {
        "n_6": {
          "confidence": {
            "prob": 1.0,
            "state": "",
            "who": [
              "ml:GNormPlus"
            ]
          },
          "recName": "ESR1",
          "source": {
            "id": "2099",
            "name": "gene",
            "url": "http://www.ncbi.nlm.nih.gov/gene/2099"
          }
        },
        "n_7": {
          "confidence": {
            "prob": 1.0,
            "state": "",
            "who": [
              "user:Ashish"
            ]
          },
          "recName": "Estrogen receptor",
          "source": {
            "id": "P03372",
            "name": "protein",
            "url": "http://www.uniprot.org/uniprot/P03372"
          }
        }
      },
      "offsets": [
        {
          "start": 151,
          "text": "estrogen receptor a"
        }
      ],
      "part": "s2p1"
    },
    {
      "classId": "e_2",
      "confidence": {
        "prob": 1.0,
        "state": "",
        "who": [
          "ml:GNormPlus"
        ]
      },
      "fields": {},
      "normalizations": {
        "n_6": {
          "confidence": {
            "prob": 1.0,
            "state": "",
            "who": [
              "ml:GNormPlus"
            ]
          },
          "recName": "ESR1",
          "source": {
            "id": "2099",
            "name": "gene",
            "url": "http://www.ncbi.nlm.nih.gov/gene/2099"
          }
        },
        "n_7": {
          "confidence": {
            "prob": 1.0,
            "state": "",
            "who": [
              "user:Ashish"
            ]
          },
          "recName": "Estrogen receptor",
          "source": {
            "id": "P03372",
            "name": "protein",
            "url": "http://www.uniprot.org/uniprot/P03372"
          }
        }
      },
      "offsets": [
        {
          "start": 172,
          "text": "ERa"
        }
      ],
      "part": "s2p1"
    },
    {
      "classId": "e_1",
      "confidence": {
        "prob": 1.0,
        "state": "",
        "who": [
          "ml:GNormPlus"
        ]
      },
      "fields": {},
      "normalizations": {
        "n_6": {
          "confidence": {
            "prob": 1.0,
            "state": "",
            "who": [
              "ml:GNormPlus"
            ]
          },
          "recName": "STK3",
          "source": {
            "id": "6788",
            "name": "gene",
            "url": "http://www.ncbi.nlm.nih.gov/gene/6788"
          }
        },
        "n_7": {
          "confidence": {
            "prob": 1.0,
            "state": "",
            "who": [
              "user:Ashish"
            ]
          },
          "recName": "Serine/threonine-protein kinase 3",
          "source": {
            "id": "P03372",
            "name": "protein",
            "url": "http://www.uniprot.org/uniprot/P03372"
          }
        }
      },
      "offsets": [
        {
          "start": 204,
          "text": "MST2"
        }
      ],
      "part": "s2p1"
    },
    {
      "classId": "e_1",
      "confidence": {
        "prob": 1.0,
        "state": "",
        "who": [
          "ml:GNormPlus"
        ]
      },
      "fields": {},
      "normalizations": {
        "n_6": {
          "confidence": {
            "prob": 1.0,
            "state": "",
            "who": [
              "ml:GNormPlus"
            ]
          },
          "recName": "SAV1",
          "source": {
            "id": "60485",
            "name": "gene",
            "url": "http://www.ncbi.nlm.nih.gov/gene/60485"
          }
        },
        "n_7": {
          "confidence": {
            "prob": 1.0,
            "state": "",
            "who": [
              "user:Ashish"
            ]
          },
          "recName": "Protein salvador homolog 1",
          "source": {
            "id": "Q9H4B6",
            "name": "protein",
            "url": "http://www.uniprot.org/uniprot/Q9H4B6"
          }
        }
      },
      "offsets": [
        {
          "start": 249,
          "text": "hSAV"
        }
      ],
      "part": "s2p1"
    },
    {
      "classId": "e_1",
      "confidence": {
        "prob": 1.0,
        "state": "",
        "who": [
          "ml:GNormPlus"
        ]
      },
      "fields": {},
      "normalizations": {
        "n_6": {
          "confidence": {
            "prob": 1.0,
            "state": "",
            "who": [
              "ml:GNormPlus"
            ]
          },
          "recName": "STK3",
          "source": {
            "id": "6788",
            "name": "gene",
            "url": "http://www.ncbi.nlm.nih.gov/gene/6788"
          }
        },
        "n_7": {
          "confidence": {
            "prob": 1.0,
            "state": "",
            "who": [
              "user:Ashish"
            ]
          },
          "recName": "Serine/threonine-protein kinase 3",
          "source": {
            "id": "Q9H4B6",
            "name": "protein",
            "url": "http://www.uniprot.org/uniprot/Q9H4B6"
          }
        }
      },
      "offsets": [
        {
          "start": 314,
          "text": "MST2"
        }
      ],
      "part": "s2p1"
    },
    {
      "classId": "e_1",
      "confidence": {
        "prob": 1.0,
        "state": "",
        "who": [
          "ml:GNormPlus"
        ]
      },
      "fields": {},
      "normalizations": {
        "n_6": {
          "confidence": {
            "prob": 1.0,
            "state": "",
            "who": [
              "ml:GNormPlus"
            ]
          },
          "recName": "SAV1",
          "source": {
            "id": "60485",
            "name": "gene",
            "url": "http://www.ncbi.nlm.nih.gov/gene/60485"
          }
        },
        "n_7": {
          "confidence": {
            "prob": 1.0,
            "state": "",
            "who": [
              "user:Ashish"
            ]
          },
          "recName": "Protein salvador homolog 1",
          "source": {
            "id": "Q9H4B6",
            "name": "protein",
            "url": "http://www.uniprot.org/uniprot/Q9H4B6"
          }
        }
      },
      "offsets": [
        {
          "start": 323,
          "text": "hSAV"
        }
      ],
      "part": "s2p1"
    },
    {
      "classId": "e_2",
      "confidence": {
        "prob": 1.0,
        "state": "",
        "who": [
          "ml:GNormPlus"
        ]
      },
      "fields": {},
      "normalizations": {
        "n_6": {
          "confidence": {
            "prob": 1.0,
            "state": "",
            "who": [
              "ml:GNormPlus"
            ]
          },
          "recName": "ESR1",
          "source": {
            "id": "2099",
            "name": "gene",
            "url": "http://www.ncbi.nlm.nih.gov/gene/2099"
          }
        },
        "n_7": {
          "confidence": {
            "prob": 1.0,
            "state": "",
            "who": [
              "user:Ashish"
            ]
          },
          "recName": "Estrogen receptor",
          "source": {
            "id": "Q9H4B6",
            "name": "protein",
            "url": "http://www.uniprot.org/uniprot/Q9H4B6"
          }
        }
      },
      "offsets": [
        {
          "start": 370,
          "text": "ERa"
        }
      ],
      "part": "s2p1"
    },
    {
      "classId": "e_1",
      "confidence": {
        "prob": 1.0,
        "state": "",
        "who": [
          "ml:GNormPlus"
        ]
      },
      "fields": {},
      "normalizations": {
        "n_6": {
          "confidence": {
            "prob": 1.0,
            "state": "",
            "who": [
              "ml:GNormPlus"
            ]
          },
          "recName": "SAV1",
          "source": {
            "id": "60485",
            "name": "gene",
            "url": "http://www.ncbi.nlm.nih.gov/gene/60485"
          }
        },
        "n_7": {
          "confidence": {
            "prob": 1.0,
            "state": "",
            "who": [
              "user:Ashish"
            ]
          },
          "recName": "Protein salvador homolog 1",
          "source": {
            "id": "Q9H4B6",
            "name": "protein",
            "url": "http://www.uniprot.org/uniprot/Q9H4B6"
          }
        }
      },
      "offsets": [
        {
          "start": 451,
          "text": "hSAV"
        }
      ],
      "part": "s2p1"
    },
    {
      "classId": "e_1",
      "confidence": {
        "prob": 1.0,
        "state": "",
        "who": [
          "ml:GNormPlus"
        ]
      },
      "fields": {},
      "normalizations": {
        "n_6": {
          "confidence": {
            "prob": 1.0,
            "state": "",
            "who": [
              "ml:GNormPlus"
            ]
          },
          "recName": "SAV1",
          "source": {
            "id": "60485",
            "name": "gene",
            "url": "http://www.ncbi.nlm.nih.gov/gene/60485"
          }
        },
        "n_7": {
          "confidence": {
            "prob": 1.0,
            "state": "",
            "who": [
              "user:Ashish"
            ]
          },
          "recName": "Protein salvador homolog 1",
          "source": {
            "id": "Q9H4B6",
            "name": "protein",
            "url": "http://www.uniprot.org/uniprot/Q9H4B6"
          }
        }
      },
      "offsets": [
        {
          "start": 497,
          "text": "hSAV"
        }
      ],
      "part": "s2p1"
    },
    {
      "classId": "e_1",
      "confidence": {
        "prob": 1.0,
        "state": "",
        "who": [
          "ml:GNormPlus"
        ]
      },
      "fields": {},
      "normalizations": {
        "n_6": {
          "confidence": {
            "prob": 1.0,
            "state": "",
            "who": [
              "ml:GNormPlus"
            ]
          },
          "recName": "SAV1",
          "source": {
            "id": "60485",
            "name": "gene",
            "url": "http://www.ncbi.nlm.nih.gov/gene/60485"
          }
        },
        "n_7": {
          "confidence": {
            "prob": 1.0,
            "state": "",
            "who": [
              "user:Ashish"
            ]
          },
          "recName": "Protein salvador homolog 1",
          "source": {
            "id": "Q9H4B6",
            "name": "protein",
            "url": "http://www.uniprot.org/uniprot/Q9H4B6"
          }
        }
      },
      "offsets": [
        {
          "start": 538,
          "text": "hSAV"
        }
      ],
      "part": "s2p1"
    },
    {
      "classId": "e_2",
      "confidence": {
        "prob": 1.0,
        "state": "",
        "who": [
          "ml:GNormPlus"
        ]
      },
      "fields": {},
      "normalizations": {
        "n_6": {
          "confidence": {
            "prob": 1.0,
            "state": "",
            "who": [
              "ml:GNormPlus"
            ]
          },
          "recName": "ESR1",
          "source": {
            "id": "2099",
            "name": "gene",
            "url": "http://www.ncbi.nlm.nih.gov/gene/2099"
          }
        },
        "n_7": {
          "confidence": {
            "prob": 1.0,
            "state": "",
            "who": [
              "user:Ashish"
            ]
          },
          "recName": "Estrogen receptor",
          "source": {
            "id": "Q9H4B6",
            "name": "protein",
            "url": "http://www.uniprot.org/uniprot/Q9H4B6"
          }
        }
      },
      "offsets": [
        {
          "start": 592,
          "text": "ERa"
        }
      ],
      "part": "s2p1"
    },
    {
      "classId": "e_1",
      "confidence": {
        "prob": 1.0,
        "state": "",
        "who": [
          "ml:GNormPlus"
        ]
      },
      "fields": {},
      "normalizations": {
        "n_6": {
          "confidence": {
            "prob": 1.0,
            "state": "",
            "who": [
              "ml:GNormPlus"
            ]
          },
          "recName": "SAV1",
          "source": {
            "id": "60485",
            "name": "gene",
            "url": "http://www.ncbi.nlm.nih.gov/gene/60485"
          }
        },
        "n_7": {
          "confidence": {
            "prob": 1.0,
            "state": "",
            "who": [
              "user:Ashish"
            ]
          },
          "recName": "Protein salvador homolog 1",
          "source": {
            "id": "Q9H4B6",
            "name": "protein",
            "url": "http://www.uniprot.org/uniprot/Q9H4B6"
          }
        }
      },
      "offsets": [
        {
          "start": 631,
          "text": "hSAV"
        }
      ],
      "part": "s2p1"
    },
    {
      "classId": "e_1",
      "confidence": {
        "prob": 1.0,
        "state": "",
        "who": [
          "ml:GNormPlus"
        ]
      },
      "fields": {},
      "normalizations": {
        "n_6": {
          "confidence": {
            "prob": 1.0,
            "state": "",
            "who": [
              "ml:GNormPlus"
            ]
          },
          "recName": "STK3",
          "source": {
            "id": "6788",
            "name": "gene",
            "url": "http://www.ncbi.nlm.nih.gov/gene/6788"
          }
        },
        "n_7": {
          "confidence": {
            "prob": 1.0,
            "state": "",
            "who": [
              "user:Ashish"
            ]
          },
          "recName": "Serine/threonine-protein kinase 3",
          "source": {
            "id": "Q9H4B6",
            "name": "protein",
            "url": "http://www.uniprot.org/uniprot/Q9H4B6"
          }
        }
      },
      "offsets": [
        {
          "start": 640,
          "text": "MST2"
        }
      ],
      "part": "s2p1"
    },
    {
      "classId": "e_2",
      "confidence": {
        "prob": 1.0,
        "state": "",
        "who": [
          "ml:GNormPlus"
        ]
      },
      "fields": {},
      "normalizations": {
        "n_6": {
          "confidence": {
            "prob": 1.0,
            "state": "",
            "who": [
              "ml:GNormPlus"
            ]
          },
          "recName": "ESR1",
          "source": {
            "id": "2099",
            "name": "gene",
            "url": "http://www.ncbi.nlm.nih.gov/gene/2099"
          }
        },
        "n_7": {
          "confidence": {
            "prob": 1.0,
            "state": "",
            "who": [
              "user:Ashish"
            ]
          },
          "recName": "Estrogen receptor",
          "source": {
            "id": "Q9H4B6",
            "name": "protein",
            "url": "http://www.uniprot.org/uniprot/Q9H4B6"
          }
        }
      },
      "offsets": [
        {
          "start": 679,
          "text": "ERa"
        }
      ],
      "part": "s2p1"
    },
    {
      "classId": "e_2",
      "confidence": {
        "prob": 1.0,
        "state": "",
        "who": [
          "ml:GNormPlus"
        ]
      },
      "fields": {},
      "normalizations": {
        "n_6": {
          "confidence": {
            "prob": 1.0,
            "state": "",
            "who": [
              "ml:GNormPlus"
            ]
          },
          "recName": "ESR1",
          "source": {
            "id": "2099",
            "name": "gene",
            "url": "http://www.ncbi.nlm.nih.gov/gene/2099"
          }
        },
        "n_7": {
          "confidence": {
            "prob": 1.0,
            "state": "",
            "who": [
              "user:Ashish"
            ]
          },
          "recName": "Estrogen receptor",
          "source": {
            "id": "Q9H4B6",
            "name": "protein",
            "url": "http://www.uniprot.org/uniprot/Q9H4B6"
          }
        }
      },
      "offsets": [
        {
          "start": 728,
          "text": "ERa"
        }
      ],
      "part": "s2p1"
    },
    {
      "classId": "e_1",
      "confidence": {
        "prob": 1.0,
        "state": "",
        "who": [
          "ml:GNormPlus"
        ]
      },
      "fields": {},
      "normalizations": {
        "n_6": {
          "confidence": {
            "prob": 1.0,
            "state": "",
            "who": [
              "ml:GNormPlus"
            ]
          },
          "recName": "STK3",
          "source": {
            "id": "6788",
            "name": "gene",
            "url": "http://www.ncbi.nlm.nih.gov/gene/6788"
          }
        },
        "n_7": {
          "confidence": {
            "prob": 1.0,
            "state": "",
            "who": [
              "user:Ashish"
            ]
          },
          "recName": "Serine/threonine-protein kinase 3",
          "source": {
            "id": "Q9H4B6",
            "name": "protein",
            "url": "http://www.uniprot.org/uniprot/Q9H4B6"
          }
        }
      },
      "offsets": [
        {
          "start": 782,
          "text": "MST2"
        }
      ],
      "part": "s2p1"
    },
    {
      "classId": "e_2",
      "confidence": {
        "prob": 1.0,
        "state": "",
        "who": [
          "ml:GNormPlus"
        ]
      },
      "fields": {},
      "normalizations": {
        "n_6": {
          "confidence": {
            "prob": 1.0,
            "state": "",
            "who": [
              "ml:GNormPlus"
            ]
          },
          "recName": "ESR1",
          "source": {
            "id": "2099",
            "name": "gene",
            "url": "http://www.ncbi.nlm.nih.gov/gene/2099"
          }
        },
        "n_7": {
          "confidence": {
            "prob": 1.0,
            "state": "",
            "who": [
              "user:Ashish"
            ]
          },
          "recName": "Estrogen receptor",
          "source": {
            "id": "Q9H4B6",
            "name": "protein",
            "url": "http://www.uniprot.org/uniprot/Q9H4B6"
          }
        }
      },
      "offsets": [
        {
          "start": 791,
          "text": "ERa"
        }
      ],
      "part": "s2p1"
    },
    {
      "classId": "e_1",
      "confidence": {
        "prob": 1.0,
        "state": "",
        "who": [
          "ml:GNormPlus"
        ]
      },
      "fields": {},
      "normalizations": {
        "n_6": {
          "confidence": {
            "prob": 1.0,
            "state": "",
            "who": [
              "ml:GNormPlus"
            ]
          },
          "recName": "STK3",
          "source": {
            "id": "6788",
            "name": "gene",
            "url": "http://www.ncbi.nlm.nih.gov/gene/6788"
          }
        },
        "n_7": {
          "confidence": {
            "prob": 1.0,
            "state": "",
            "who": [
              "user:Ashish"
            ]
          },
          "recName": "Serine/threonine-protein kinase 3",
          "source": {
            "id": "Q9H4B6",
            "name": "protein",
            "url": "http://www.uniprot.org/uniprot/Q9H4B6"
          }
        }
      },
      "offsets": [
        {
          "start": 953,
          "text": "MST2"
        }
      ],
      "part": "s2p1"
    },
    {
      "classId": "e_1",
      "confidence": {
        "prob": 1.0,
        "state": "",
        "who": [
          "ml:GNormPlus"
        ]
      },
      "fields": {},
      "normalizations": {
        "n_6": {
          "confidence": {
            "prob": 1.0,
            "state": "",
            "who": [
              "ml:GNormPlus"
            ]
          },
          "recName": "STK3",
          "source": {
            "id": "6788",
            "name": "gene",
            "url": "http://www.ncbi.nlm.nih.gov/gene/6788"
          }
        },
        "n_7": {
          "confidence": {
            "prob": 1.0,
            "state": "",
            "who": [
              "user:Ashish"
            ]
          },
          "recName": "Serine/threonine-protein kinase 3",
          "source": {
            "id": "Q9H4B6",
            "name": "protein",
            "url": "http://www.uniprot.org/uniprot/Q9H4B6"
          }
        }
      },
      "offsets": [
        {
          "start": 992,
          "text": "MST2"
        }
      ],
      "part": "s2p1"
    },
    {
      "classId": "e_2",
      "confidence": {
        "prob": 1.0,
        "state": "",
        "who": [
          "ml:GNormPlus"
        ]
      },
      "fields": {},
      "normalizations": {
        "n_6": {
          "confidence": {
            "prob": 1.0,
            "state": "",
            "who": [
              "ml:GNormPlus"
            ]
          },
          "recName": "ESR1",
          "source": {
            "id": "2099",
            "name": "gene",
            "url": "http://www.ncbi.nlm.nih.gov/gene/2099"
          }
        },
        "n_7": {
          "confidence": {
            "prob": 1.0,
            "state": "",
            "who": [
              "user:Ashish"
            ]
          },
          "recName": "Estrogen receptor",
          "source": {
            "id": "Q9H4B6",
            "name": "protein",
            "url": "http://www.uniprot.org/uniprot/Q9H4B6"
          }
        }
      },
      "offsets": [
        {
          "start": 1010,
          "text": "ERa"
        }
      ],
      "part": "s2p1"
    },
    {
      "classId": "e_1",
      "confidence": {
        "prob": 1.0,
        "state": "",
        "who": [
          "ml:GNormPlus"
        ]
      },
      "fields": {},
      "normalizations": {
        "n_6": {
          "confidence": {
            "prob": 1.0,
            "state": "",
            "who": [
              "ml:GNormPlus"
            ]
          },
          "recName": "STK3",
          "source": {
            "id": "6788",
            "name": "gene",
            "url": "http://www.ncbi.nlm.nih.gov/gene/6788"
          }
        },
        "n_7": {
          "confidence": {
            "prob": 1.0,
            "state": "",
            "who": [
              "user:Ashish"
            ]
          },
          "recName": "Serine/threonine-protein kinase 3",
          "source": {
            "id": "Q9H4B6",
            "name": "protein",
            "url": "http://www.uniprot.org/uniprot/Q9H4B6"
          }
        }
      },
      "offsets": [
        {
          "start": 1070,
          "text": "MST2"
        }
      ],
      "part": "s2p1"
    },
    {
      "classId": "e_2",
      "confidence": {
        "prob": 1.0,
        "state": "",
        "who": [
          "ml:GNormPlus"
        ]
      },
      "fields": {},
      "normalizations": {
        "n_6": {
          "confidence": {
            "prob": 1.0,
            "state": "",
            "who": [
              "ml:GNormPlus"
            ]
          },
          "recName": "ESR1",
          "source": {
            "id": "2099",
            "name": "gene",
            "url": "http://www.ncbi.nlm.nih.gov/gene/2099"
          }
        },
        "n_7": {
          "confidence": {
            "prob": 1.0,
            "state": "",
            "who": [
              "user:Ashish"
            ]
          },
          "recName": "Estrogen receptor",
          "source": {
            "id": "Q9H4B6",
            "name": "protein",
            "url": "http://www.uniprot.org/uniprot/Q9H4B6"
          }
        }
      },
      "offsets": [
        {
          "start": 1088,
          "text": "ERa"
        }
      ],
      "part": "s2p1"
    },
    {
      "classId": "e_1",
      "confidence": {
        "prob": 1.0,
        "state": "",
        "who": [
          "ml:GNormPlus"
        ]
      },
      "fields": {},
      "normalizations": {
        "n_6": {
          "confidence": {
            "prob": 1.0,
            "state": "",
            "who": [
              "ml:GNormPlus"
            ]
          },
          "recName": "SAV1",
          "source": {
            "id": "60485",
            "name": "gene",
            "url": "http://www.ncbi.nlm.nih.gov/gene/60485"
          }
        },
        "n_7": {
          "confidence": {
            "prob": 1.0,
            "state": "",
            "who": [
              "user:Ashish"
            ]
          },
          "recName": "Protein salvador homolog 1",
          "source": {
            "id": "Q9H4B6",
            "name": "protein",
            "url": "http://www.uniprot.org/uniprot/Q9H4B6"
          }
        }
      },
      "offsets": [
        {
          "start": 1150,
          "text": "hSAV"
        }
      ],
      "part": "s2p1"
    },
    {
      "classId": "e_2",
      "confidence": {
        "prob": 1.0,
        "state": "",
        "who": [
          "ml:GNormPlus"
        ]
      },
      "fields": {},
      "normalizations": {
        "n_6": {
          "confidence": {
            "prob": 1.0,
            "state": "",
            "who": [
              "ml:GNormPlus"
            ]
          },
          "recName": "ESR1",
          "source": {
            "id": "2099",
            "name": "gene",
            "url": "http://www.ncbi.nlm.nih.gov/gene/2099"
          }
        },
        "n_7": {
          "confidence": {
            "prob": 1.0,
            "state": "",
            "who": [
              "user:Ashish"
            ]
          },
          "recName": "Estrogen receptor",
          "source": {
            "id": "Q9H4B6",
            "name": "protein",
            "url": "http://www.uniprot.org/uniprot/Q9H4B6"
          }
        }
      },
      "offsets": [
        {
          "start": 1185,
          "text": "ERa"
        }
      ],
      "part": "s2p1"
    }
  ],
  "metas": {},
  "relations": [
    {
      "classId": "r_4",
      "confidence": {
        "prob": 1,
        "state": "",
        "who": [
          "user:Ashish"
        ]
      },
      "directed": false,
      "entities": [
        "s2p1|151,170",
        "s2p1|204,208"
      ],
      "type": "linked"
    },
    {
      "classId": "r_4",
      "confidence": {
        "prob": 1,
        "state": "",
        "who": [
          "user:Ashish"
        ]
      },
      "directed": false,
      "entities": [
        "s2p1|151,170",
        "s2p1|249,253"
      ],
      "type": "linked"
    },
    {
      "classId": "r_4",
      "confidence": {
        "prob": 1,
        "state": "",
        "who": [
          "user:Ashish"
        ]
      },
      "directed": false,
      "entities": [
        "s2p1|172,175",
        "s2p1|204,208"
      ],
      "type": "linked"
    },
    {
      "classId": "r_4",
      "confidence": {
        "prob": 1,
        "state": "",
        "who": [
          "user:Ashish"
        ]
      },
      "directed": false,
      "entities": [
        "s2p1|172,175",
        "s2p1|249,253"
      ],
      "type": "linked"
    }
  ],
  "sources": [
    {
      "id": "21104395",
      "name": "MEDLINE",
      "url": "http://ncbi.nlm.nih.gov/pubmed/21104395"
    },
    {
      "id": "21104395",
      "name": "PMID",
      "url": "http://www.ncbi.nlm.nih.gov/pubmed/21104395"
    }
  ]
}