{
  "anncomplete": true,
  "annotatable": {
    "parts": [
      "s1h1",
      "s2h1",
      "s2p1"
    ]
  },
  "entities": [
    {
      "classId": "e_1",
      "confidence": {
        "prob": 1.0,
        "state": "",
        "who": [
          "ml:GNormPlus"
        ]
      },
      "fields": {},
      "normalizations": {
        "n_6": {
          "confidence": {
            "prob": 1.0,
            "state": "",
            "who": [
              "ml:GNormPlus"
            ]
          },
          "recName": "Cbfb",
          "source": {
            "id": "12400",
            "name": "gene",
            "url": "http://www.ncbi.nlm.nih.gov/gene/12400"
          }
        },
        "n_7": {
          "confidence": {
            "prob": 1.0,
            "state": "",
            "who": [
              "user:Ashish"
            ]
          },
          "recName": "Core-binding factor subunit beta",
          "source": {
            "id": "Q08024",
            "name": "protein",
            "url": "http://www.uniprot.org/uniprot/Q08024"
          }
        }
      },
      "offsets": [
        {
          "start": 139,
          "text": "CBFbeta"
        }
      ],
      "part": "s2p1"
    },
    {
      "classId": "e_2",
      "confidence": {
        "prob": 1,
        "state": "",
        "who": [
          "ml:GNormPlus"
        ]
      },
      "fields": {},
      "normalizations": {},
      "offsets": [
        {
          "start": 454,
          "text": "myeloid ELF-1-like factor"
        }
      ],
      "part": "s2p1"
    },
    {
      "classId": "e_2",
      "confidence": {
        "prob": 1.0,
        "state": "",
        "who": [
          "ml:GNormPlus"
        ]
      },
      "fields": {},
      "normalizations": {
        "n_6": {
          "confidence": {
            "prob": 1.0,
            "state": "",
            "who": [
              "ml:GNormPlus"
            ]
          },
          "recName": "Runx1t1",
          "source": {
            "id": "12395",
            "name": "gene",
            "url": "http://www.ncbi.nlm.nih.gov/gene/12395"
          }
        },
        "n_7": {
          "confidence": {
            "prob": 1.0,
            "state": "",
            "who": [
              "user:Ashish"
            ]
          },
          "recName": "Protein CBFA2T1",
          "source": {
            "id": "Q61909",
            "name": "protein",
            "url": "http://www.uniprot.org/uniprot/Q61909"
          }
        }
      },
      "offsets": [
        {
          "start": 786,
          "text": "ETO"
        }
      ],
      "part": "s2p1"
    },
    {
      "classId": "e_2",
      "confidence": {
        "prob": 1.0,
        "state": "",
        "who": [
          "ml:GNormPlus"
        ]
      },
      "fields": {},
      "normalizations": {
        "n_6": {
          "confidence": {
            "prob": 1.0,
            "state": "",
            "who": [
              "ml:GNormPlus"
            ]
          },
          "recName": "Runx1t1",
          "source": {
            "id": "12395",
            "name": "gene",
            "url": "http://www.ncbi.nlm.nih.gov/gene/12395"
          }
        },
        "n_7": {
          "confidence": {
            "prob": 1.0,
            "state": "",
            "who": [
              "user:Ashish"
            ]
          },
          "recName": "Protein CBFA2T1",
          "source": {
            "id": "Q61909",
            "name": "protein",
            "url": "http://www.uniprot.org/uniprot/Q61909"
          }
        }
      },
      "offsets": [
        {
          "start": 1296,
          "text": "ETO"
        }
      ],
      "part": "s2p1"
    },
    {
      "classId": "e_2",
      "confidence": {
        "prob": 1.0,
        "state": "",
        "who": [
          "ml:GNormPlus"
        ]
      },
      "fields": {},
      "normalizations": {
        "n_6": {
          "confidence": {
            "prob": 1.0,
            "state": "",
            "who": [
              "ml:GNormPlus"
            ]
          },
          "recName": "Runx1t1",
          "source": {
            "id": "12395",
            "name": "gene",
            "url": "http://www.ncbi.nlm.nih.gov/gene/12395"
          }
        },
        "n_7": {
          "confidence": {
            "prob": 1.0,
            "state": "",
            "who": [
              "user:Ashish"
            ]
          },
          "recName": "Protein CBFA2T1",
          "source": {
            "id": "Q61909",
            "name": "protein",
            "url": "http://www.uniprot.org/uniprot/Q61909"
          }
        }
      },
      "offsets": [
        {
          "start": 1324,
          "text": "ETO"
        }
      ],
      "part": "s2p1"
    },
    {
      "classId": "e_2",
      "confidence": {
        "prob": 1.0,
        "state": "",
        "who": [
          "ml:GNormPlus"
        ]
      },
      "fields": {},
      "normalizations": {
        "n_6": {
          "confidence": {
            "prob": 1.0,
            "state": "",
            "who": [
              "ml:GNormPlus"
            ]
          },
          "recName": "Runx1t1",
          "source": {
            "id": "12395",
            "name": "gene",
            "url": "http://www.ncbi.nlm.nih.gov/gene/12395"
          }
        },
        "n_7": {
          "confidence": {
            "prob": 1.0,
            "state": "",
            "who": [
              "user:Ashish"
            ]
          },
          "recName": "Protein CBFA2T1",
          "source": {
            "id": "Q61909",
            "name": "protein",
            "url": "http://www.uniprot.org/uniprot/Q61909"
          }
        }
      },
      "offsets": [
        {
          "start": 1430,
          "text": "ETO"
        }
      ],
      "part": "s2p1"
    },
    {
      "classId": "e_2",
      "confidence": {
        "prob": 1.0,
        "state": "",
        "who": [
          "ml:GNormPlus"
        ]
      },
      "fields": {},
      "normalizations": {
        "n_6": {
          "confidence": {
            "prob": 1.0,
            "state": "",
            "who": [
              "ml:GNormPlus"
            ]
          },
          "recName": "Runx1t1",
          "source": {
            "id": "12395",
            "name": "gene",
            "url": "http://www.ncbi.nlm.nih.gov/gene/12395"
          }
        },
        "n_7": {
          "confidence": {
            "prob": 1.0,
            "state": "",
            "who": [
              "user:Ashish"
            ]
          },
          "recName": "Protein CBFA2T1",
          "source": {
            "id": "Q61909",
            "name": "protein",
            "url": "http://www.uniprot.org/uniprot/Q61909"
          }
        }
      },
      "offsets": [
        {
          "start": 1556,
          "text": "ETO"
        }
      ],
      "part": "s2p1"
    }
  ],
  "metas": {},
  "relations": [],
  "sources": [
    {
      "id": "10207087",
      "name": "MEDLINE",
      "url": "http://ncbi.nlm.nih.gov/pubmed/10207087"
    },
    {
      "id": "10207087",
      "name": "PMID",
      "url": "http://www.ncbi.nlm.nih.gov/pubmed/10207087"
    }
  ]
}
