{
  "anncomplete": true,
  "annotatable": {
    "parts": [
      "s1h1",
      "s2h1",
      "s2p1"
    ]
  },
  "entities": [
    {
      "classId": "e_1",
      "confidence": {
        "prob": 1.0,
        "state": "",
        "who": [
          "ml:GNormPlus"
        ]
      },
      "fields": {},
      "normalizations": {
        "n_6": {
          "confidence": {
            "prob": 1.0,
            "state": "",
            "who": [
              "ml:GNormPlus"
            ]
          },
          "recName": "Sirt4",
          "source": {
            "id": "75387",
            "name": "gene",
            "url": "http://www.ncbi.nlm.nih.gov/gene/75387"
          }
        },
        "n_7": {
          "confidence": {
            "prob": 1.0,
            "state": "",
            "who": [
              "user:Ashish"
            ]
          },
          "recName": "NAD-dependent protein lipoamidase sirtuin-4, mitochondrial {ECO:0000255|HAMAP-Rule:MF_03161, ECO:0000303|PubMed:25525879}",
          "source": {
            "id": "Q8R216",
            "name": "protein",
            "url": "http://www.uniprot.org/uniprot/Q8R216"
          }
        }
      },
      "offsets": [
        {
          "start": 0,
          "text": "SIRT4"
        }
      ],
      "part": "s1h1"
    },
    {
      "classId": "e_2",
      "confidence": {
        "prob": 1.0,
        "state": "",
        "who": [
          "ml:GNormPlus"
        ]
      },
      "fields": {},
      "normalizations": {
        "n_6": {
          "confidence": {
            "prob": 1.0,
            "state": "",
            "who": [
              "ml:GNormPlus"
            ]
          },
          "recName": "Ppara",
          "source": {
            "id": "19013",
            "name": "gene",
            "url": "http://www.ncbi.nlm.nih.gov/gene/19013"
          }
        },
        "n_7": {
          "confidence": {
            "prob": 1.0,
            "state": "",
            "who": [
              "user:Ashish"
            ]
          },
          "recName": "Peroxisome proliferator-activated receptor alpha",
          "source": {
            "id": "P23204",
            "name": "protein",
            "url": "http://www.uniprot.org/uniprot/P23204"
          }
        }
      },
      "offsets": [
        {
          "start": 16,
          "text": "peroxisome proliferator-activated receptor a"
        }
      ],
      "part": "s1h1"
    },
    {
      "classId": "e_1",
      "confidence": {
        "prob": 1.0,
        "state": "",
        "who": [
          "ml:GNormPlus"
        ]
      },
      "fields": {},
      "normalizations": {
        "n_6": {
          "confidence": {
            "prob": 1.0,
            "state": "",
            "who": [
              "ml:GNormPlus"
            ]
          },
          "recName": "Sirt4",
          "source": {
            "id": "75387",
            "name": "gene",
            "url": "http://www.ncbi.nlm.nih.gov/gene/75387"
          }
        },
        "n_7": {
          "confidence": {
            "prob": 1.0,
            "state": "",
            "who": [
              "user:Ashish"
            ]
          },
          "recName": "NAD-dependent protein lipoamidase sirtuin-4, mitochondrial {ECO:0000255|HAMAP-Rule:MF_03161, ECO:0000303|PubMed:25525879}",
          "source": {
            "id": "P23204",
            "name": "protein",
            "url": "http://www.uniprot.org/uniprot/P23204"
          }
        }
      },
      "offsets": [
        {
          "start": 263,
          "text": "SIRT4"
        }
      ],
      "part": "s2p1"
    },
    {
      "classId": "e_1",
      "confidence": {
        "prob": 1.0,
        "state": "",
        "who": [
          "ml:GNormPlus"
        ]
      },
      "fields": {},
      "normalizations": {
        "n_6": {
          "confidence": {
            "prob": 1.0,
            "state": "",
            "who": [
              "ml:GNormPlus"
            ]
          },
          "recName": "Sirt4",
          "source": {
            "id": "75387",
            "name": "gene",
            "url": "http://www.ncbi.nlm.nih.gov/gene/75387"
          }
        },
        "n_7": {
          "confidence": {
            "prob": 1.0,
            "state": "",
            "who": [
              "user:Ashish"
            ]
          },
          "recName": "NAD-dependent protein lipoamidase sirtuin-4, mitochondrial {ECO:0000255|HAMAP-Rule:MF_03161, ECO:0000303|PubMed:25525879}",
          "source": {
            "id": "P23204",
            "name": "protein",
            "url": "http://www.uniprot.org/uniprot/P23204"
          }
        }
      },
      "offsets": [
        {
          "start": 369,
          "text": "SIRT4"
        }
      ],
      "part": "s2p1"
    },
    {
      "classId": "e_1",
      "confidence": {
        "prob": 1.0,
        "state": "",
        "who": [
          "ml:GNormPlus"
        ]
      },
      "fields": {},
      "normalizations": {
        "n_6": {
          "confidence": {
            "prob": 1.0,
            "state": "",
            "who": [
              "ml:GNormPlus"
            ]
          },
          "recName": "Sirt4",
          "source": {
            "id": "75387",
            "name": "gene",
            "url": "http://www.ncbi.nlm.nih.gov/gene/75387"
          }
        },
        "n_7": {
          "confidence": {
            "prob": 1.0,
            "state": "",
            "who": [
              "user:Ashish"
            ]
          },
          "recName": "NAD-dependent protein lipoamidase sirtuin-4, mitochondrial {ECO:0000255|HAMAP-Rule:MF_03161, ECO:0000303|PubMed:25525879}",
          "source": {
            "id": "P23204",
            "name": "protein",
            "url": "http://www.uniprot.org/uniprot/P23204"
          }
        }
      },
      "offsets": [
        {
          "start": 428,
          "text": "SIRT4"
        }
      ],
      "part": "s2p1"
    },
    {
      "classId": "e_2",
      "confidence": {
        "prob": 1.0,
        "state": "",
        "who": [
          "ml:GNormPlus"
        ]
      },
      "fields": {},
      "normalizations": {
        "n_6": {
          "confidence": {
            "prob": 1.0,
            "state": "",
            "who": [
              "ml:GNormPlus"
            ]
          },
          "recName": "Ppara",
          "source": {
            "id": "19013",
            "name": "gene",
            "url": "http://www.ncbi.nlm.nih.gov/gene/19013"
          }
        },
        "n_7": {
          "confidence": {
            "prob": 1.0,
            "state": "",
            "who": [
              "user:Ashish"
            ]
          },
          "recName": "Peroxisome proliferator-activated receptor alpha",
          "source": {
            "id": "P23204",
            "name": "protein",
            "url": "http://www.uniprot.org/uniprot/P23204"
          }
        }
      },
      "offsets": [
        {
          "start": 484,
          "text": "peroxisome proliferator-activated receptor a"
        }
      ],
      "part": "s2p1"
    },
    {
      "classId": "e_2",
      "confidence": {
        "prob": 1.0,
        "state": "",
        "who": [
          "ml:GNormPlus"
        ]
      },
      "fields": {},
      "normalizations": {
        "n_6": {
          "confidence": {
            "prob": 1.0,
            "state": "",
            "who": [
              "ml:GNormPlus"
            ]
          },
          "recName": "Ppara",
          "source": {
            "id": "19013",
            "name": "gene",
            "url": "http://www.ncbi.nlm.nih.gov/gene/19013"
          }
        },
        "n_7": {
          "confidence": {
            "prob": 1.0,
            "state": "",
            "who": [
              "user:Ashish"
            ]
          },
          "recName": "Peroxisome proliferator-activated receptor alpha",
          "source": {
            "id": "P23204",
            "name": "protein",
            "url": "http://www.uniprot.org/uniprot/P23204"
          }
        }
      },
      "offsets": [
        {
          "start": 530,
          "text": "PPARa"
        }
      ],
      "part": "s2p1"
    },
    {
      "classId": "e_1",
      "confidence": {
        "prob": 1.0,
        "state": "",
        "who": [
          "ml:GNormPlus"
        ]
      },
      "fields": {},
      "normalizations": {
        "n_6": {
          "confidence": {
            "prob": 1.0,
            "state": "",
            "who": [
              "ml:GNormPlus"
            ]
          },
          "recName": "Sirt4",
          "source": {
            "id": "75387",
            "name": "gene",
            "url": "http://www.ncbi.nlm.nih.gov/gene/75387"
          }
        },
        "n_7": {
          "confidence": {
            "prob": 1.0,
            "state": "",
            "who": [
              "user:Ashish"
            ]
          },
          "recName": "NAD-dependent protein lipoamidase sirtuin-4, mitochondrial {ECO:0000255|HAMAP-Rule:MF_03161, ECO:0000303|PubMed:25525879}",
          "source": {
            "id": "P23204",
            "name": "protein",
            "url": "http://www.uniprot.org/uniprot/P23204"
          }
        }
      },
      "offsets": [
        {
          "start": 627,
          "text": "SIRT4"
        }
      ],
      "part": "s2p1"
    },
    {
      "classId": "e_1",
      "confidence": {
        "prob": 1.0,
        "state": "",
        "who": [
          "ml:GNormPlus"
        ]
      },
      "fields": {},
      "normalizations": {
        "n_6": {
          "confidence": {
            "prob": 1.0,
            "state": "",
            "who": [
              "ml:GNormPlus"
            ]
          },
          "recName": "Sirt4",
          "source": {
            "id": "75387",
            "name": "gene",
            "url": "http://www.ncbi.nlm.nih.gov/gene/75387"
          }
        },
        "n_7": {
          "confidence": {
            "prob": 1.0,
            "state": "",
            "who": [
              "user:Ashish"
            ]
          },
          "recName": "NAD-dependent protein lipoamidase sirtuin-4, mitochondrial {ECO:0000255|HAMAP-Rule:MF_03161, ECO:0000303|PubMed:25525879}",
          "source": {
            "id": "P23204",
            "name": "protein",
            "url": "http://www.uniprot.org/uniprot/P23204"
          }
        }
      },
      "offsets": [
        {
          "start": 729,
          "text": "SIRT4"
        }
      ],
      "part": "s2p1"
    },
    {
      "classId": "e_1",
      "confidence": {
        "prob": 1.0,
        "state": "",
        "who": [
          "ml:GNormPlus"
        ]
      },
      "fields": {},
      "normalizations": {
        "n_6": {
          "confidence": {
            "prob": 1.0,
            "state": "",
            "who": [
              "ml:GNormPlus"
            ]
          },
          "recName": "Sirt4",
          "source": {
            "id": "75387",
            "name": "gene",
            "url": "http://www.ncbi.nlm.nih.gov/gene/75387"
          }
        },
        "n_7": {
          "confidence": {
            "prob": 1.0,
            "state": "",
            "who": [
              "user:Ashish"
            ]
          },
          "recName": "NAD-dependent protein lipoamidase sirtuin-4, mitochondrial {ECO:0000255|HAMAP-Rule:MF_03161, ECO:0000303|PubMed:25525879}",
          "source": {
            "id": "P23204",
            "name": "protein",
            "url": "http://www.uniprot.org/uniprot/P23204"
          }
        }
      },
      "offsets": [
        {
          "start": 834,
          "text": "SIRT4"
        }
      ],
      "part": "s2p1"
    },
    {
      "classId": "e_1",
      "confidence": {
        "prob": 1.0,
        "state": "",
        "who": [
          "ml:GNormPlus"
        ]
      },
      "fields": {},
      "normalizations": {
        "n_6": {
          "confidence": {
            "prob": 1.0,
            "state": "",
            "who": [
              "ml:GNormPlus"
            ]
          },
          "recName": "Sirt1",
          "source": {
            "id": "93759",
            "name": "gene",
            "url": "http://www.ncbi.nlm.nih.gov/gene/93759"
          }
        },
        "n_7": {
          "confidence": {
            "prob": 1.0,
            "state": "",
            "who": [
              "user:Ashish"
            ]
          },
          "recName": "NAD-dependent protein deacetylase sirtuin-1",
          "source": {
            "id": "Q923E4",
            "name": "protein",
            "url": "http://www.uniprot.org/uniprot/Q923E4"
          }
        }
      },
      "offsets": [
        {
          "start": 875,
          "text": "SIRT1"
        }
      ],
      "part": "s2p1"
    },
    {
      "classId": "e_1",
      "confidence": {
        "prob": 1.0,
        "state": "",
        "who": [
          "ml:GNormPlus"
        ]
      },
      "fields": {},
      "normalizations": {
        "n_6": {
          "confidence": {
            "prob": 1.0,
            "state": "",
            "who": [
              "ml:GNormPlus"
            ]
          },
          "recName": "Sirt4",
          "source": {
            "id": "75387",
            "name": "gene",
            "url": "http://www.ncbi.nlm.nih.gov/gene/75387"
          }
        },
        "n_7": {
          "confidence": {
            "prob": 1.0,
            "state": "",
            "who": [
              "user:Ashish"
            ]
          },
          "recName": "NAD-dependent protein lipoamidase sirtuin-4, mitochondrial {ECO:0000255|HAMAP-Rule:MF_03161, ECO:0000303|PubMed:25525879}",
          "source": {
            "id": "Q923E4",
            "name": "protein",
            "url": "http://www.uniprot.org/uniprot/Q923E4"
          }
        }
      },
      "offsets": [
        {
          "start": 965,
          "text": "SIRT4"
        }
      ],
      "part": "s2p1"
    }
  ],
  "metas": {},
  "relations": [
    {
      "classId": "r_4",
      "confidence": {
        "prob": 1,
        "state": "",
        "who": [
          "user:Ashish"
        ]
      },
      "directed": false,
      "entities": [
        "s1h1|0,5",
        "s1h1|16,60"
      ],
      "type": "linked"
    }
  ],
  "sources": [
    {
      "id": "24043310",
      "name": "MEDLINE",
      "url": "http://ncbi.nlm.nih.gov/pubmed/24043310"
    },
    {
      "id": "24043310",
      "name": "PMID",
      "url": "http://www.ncbi.nlm.nih.gov/pubmed/24043310"
    }
  ]
}