{
  "anncomplete": true,
  "annotatable": {
    "parts": [
      "s1h1",
      "s2h1",
      "s2p1"
    ]
  },
  "entities": [
    {
      "classId": "e_1",
      "confidence": {
        "prob": 1.0,
        "state": "",
        "who": [
          "ml:GNormPlus"
        ]
      },
      "fields": {},
      "normalizations": {
        "n_6": {
          "confidence": {
            "prob": 1.0,
            "state": "",
            "who": [
              "ml:GNormPlus"
            ]
          },
          "recName": "IL6",
          "source": {
            "id": "3569",
            "name": "gene",
            "url": "http://www.ncbi.nlm.nih.gov/gene/3569"
          }
        },
        "n_7": {
          "confidence": {
            "prob": 1.0,
            "state": "",
            "who": [
              "user:Ashish"
            ]
          },
          "recName": "Interleukin-6",
          "source": {
            "id": "P05231",
            "name": "protein",
            "url": "http://www.uniprot.org/uniprot/P05231"
          }
        }
      },
      "offsets": [
        {
          "start": 26,
          "text": "interleukin 6"
        }
      ],
      "part": "s1h1"
    },
    {
      "classId": "e_1",
      "confidence": {
        "prob": 1.0,
        "state": "",
        "who": [
          "ml:GNormPlus"
        ]
      },
      "fields": {},
      "normalizations": {
        "n_6": {
          "confidence": {
            "prob": 1.0,
            "state": "",
            "who": [
              "ml:GNormPlus"
            ]
          },
          "recName": "CDK9",
          "source": {
            "id": "1025",
            "name": "gene",
            "url": "http://www.ncbi.nlm.nih.gov/gene/1025"
          }
        },
        "n_7": {
          "confidence": {
            "prob": 1.0,
            "state": "",
            "who": [
              "user:Ashish"
            ]
          },
          "recName": "Cyclin-dependent kinase 9",
          "source": {
            "id": "P50750",
            "name": "protein",
            "url": "http://www.uniprot.org/uniprot/P50750"
          }
        }
      },
      "offsets": [
        {
          "start": 50,
          "text": "CDK9"
        }
      ],
      "part": "s1h1"
    },
    {
      "classId": "e_2",
      "confidence": {
        "prob": 1.0,
        "state": "",
        "who": [
          "ml:GNormPlus"
        ]
      },
      "fields": {},
      "normalizations": {
        "n_6": {
          "confidence": {
            "prob": 1.0,
            "state": "",
            "who": [
              "ml:GNormPlus"
            ]
          },
          "recName": "STAT3",
          "source": {
            "id": "6774",
            "name": "gene",
            "url": "http://www.ncbi.nlm.nih.gov/gene/6774"
          }
        },
        "n_7": {
          "confidence": {
            "prob": 1.0,
            "state": "",
            "who": [
              "user:Ashish"
            ]
          },
          "recName": "Signal transducer and activator of transcription 3",
          "source": {
            "id": "P40763",
            "name": "protein",
            "url": "http://www.uniprot.org/uniprot/P40763"
          }
        }
      },
      "offsets": [
        {
          "start": 55,
          "text": "STAT3"
        }
      ],
      "part": "s1h1"
    },
    {
      "classId": "e_2",
      "confidence": {
        "prob": 1.0,
        "state": "",
        "who": [
          "ml:GNormPlus"
        ]
      },
      "fields": {},
      "normalizations": {
        "n_6": {
          "confidence": {
            "prob": 1.0,
            "state": "",
            "who": [
              "ml:GNormPlus"
            ]
          },
          "recName": "STAT3",
          "source": {
            "id": "6774",
            "name": "gene",
            "url": "http://www.ncbi.nlm.nih.gov/gene/6774"
          }
        },
        "n_7": {
          "confidence": {
            "prob": 1.0,
            "state": "",
            "who": [
              "user:Ashish"
            ]
          },
          "recName": "Signal transducer and activator of transcription 3",
          "source": {
            "id": "P40763",
            "name": "protein",
            "url": "http://www.uniprot.org/uniprot/P40763"
          }
        }
      },
      "offsets": [
        {
          "start": 4,
          "text": "signal transducer and activator of transcription 3"
        }
      ],
      "part": "s2p1"
    },
    {
      "classId": "e_2",
      "confidence": {
        "prob": 1.0,
        "state": "",
        "who": [
          "ml:GNormPlus"
        ]
      },
      "fields": {},
      "normalizations": {
        "n_6": {
          "confidence": {
            "prob": 1.0,
            "state": "",
            "who": [
              "ml:GNormPlus"
            ]
          },
          "recName": "STAT3",
          "source": {
            "id": "6774",
            "name": "gene",
            "url": "http://www.ncbi.nlm.nih.gov/gene/6774"
          }
        },
        "n_7": {
          "confidence": {
            "prob": 1.0,
            "state": "",
            "who": [
              "user:Ashish"
            ]
          },
          "recName": "Signal transducer and activator of transcription 3",
          "source": {
            "id": "P40763",
            "name": "protein",
            "url": "http://www.uniprot.org/uniprot/P40763"
          }
        }
      },
      "offsets": [
        {
          "start": 56,
          "text": "STAT3"
        }
      ],
      "part": "s2p1"
    },
    {
      "classId": "e_1",
      "confidence": {
        "prob": 1.0,
        "state": "",
        "who": [
          "ml:GNormPlus"
        ]
      },
      "fields": {},
      "normalizations": {
        "n_6": {
          "confidence": {
            "prob": 1.0,
            "state": "",
            "who": [
              "ml:GNormPlus"
            ]
          },
          "recName": "PMAIP1",
          "source": {
            "id": "5366",
            "name": "gene",
            "url": "http://www.ncbi.nlm.nih.gov/gene/5366"
          }
        },
        "n_7": {
          "confidence": {
            "prob": 1.0,
            "state": "",
            "who": [
              "user:Ashish"
            ]
          },
          "recName": "Phorbol-12-myristate-13-acetate-induced protein 1",
          "source": {
            "id": "Q13794",
            "name": "protein",
            "url": "http://www.uniprot.org/uniprot/Q13794"
          }
        }
      },
      "offsets": [
        {
          "start": 131,
          "text": "acute phase response"
        }
      ],
      "part": "s2p1"
    },
    {
      "classId": "e_1",
      "confidence": {
        "prob": 1.0,
        "state": "",
        "who": [
          "ml:GNormPlus"
        ]
      },
      "fields": {},
      "normalizations": {
        "n_6": {
          "confidence": {
            "prob": 1.0,
            "state": "",
            "who": [
              "ml:GNormPlus"
            ]
          },
          "recName": "PMAIP1",
          "source": {
            "id": "5366",
            "name": "gene",
            "url": "http://www.ncbi.nlm.nih.gov/gene/5366"
          }
        },
        "n_7": {
          "confidence": {
            "prob": 1.0,
            "state": "",
            "who": [
              "user:Ashish"
            ]
          },
          "recName": "Phorbol-12-myristate-13-acetate-induced protein 1",
          "source": {
            "id": "Q13794",
            "name": "protein",
            "url": "http://www.uniprot.org/uniprot/Q13794"
          }
        }
      },
      "offsets": [
        {
          "start": 153,
          "text": "APR"
        }
      ],
      "part": "s2p1"
    },
    {
      "classId": "e_1",
      "confidence": {
        "prob": 1.0,
        "state": "",
        "who": [
          "ml:GNormPlus"
        ]
      },
      "fields": {},
      "normalizations": {
        "n_6": {
          "confidence": {
            "prob": 1.0,
            "state": "",
            "who": [
              "ml:GNormPlus"
            ]
          },
          "recName": "PMAIP1",
          "source": {
            "id": "5366",
            "name": "gene",
            "url": "http://www.ncbi.nlm.nih.gov/gene/5366"
          }
        },
        "n_7": {
          "confidence": {
            "prob": 1.0,
            "state": "",
            "who": [
              "user:Ashish"
            ]
          },
          "recName": "Phorbol-12-myristate-13-acetate-induced protein 1",
          "source": {
            "id": "Q13794",
            "name": "protein",
            "url": "http://www.uniprot.org/uniprot/Q13794"
          }
        }
      },
      "offsets": [
        {
          "start": 206,
          "text": "APR"
        }
      ],
      "part": "s2p1"
    },
    {
      "classId": "e_2",
      "confidence": {
        "prob": 1.0,
        "state": "",
        "who": [
          "ml:GNormPlus"
        ]
      },
      "fields": {},
      "normalizations": {
        "n_6": {
          "confidence": {
            "prob": 1.0,
            "state": "",
            "who": [
              "ml:GNormPlus"
            ]
          },
          "recName": "STAT3",
          "source": {
            "id": "6774",
            "name": "gene",
            "url": "http://www.ncbi.nlm.nih.gov/gene/6774"
          }
        },
        "n_7": {
          "confidence": {
            "prob": 1.0,
            "state": "",
            "who": [
              "user:Ashish"
            ]
          },
          "recName": "Signal transducer and activator of transcription 3",
          "source": {
            "id": "Q13794",
            "name": "protein",
            "url": "http://www.uniprot.org/uniprot/Q13794"
          }
        }
      },
      "offsets": [
        {
          "start": 275,
          "text": "STAT3"
        }
      ],
      "part": "s2p1"
    },
    {
      "classId": "e_1",
      "confidence": {
        "prob": 1.0,
        "state": "",
        "who": [
          "ml:GNormPlus"
        ]
      },
      "fields": {},
      "normalizations": {
        "n_6": {
          "confidence": {
            "prob": 1.0,
            "state": "",
            "who": [
              "ml:GNormPlus"
            ]
          },
          "recName": "CDK9",
          "source": {
            "id": "1025",
            "name": "gene",
            "url": "http://www.ncbi.nlm.nih.gov/gene/1025"
          }
        },
        "n_7": {
          "confidence": {
            "prob": 1.0,
            "state": "",
            "who": [
              "user:Ashish"
            ]
          },
          "recName": "Cyclin-dependent kinase 9",
          "source": {
            "id": "Q13794",
            "name": "protein",
            "url": "http://www.uniprot.org/uniprot/Q13794"
          }
        }
      },
      "offsets": [
        {
          "start": 286,
          "text": "cyclin-dependent kinase 9"
        }
      ],
      "part": "s2p1"
    },
    {
      "classId": "e_1",
      "confidence": {
        "prob": 1.0,
        "state": "",
        "who": [
          "ml:GNormPlus"
        ]
      },
      "fields": {},
      "normalizations": {
        "n_6": {
          "confidence": {
            "prob": 1.0,
            "state": "",
            "who": [
              "ml:GNormPlus"
            ]
          },
          "recName": "CDK9",
          "source": {
            "id": "1025",
            "name": "gene",
            "url": "http://www.ncbi.nlm.nih.gov/gene/1025"
          }
        },
        "n_7": {
          "confidence": {
            "prob": 1.0,
            "state": "",
            "who": [
              "user:Ashish"
            ]
          },
          "recName": "Cyclin-dependent kinase 9",
          "source": {
            "id": "Q13794",
            "name": "protein",
            "url": "http://www.uniprot.org/uniprot/Q13794"
          }
        }
      },
      "offsets": [
        {
          "start": 313,
          "text": "CDK9"
        }
      ],
      "part": "s2p1"
    },
    {
      "classId": "e_2",
      "confidence": {
        "prob": 1.0,
        "state": "",
        "who": [
          "ml:GNormPlus"
        ]
      },
      "fields": {},
      "normalizations": {
        "n_6": {
          "confidence": {
            "prob": 1.0,
            "state": "",
            "who": [
              "ml:GNormPlus"
            ]
          },
          "recName": "STAT3",
          "source": {
            "id": "6774",
            "name": "gene",
            "url": "http://www.ncbi.nlm.nih.gov/gene/6774"
          }
        },
        "n_7": {
          "confidence": {
            "prob": 1.0,
            "state": "",
            "who": [
              "user:Ashish"
            ]
          },
          "recName": "Signal transducer and activator of transcription 3",
          "source": {
            "id": "Q13794",
            "name": "protein",
            "url": "http://www.uniprot.org/uniprot/Q13794"
          }
        }
      },
      "offsets": [
        {
          "start": 438,
          "text": "STAT3"
        }
      ],
      "part": "s2p1"
    },
    {
      "classId": "e_1",
      "confidence": {
        "prob": 1.0,
        "state": "",
        "who": [
          "ml:GNormPlus"
        ]
      },
      "fields": {},
      "normalizations": {
        "n_6": {
          "confidence": {
            "prob": 1.0,
            "state": "",
            "who": [
              "ml:GNormPlus"
            ]
          },
          "recName": "CDK9",
          "source": {
            "id": "1025",
            "name": "gene",
            "url": "http://www.ncbi.nlm.nih.gov/gene/1025"
          }
        },
        "n_7": {
          "confidence": {
            "prob": 1.0,
            "state": "",
            "who": [
              "user:Ashish"
            ]
          },
          "recName": "Cyclin-dependent kinase 9",
          "source": {
            "id": "Q13794",
            "name": "protein",
            "url": "http://www.uniprot.org/uniprot/Q13794"
          }
        }
      },
      "offsets": [
        {
          "start": 478,
          "text": "CDK9"
        }
      ],
      "part": "s2p1"
    },
    {
      "classId": "e_1",
      "confidence": {
        "prob": 1.0,
        "state": "",
        "who": [
          "ml:GNormPlus"
        ]
      },
      "fields": {},
      "normalizations": {
        "n_6": {
          "confidence": {
            "prob": 1.0,
            "state": "",
            "who": [
              "ml:GNormPlus"
            ]
          },
          "recName": "CDK9",
          "source": {
            "id": "1025",
            "name": "gene",
            "url": "http://www.ncbi.nlm.nih.gov/gene/1025"
          }
        },
        "n_7": {
          "confidence": {
            "prob": 1.0,
            "state": "",
            "who": [
              "user:Ashish"
            ]
          },
          "recName": "Cyclin-dependent kinase 9",
          "source": {
            "id": "Q13794",
            "name": "protein",
            "url": "http://www.uniprot.org/uniprot/Q13794"
          }
        }
      },
      "offsets": [
        {
          "start": 613,
          "text": "CDK9"
        }
      ],
      "part": "s2p1"
    },
    {
      "classId": "e_2",
      "confidence": {
        "prob": 1.0,
        "state": "",
        "who": [
          "ml:GNormPlus"
        ]
      },
      "fields": {},
      "normalizations": {
        "n_6": {
          "confidence": {
            "prob": 1.0,
            "state": "",
            "who": [
              "ml:GNormPlus"
            ]
          },
          "recName": "STAT3",
          "source": {
            "id": "6774",
            "name": "gene",
            "url": "http://www.ncbi.nlm.nih.gov/gene/6774"
          }
        },
        "n_7": {
          "confidence": {
            "prob": 1.0,
            "state": "",
            "who": [
              "user:Ashish"
            ]
          },
          "recName": "Signal transducer and activator of transcription 3",
          "source": {
            "id": "Q13794",
            "name": "protein",
            "url": "http://www.uniprot.org/uniprot/Q13794"
          }
        }
      },
      "offsets": [
        {
          "start": 618,
          "text": "STAT3"
        }
      ],
      "part": "s2p1"
    },
    {
      "classId": "e_1",
      "confidence": {
        "prob": 1.0,
        "state": "",
        "who": [
          "ml:GNormPlus"
        ]
      },
      "fields": {},
      "normalizations": {
        "n_6": {
          "confidence": {
            "prob": 1.0,
            "state": "",
            "who": [
              "ml:GNormPlus"
            ]
          },
          "recName": "CDK9",
          "source": {
            "id": "1025",
            "name": "gene",
            "url": "http://www.ncbi.nlm.nih.gov/gene/1025"
          }
        },
        "n_7": {
          "confidence": {
            "prob": 1.0,
            "state": "",
            "who": [
              "user:Ashish"
            ]
          },
          "recName": "Cyclin-dependent kinase 9",
          "source": {
            "id": "Q13794",
            "name": "protein",
            "url": "http://www.uniprot.org/uniprot/Q13794"
          }
        }
      },
      "offsets": [
        {
          "start": 834,
          "text": "CDK9"
        }
      ],
      "part": "s2p1"
    },
    {
      "classId": "e_1",
      "confidence": {
        "prob": 1.0,
        "state": "",
        "who": [
          "ml:GNormPlus"
        ]
      },
      "fields": {},
      "normalizations": {
        "n_6": {
          "confidence": {
            "prob": 1.0,
            "state": "",
            "who": [
              "ml:GNormPlus"
            ]
          },
          "recName": "CDK9",
          "source": {
            "id": "1025",
            "name": "gene",
            "url": "http://www.ncbi.nlm.nih.gov/gene/1025"
          }
        },
        "n_7": {
          "confidence": {
            "prob": 1.0,
            "state": "",
            "who": [
              "user:Ashish"
            ]
          },
          "recName": "Cyclin-dependent kinase 9",
          "source": {
            "id": "Q13794",
            "name": "protein",
            "url": "http://www.uniprot.org/uniprot/Q13794"
          }
        }
      },
      "offsets": [
        {
          "start": 913,
          "text": "CDK9"
        }
      ],
      "part": "s2p1"
    },
    {
      "classId": "e_2",
      "confidence": {
        "prob": 1.0,
        "state": "",
        "who": [
          "ml:GNormPlus"
        ]
      },
      "fields": {},
      "normalizations": {
        "n_6": {
          "confidence": {
            "prob": 1.0,
            "state": "",
            "who": [
              "ml:GNormPlus"
            ]
          },
          "recName": "STAT3",
          "source": {
            "id": "6774",
            "name": "gene",
            "url": "http://www.ncbi.nlm.nih.gov/gene/6774"
          }
        },
        "n_7": {
          "confidence": {
            "prob": 1.0,
            "state": "",
            "who": [
              "user:Ashish"
            ]
          },
          "recName": "Signal transducer and activator of transcription 3",
          "source": {
            "id": "Q13794",
            "name": "protein",
            "url": "http://www.uniprot.org/uniprot/Q13794"
          }
        }
      },
      "offsets": [
        {
          "start": 1011,
          "text": "STAT3"
        }
      ],
      "part": "s2p1"
    },
    {
      "classId": "e_1",
      "confidence": {
        "prob": 1.0,
        "state": "",
        "who": [
          "ml:GNormPlus"
        ]
      },
      "fields": {},
      "normalizations": {
        "n_6": {
          "confidence": {
            "prob": 1.0,
            "state": "",
            "who": [
              "ml:GNormPlus"
            ]
          },
          "recName": "CDK9",
          "source": {
            "id": "1025",
            "name": "gene",
            "url": "http://www.ncbi.nlm.nih.gov/gene/1025"
          }
        },
        "n_7": {
          "confidence": {
            "prob": 1.0,
            "state": "",
            "who": [
              "user:Ashish"
            ]
          },
          "recName": "Cyclin-dependent kinase 9",
          "source": {
            "id": "Q13794",
            "name": "protein",
            "url": "http://www.uniprot.org/uniprot/Q13794"
          }
        }
      },
      "offsets": [
        {
          "start": 1021,
          "text": "CDK9"
        }
      ],
      "part": "s2p1"
    },
    {
      "classId": "e_1",
      "confidence": {
        "prob": 1.0,
        "state": "",
        "who": [
          "ml:GNormPlus"
        ]
      },
      "fields": {},
      "normalizations": {
        "n_6": {
          "confidence": {
            "prob": 1.0,
            "state": "",
            "who": [
              "ml:GNormPlus"
            ]
          },
          "recName": "CDK9",
          "source": {
            "id": "1025",
            "name": "gene",
            "url": "http://www.ncbi.nlm.nih.gov/gene/1025"
          }
        },
        "n_7": {
          "confidence": {
            "prob": 1.0,
            "state": "",
            "who": [
              "user:Ashish"
            ]
          },
          "recName": "Cyclin-dependent kinase 9",
          "source": {
            "id": "Q13794",
            "name": "protein",
            "url": "http://www.uniprot.org/uniprot/Q13794"
          }
        }
      },
      "offsets": [
        {
          "start": 1312,
          "text": "CDK9"
        }
      ],
      "part": "s2p1"
    },
    {
      "classId": "e_2",
      "confidence": {
        "prob": 1.0,
        "state": "",
        "who": [
          "ml:GNormPlus"
        ]
      },
      "fields": {},
      "normalizations": {
        "n_6": {
          "confidence": {
            "prob": 1.0,
            "state": "",
            "who": [
              "ml:GNormPlus"
            ]
          },
          "recName": "STAT3",
          "source": {
            "id": "6774",
            "name": "gene",
            "url": "http://www.ncbi.nlm.nih.gov/gene/6774"
          }
        },
        "n_7": {
          "confidence": {
            "prob": 1.0,
            "state": "",
            "who": [
              "user:Ashish"
            ]
          },
          "recName": "Signal transducer and activator of transcription 3",
          "source": {
            "id": "Q13794",
            "name": "protein",
            "url": "http://www.uniprot.org/uniprot/Q13794"
          }
        }
      },
      "offsets": [
        {
          "start": 1416,
          "text": "STAT3"
        }
      ],
      "part": "s2p1"
    },
    {
      "classId": "e_1",
      "confidence": {
        "prob": 1.0,
        "state": "",
        "who": [
          "ml:GNormPlus"
        ]
      },
      "fields": {},
      "normalizations": {
        "n_6": {
          "confidence": {
            "prob": 1.0,
            "state": "",
            "who": [
              "ml:GNormPlus"
            ]
          },
          "recName": "CDK9",
          "source": {
            "id": "1025",
            "name": "gene",
            "url": "http://www.ncbi.nlm.nih.gov/gene/1025"
          }
        },
        "n_7": {
          "confidence": {
            "prob": 1.0,
            "state": "",
            "who": [
              "user:Ashish"
            ]
          },
          "recName": "Cyclin-dependent kinase 9",
          "source": {
            "id": "Q13794",
            "name": "protein",
            "url": "http://www.uniprot.org/uniprot/Q13794"
          }
        }
      },
      "offsets": [
        {
          "start": 1422,
          "text": "CDK9"
        }
      ],
      "part": "s2p1"
    },
    {
      "classId": "e_1",
      "confidence": {
        "prob": 1.0,
        "state": "",
        "who": [
          "ml:GNormPlus"
        ]
      },
      "fields": {},
      "normalizations": {
        "n_6": {
          "confidence": {
            "prob": 1.0,
            "state": "",
            "who": [
              "ml:GNormPlus"
            ]
          },
          "recName": "CDK9",
          "source": {
            "id": "1025",
            "name": "gene",
            "url": "http://www.ncbi.nlm.nih.gov/gene/1025"
          }
        },
        "n_7": {
          "confidence": {
            "prob": 1.0,
            "state": "",
            "who": [
              "user:Ashish"
            ]
          },
          "recName": "Cyclin-dependent kinase 9",
          "source": {
            "id": "Q13794",
            "name": "protein",
            "url": "http://www.uniprot.org/uniprot/Q13794"
          }
        }
      },
      "offsets": [
        {
          "start": 1474,
          "text": "CDK9"
        }
      ],
      "part": "s2p1"
    },
    {
      "classId": "e_1",
      "confidence": {
        "prob": 1.0,
        "state": "",
        "who": [
          "ml:GNormPlus"
        ]
      },
      "fields": {},
      "normalizations": {
        "n_6": {
          "confidence": {
            "prob": 1.0,
            "state": "",
            "who": [
              "ml:GNormPlus"
            ]
          },
          "recName": "CDK9",
          "source": {
            "id": "1025",
            "name": "gene",
            "url": "http://www.ncbi.nlm.nih.gov/gene/1025"
          }
        },
        "n_7": {
          "confidence": {
            "prob": 1.0,
            "state": "",
            "who": [
              "user:Ashish"
            ]
          },
          "recName": "Cyclin-dependent kinase 9",
          "source": {
            "id": "Q13794",
            "name": "protein",
            "url": "http://www.uniprot.org/uniprot/Q13794"
          }
        }
      },
      "offsets": [
        {
          "start": 1616,
          "text": "CDK9"
        }
      ],
      "part": "s2p1"
    }
  ],
  "metas": {},
  "relations": [
    {
      "classId": "r_4",
      "confidence": {
        "prob": 1,
        "state": "",
        "who": [
          "user:Ashish"
        ]
      },
      "directed": false,
      "entities": [
        "s2p1|286,311",
        "s2p1|275,280"
      ],
      "type": "linked"
    },
    {
      "classId": "r_4",
      "confidence": {
        "prob": 1,
        "state": "",
        "who": [
          "user:Ashish"
        ]
      },
      "directed": false,
      "entities": [
        "s2p1|478,482",
        "s2p1|438,443"
      ],
      "type": "linked"
    },
    {
      "classId": "r_4",
      "confidence": {
        "prob": 1,
        "state": "",
        "who": [
          "user:Ashish"
        ]
      },
      "directed": false,
      "entities": [
        "s2p1|613,617",
        "s2p1|618,623"
      ],
      "type": "linked"
    },
    {
      "classId": "r_4",
      "confidence": {
        "prob": 1,
        "state": "",
        "who": [
          "user:Ashish"
        ]
      },
      "directed": false,
      "entities": [
        "s2p1|1021,1025",
        "s2p1|1011,1016"
      ],
      "type": "linked"
    }
  ],
  "sources": [
    {
      "id": "17956865",
      "name": "MEDLINE",
      "url": "http://ncbi.nlm.nih.gov/pubmed/17956865"
    },
    {
      "id": "17956865",
      "name": "PMID",
      "url": "http://www.ncbi.nlm.nih.gov/pubmed/17956865"
    }
  ]
}