{
  "anncomplete": true,
  "annotatable": {
    "parts": [
      "s1h1",
      "s2h1",
      "s2p1"
    ]
  },
  "entities": [
    {
      "classId": "e_1",
      "confidence": {
        "prob": 1.0,
        "state": "",
        "who": [
          "ml:GNormPlus"
        ]
      },
      "fields": {},
      "normalizations": {
        "n_6": {
          "confidence": {
            "prob": 1.0,
            "state": "",
            "who": [
              "ml:GNormPlus"
            ]
          },
          "recName": "Thbs4",
          "source": {
            "id": "21828",
            "name": "gene",
            "url": "http://www.ncbi.nlm.nih.gov/gene/21828"
          }
        },
        "n_7": {
          "confidence": {
            "prob": 1.0,
            "state": "",
            "who": [
              "user:Ashish"
            ]
          },
          "recName": "Thrombospondin-4",
          "source": {
            "id": "Q9Z1T2",
            "name": "protein",
            "url": "http://www.uniprot.org/uniprot/Q9Z1T2"
          }
        }
      },
      "offsets": [
        {
          "start": 352,
          "text": "Thbs4"
        }
      ],
      "part": "s2p1"
    },
    {
      "classId": "e_1",
      "confidence": {
        "prob": 1.0,
        "state": "",
        "who": [
          "ml:GNormPlus"
        ]
      },
      "fields": {},
      "normalizations": {
        "n_6": {
          "confidence": {
            "prob": 1.0,
            "state": "",
            "who": [
              "ml:GNormPlus"
            ]
          },
          "recName": "Thbs4",
          "source": {
            "id": "21828",
            "name": "gene",
            "url": "http://www.ncbi.nlm.nih.gov/gene/21828"
          }
        },
        "n_7": {
          "confidence": {
            "prob": 1.0,
            "state": "",
            "who": [
              "user:Ashish"
            ]
          },
          "recName": "Thrombospondin-4",
          "source": {
            "id": "Q9Z1T2",
            "name": "protein",
            "url": "http://www.uniprot.org/uniprot/Q9Z1T2"
          }
        }
      },
      "offsets": [
        {
          "start": 438,
          "text": "Thbs4"
        }
      ],
      "part": "s2p1"
    },
    {
      "classId": "e_2",
      "confidence": {
        "prob": 1.0,
        "state": "",
        "who": [
          "ml:GNormPlus"
        ]
      },
      "fields": {},
      "normalizations": {
        "n_6": {
          "confidence": {
            "prob": 1.0,
            "state": "",
            "who": [
              "ml:GNormPlus"
            ]
          },
          "recName": "Atf6",
          "source": {
            "id": "226641",
            "name": "gene",
            "url": "http://www.ncbi.nlm.nih.gov/gene/226641"
          }
        },
        "n_7": {
          "confidence": {
            "prob": 1.0,
            "state": "",
            "who": [
              "user:Ashish"
            ]
          },
          "recName": "Cyclic AMP-dependent transcription factor ATF-6 alpha",
          "source": {
            "id": "F6VAN0",
            "name": "protein",
            "url": "http://www.uniprot.org/uniprot/F6VAN0"
          }
        }
      },
      "offsets": [
        {
          "start": 660,
          "text": "activating transcription factor 6a"
        }
      ],
      "part": "s2p1"
    },
    {
      "classId": "e_2",
      "confidence": {
        "prob": 1.0,
        "state": "",
        "who": [
          "ml:GNormPlus"
        ]
      },
      "fields": {},
      "normalizations": {
        "n_6": {
          "confidence": {
            "prob": 1.0,
            "state": "",
            "who": [
              "ml:GNormPlus"
            ]
          },
          "recName": "Atf6",
          "source": {
            "id": "226641",
            "name": "gene",
            "url": "http://www.ncbi.nlm.nih.gov/gene/226641"
          }
        },
        "n_7": {
          "confidence": {
            "prob": 1.0,
            "state": "",
            "who": [
              "user:Ashish"
            ]
          },
          "recName": "Cyclic AMP-dependent transcription factor ATF-6 alpha",
          "source": {
            "id": "F6VAN0",
            "name": "protein",
            "url": "http://www.uniprot.org/uniprot/F6VAN0"
          }
        }
      },
      "offsets": [
        {
          "start": 696,
          "text": "Atf6a"
        }
      ],
      "part": "s2p1"
    },
    {
      "classId": "e_1",
      "confidence": {
        "prob": 1.0,
        "state": "",
        "who": [
          "ml:GNormPlus"
        ]
      },
      "fields": {},
      "normalizations": {
        "n_6": {
          "confidence": {
            "prob": 1.0,
            "state": "",
            "who": [
              "ml:GNormPlus"
            ]
          },
          "recName": "Thbs4",
          "source": {
            "id": "21828",
            "name": "gene",
            "url": "http://www.ncbi.nlm.nih.gov/gene/21828"
          }
        },
        "n_7": {
          "confidence": {
            "prob": 1.0,
            "state": "",
            "who": [
              "user:Ashish"
            ]
          },
          "recName": "Thrombospondin-4",
          "source": {
            "id": "F6VAN0",
            "name": "protein",
            "url": "http://www.uniprot.org/uniprot/F6VAN0"
          }
        }
      },
      "offsets": [
        {
          "start": 737,
          "text": "Thbs4"
        }
      ],
      "part": "s2p1"
    },
    {
      "classId": "e_2",
      "confidence": {
        "prob": 1.0,
        "state": "",
        "who": [
          "ml:GNormPlus"
        ]
      },
      "fields": {},
      "normalizations": {
        "n_6": {
          "confidence": {
            "prob": 1.0,
            "state": "",
            "who": [
              "ml:GNormPlus"
            ]
          },
          "recName": "Atf6",
          "source": {
            "id": "226641",
            "name": "gene",
            "url": "http://www.ncbi.nlm.nih.gov/gene/226641"
          }
        },
        "n_7": {
          "confidence": {
            "prob": 1.0,
            "state": "",
            "who": [
              "user:Ashish"
            ]
          },
          "recName": "Cyclic AMP-dependent transcription factor ATF-6 alpha",
          "source": {
            "id": "F6VAN0",
            "name": "protein",
            "url": "http://www.uniprot.org/uniprot/F6VAN0"
          }
        }
      },
      "offsets": [
        {
          "start": 782,
          "text": "Atf6a"
        }
      ],
      "part": "s2p1"
    },
    {
      "classId": "e_1",
      "confidence": {
        "prob": 1.0,
        "state": "",
        "who": [
          "ml:GNormPlus"
        ]
      },
      "fields": {},
      "normalizations": {
        "n_6": {
          "confidence": {
            "prob": 1.0,
            "state": "",
            "who": [
              "ml:GNormPlus"
            ]
          },
          "recName": "Thbs4",
          "source": {
            "id": "21828",
            "name": "gene",
            "url": "http://www.ncbi.nlm.nih.gov/gene/21828"
          }
        },
        "n_7": {
          "confidence": {
            "prob": 1.0,
            "state": "",
            "who": [
              "user:Ashish"
            ]
          },
          "recName": "Thrombospondin-4",
          "source": {
            "id": "F6VAN0",
            "name": "protein",
            "url": "http://www.uniprot.org/uniprot/F6VAN0"
          }
        }
      },
      "offsets": [
        {
          "start": 842,
          "text": "Thbs4"
        }
      ],
      "part": "s2p1"
    },
    {
      "classId": "e_2",
      "confidence": {
        "prob": 1.0,
        "state": "",
        "who": [
          "ml:GNormPlus"
        ]
      },
      "fields": {},
      "normalizations": {
        "n_6": {
          "confidence": {
            "prob": 1.0,
            "state": "",
            "who": [
              "ml:GNormPlus"
            ]
          },
          "recName": "Atf6",
          "source": {
            "id": "226641",
            "name": "gene",
            "url": "http://www.ncbi.nlm.nih.gov/gene/226641"
          }
        },
        "n_7": {
          "confidence": {
            "prob": 1.0,
            "state": "",
            "who": [
              "user:Ashish"
            ]
          },
          "recName": "Cyclic AMP-dependent transcription factor ATF-6 alpha",
          "source": {
            "id": "F6VAN0",
            "name": "protein",
            "url": "http://www.uniprot.org/uniprot/F6VAN0"
          }
        }
      },
      "offsets": [
        {
          "start": 882,
          "text": "Atf6a"
        }
      ],
      "part": "s2p1"
    },
    {
      "classId": "e_2",
      "confidence": {
        "prob": 1.0,
        "state": "",
        "who": [
          "ml:GNormPlus"
        ]
      },
      "fields": {},
      "normalizations": {
        "n_6": {
          "confidence": {
            "prob": 1.0,
            "state": "",
            "who": [
              "ml:GNormPlus"
            ]
          },
          "recName": "Atf6",
          "source": {
            "id": "226641",
            "name": "gene",
            "url": "http://www.ncbi.nlm.nih.gov/gene/226641"
          }
        },
        "n_7": {
          "confidence": {
            "prob": 1.0,
            "state": "",
            "who": [
              "user:Ashish"
            ]
          },
          "recName": "Cyclic AMP-dependent transcription factor ATF-6 alpha",
          "source": {
            "id": "F6VAN0",
            "name": "protein",
            "url": "http://www.uniprot.org/uniprot/F6VAN0"
          }
        }
      },
      "offsets": [
        {
          "start": 1044,
          "text": "Atf6a"
        }
      ],
      "part": "s2p1"
    }
  ],
  "metas": {},
  "relations": [
    {
      "classId": "r_4",
      "confidence": {
        "prob": 1,
        "state": "",
        "who": [
          "user:Ashish"
        ]
      },
      "directed": false,
      "entities": [
        "s2p1|737,742",
        "s2p1|782,787"
      ],
      "type": "linked"
    },
    {
      "classId": "r_4",
      "confidence": {
        "prob": 1,
        "state": "",
        "who": [
          "user:Ashish"
        ]
      },
      "directed": false,
      "entities": [
        "s2p1|842,847",
        "s2p1|882,887"
      ],
      "type": "linked"
    }
  ],
  "sources": [
    {
      "id": "22682248",
      "name": "MEDLINE",
      "url": "http://ncbi.nlm.nih.gov/pubmed/22682248"
    },
    {
      "id": "22682248",
      "name": "PMID",
      "url": "http://www.ncbi.nlm.nih.gov/pubmed/22682248"
    }
  ]
}