{
  "anncomplete": true,
  "annotatable": {
    "parts": [
      "s1h1",
      "s2h1",
      "s2p1"
    ]
  },
  "entities": [
    {
      "classId": "e_2",
      "confidence": {
        "prob": 1.0,
        "state": "",
        "who": [
          "ml:GNormPlus"
        ]
      },
      "fields": {},
      "normalizations": {
        "n_6": {
          "confidence": {
            "prob": 1.0,
            "state": "",
            "who": [
              "ml:GNormPlus"
            ]
          },
          "recName": "REL",
          "source": {
            "id": "5966",
            "name": "gene",
            "url": "http://www.ncbi.nlm.nih.gov/gene/5966"
          }
        },
        "n_7": {
          "confidence": {
            "prob": 1.0,
            "state": "",
            "who": [
              "user:Ashish"
            ]
          },
          "recName": "Proto-oncogene c-Rel",
          "source": {
            "id": "Q04864",
            "name": "protein",
            "url": "http://www.uniprot.org/uniprot/Q04864"
          }
        }
      },
      "offsets": [
        {
          "start": 160,
          "text": "Rel"
        }
      ],
      "part": "s2p1"
    },
    {
      "classId": "e_2",
      "confidence": {
        "prob": 1.0,
        "state": "",
        "who": [
          "ml:GNormPlus"
        ]
      },
      "fields": {},
      "normalizations": {
        "n_6": {
          "confidence": {
            "prob": 1.0,
            "state": "",
            "who": [
              "ml:GNormPlus"
            ]
          },
          "recName": "RELA",
          "source": {
            "id": "5970",
            "name": "gene",
            "url": "http://www.ncbi.nlm.nih.gov/gene/5970"
          }
        },
        "n_7": {
          "confidence": {
            "prob": 1.0,
            "state": "",
            "who": [
              "user:Ashish"
            ]
          },
          "recName": "Transcription factor p65",
          "source": {
            "id": "Q04206",
            "name": "protein",
            "url": "http://www.uniprot.org/uniprot/Q04206"
          }
        }
      },
      "offsets": [
        {
          "start": 200,
          "text": "p65"
        }
      ],
      "part": "s2p1"
    },
    {
      "classId": "e_2",
      "confidence": {
        "prob": 1.0,
        "state": "",
        "who": [
          "ml:GNormPlus"
        ]
      },
      "fields": {},
      "normalizations": {
        "n_6": {
          "confidence": {
            "prob": 1.0,
            "state": "",
            "who": [
              "ml:GNormPlus"
            ]
          },
          "recName": "RELA",
          "source": {
            "id": "5970",
            "name": "gene",
            "url": "http://www.ncbi.nlm.nih.gov/gene/5970"
          }
        },
        "n_7": {
          "confidence": {
            "prob": 1.0,
            "state": "",
            "who": [
              "user:Ashish"
            ]
          },
          "recName": "Transcription factor p65",
          "source": {
            "id": "Q04206",
            "name": "protein",
            "url": "http://www.uniprot.org/uniprot/Q04206"
          }
        }
      },
      "offsets": [
        {
          "start": 205,
          "text": "RelA"
        }
      ],
      "part": "s2p1"
    },
    {
      "classId": "e_2",
      "confidence": {
        "prob": 1.0,
        "state": "",
        "who": [
          "ml:GNormPlus"
        ]
      },
      "fields": {},
      "normalizations": {
        "n_6": {
          "confidence": {
            "prob": 1.0,
            "state": "",
            "who": [
              "ml:GNormPlus"
            ]
          },
          "recName": "REL",
          "source": {
            "id": "5966",
            "name": "gene",
            "url": "http://www.ncbi.nlm.nih.gov/gene/5966"
          }
        },
        "n_7": {
          "confidence": {
            "prob": 1.0,
            "state": "",
            "who": [
              "user:Ashish"
            ]
          },
          "recName": "Proto-oncogene c-Rel",
          "source": {
            "id": "Q04206",
            "name": "protein",
            "url": "http://www.uniprot.org/uniprot/Q04206"
          }
        }
      },
      "offsets": [
        {
          "start": 212,
          "text": "c-Rel"
        }
      ],
      "part": "s2p1"
    },
    {
      "classId": "e_2",
      "confidence": {
        "prob": 1.0,
        "state": "",
        "who": [
          "ml:GNormPlus"
        ]
      },
      "fields": {},
      "normalizations": {
        "n_6": {
          "confidence": {
            "prob": 1.0,
            "state": "",
            "who": [
              "ml:GNormPlus"
            ]
          },
          "recName": "REL",
          "source": {
            "id": "5966",
            "name": "gene",
            "url": "http://www.ncbi.nlm.nih.gov/gene/5966"
          }
        },
        "n_7": {
          "confidence": {
            "prob": 1.0,
            "state": "",
            "who": [
              "user:Ashish"
            ]
          },
          "recName": "Proto-oncogene c-Rel",
          "source": {
            "id": "Q04206",
            "name": "protein",
            "url": "http://www.uniprot.org/uniprot/Q04206"
          }
        }
      },
      "offsets": [
        {
          "start": 219,
          "text": "Rel"
        }
      ],
      "part": "s2p1"
    },
    {
      "classId": "e_2",
      "confidence": {
        "prob": 1.0,
        "state": "",
        "who": [
          "ml:GNormPlus"
        ]
      },
      "fields": {},
      "normalizations": {
        "n_6": {
          "confidence": {
            "prob": 1.0,
            "state": "",
            "who": [
              "ml:GNormPlus"
            ]
          },
          "recName": "RELB",
          "source": {
            "id": "5971",
            "name": "gene",
            "url": "http://www.ncbi.nlm.nih.gov/gene/5971"
          }
        },
        "n_7": {
          "confidence": {
            "prob": 1.0,
            "state": "",
            "who": [
              "user:Ashish"
            ]
          },
          "recName": "Transcription factor RelB",
          "source": {
            "id": "Q01201",
            "name": "protein",
            "url": "http://www.uniprot.org/uniprot/Q01201"
          }
        }
      },
      "offsets": [
        {
          "start": 225,
          "text": "RelB"
        }
      ],
      "part": "s2p1"
    },
    {
      "classId": "e_2",
      "confidence": {
        "prob": 1.0,
        "state": "",
        "who": [
          "ml:GNormPlus"
        ]
      },
      "fields": {},
      "normalizations": {
        "n_6": {
          "confidence": {
            "prob": 1.0,
            "state": "",
            "who": [
              "ml:GNormPlus"
            ]
          },
          "recName": "NFKB1",
          "source": {
            "id": "4790",
            "name": "gene",
            "url": "http://www.ncbi.nlm.nih.gov/gene/4790"
          }
        },
        "n_7": {
          "confidence": {
            "prob": 1.0,
            "state": "",
            "who": [
              "user:Ashish"
            ]
          },
          "recName": "Nuclear factor NF-kappa-B p105 subunit",
          "source": {
            "id": "P19838",
            "name": "protein",
            "url": "http://www.uniprot.org/uniprot/P19838"
          }
        }
      },
      "offsets": [
        {
          "start": 242,
          "text": "p50"
        }
      ],
      "part": "s2p1"
    },
    {
      "classId": "e_2",
      "confidence": {
        "prob": 1.0,
        "state": "",
        "who": [
          "ml:GNormPlus"
        ]
      },
      "fields": {},
      "normalizations": {
        "n_6": {
          "confidence": {
            "prob": 1.0,
            "state": "",
            "who": [
              "ml:GNormPlus"
            ]
          },
          "recName": "NFKB2",
          "source": {
            "id": "4791",
            "name": "gene",
            "url": "http://www.ncbi.nlm.nih.gov/gene/4791"
          }
        },
        "n_7": {
          "confidence": {
            "prob": 1.0,
            "state": "",
            "who": [
              "user:Ashish"
            ]
          },
          "recName": "Nuclear factor NF-kappa-B p100 subunit",
          "source": {
            "id": "Q00653",
            "name": "protein",
            "url": "http://www.uniprot.org/uniprot/Q00653"
          }
        }
      },
      "offsets": [
        {
          "start": 262,
          "text": "p52"
        }
      ],
      "part": "s2p1"
    },
    {
      "classId": "e_1",
      "confidence": {
        "prob": 1.0,
        "state": "",
        "who": [
          "ml:GNormPlus"
        ]
      },
      "fields": {},
      "normalizations": {
        "n_6": {
          "confidence": {
            "prob": 1.0,
            "state": "",
            "who": [
              "ml:GNormPlus"
            ]
          },
          "recName": "UNC5CL",
          "source": {
            "id": "222643",
            "name": "gene",
            "url": "http://www.ncbi.nlm.nih.gov/gene/222643"
          }
        },
        "n_7": {
          "confidence": {
            "prob": 1.0,
            "state": "",
            "who": [
              "user:Ashish"
            ]
          },
          "recName": "UNC5C-like protein",
          "source": {
            "id": "Q8IV45",
            "name": "protein",
            "url": "http://www.uniprot.org/uniprot/Q8IV45"
          }
        }
      },
      "offsets": [
        {
          "start": 384,
          "text": "ZUD"
        }
      ],
      "part": "s2p1"
    },
    {
      "classId": "e_1",
      "confidence": {
        "prob": 1.0,
        "state": "",
        "who": [
          "ml:GNormPlus"
        ]
      },
      "fields": {},
      "normalizations": {
        "n_6": {
          "confidence": {
            "prob": 1.0,
            "state": "",
            "who": [
              "ml:GNormPlus"
            ]
          },
          "recName": "UNC5CL",
          "source": {
            "id": "222643",
            "name": "gene",
            "url": "http://www.ncbi.nlm.nih.gov/gene/222643"
          }
        },
        "n_7": {
          "confidence": {
            "prob": 1.0,
            "state": "",
            "who": [
              "user:Ashish"
            ]
          },
          "recName": "UNC5C-like protein",
          "source": {
            "id": "Q8IV45",
            "name": "protein",
            "url": "http://www.uniprot.org/uniprot/Q8IV45"
          }
        }
      },
      "offsets": [
        {
          "start": 432,
          "text": "ZUD"
        }
      ],
      "part": "s2p1"
    },
    {
      "classId": "e_1",
      "confidence": {
        "prob": 1.0,
        "state": "",
        "who": [
          "ml:GNormPlus"
        ]
      },
      "fields": {},
      "normalizations": {
        "n_6": {
          "confidence": {
            "prob": 1.0,
            "state": "",
            "who": [
              "ml:GNormPlus"
            ]
          },
          "recName": "UNC5CL",
          "source": {
            "id": "222643",
            "name": "gene",
            "url": "http://www.ncbi.nlm.nih.gov/gene/222643"
          }
        },
        "n_7": {
          "confidence": {
            "prob": 1.0,
            "state": "",
            "who": [
              "user:Ashish"
            ]
          },
          "recName": "UNC5C-like protein",
          "source": {
            "id": "Q8IV45",
            "name": "protein",
            "url": "http://www.uniprot.org/uniprot/Q8IV45"
          }
        }
      },
      "offsets": [
        {
          "start": 637,
          "text": "ZUD"
        }
      ],
      "part": "s2p1"
    },
    {
      "classId": "e_1",
      "confidence": {
        "prob": 1.0,
        "state": "",
        "who": [
          "ml:GNormPlus"
        ]
      },
      "fields": {},
      "normalizations": {
        "n_6": {
          "confidence": {
            "prob": 1.0,
            "state": "",
            "who": [
              "ml:GNormPlus"
            ]
          },
          "recName": "UNC5CL",
          "source": {
            "id": "222643",
            "name": "gene",
            "url": "http://www.ncbi.nlm.nih.gov/gene/222643"
          }
        },
        "n_7": {
          "confidence": {
            "prob": 1.0,
            "state": "",
            "who": [
              "user:Ashish"
            ]
          },
          "recName": "UNC5C-like protein",
          "source": {
            "id": "Q8IV45",
            "name": "protein",
            "url": "http://www.uniprot.org/uniprot/Q8IV45"
          }
        }
      },
      "offsets": [
        {
          "start": 696,
          "text": "ZUD"
        }
      ],
      "part": "s2p1"
    },
    {
      "classId": "e_1",
      "confidence": {
        "prob": 1.0,
        "state": "",
        "who": [
          "ml:GNormPlus"
        ]
      },
      "fields": {},
      "normalizations": {
        "n_6": {
          "confidence": {
            "prob": 1.0,
            "state": "",
            "who": [
              "ml:GNormPlus"
            ]
          },
          "recName": "UNC5CL",
          "source": {
            "id": "222643",
            "name": "gene",
            "url": "http://www.ncbi.nlm.nih.gov/gene/222643"
          }
        },
        "n_7": {
          "confidence": {
            "prob": 1.0,
            "state": "",
            "who": [
              "user:Ashish"
            ]
          },
          "recName": "UNC5C-like protein",
          "source": {
            "id": "Q8IV45",
            "name": "protein",
            "url": "http://www.uniprot.org/uniprot/Q8IV45"
          }
        }
      },
      "offsets": [
        {
          "start": 774,
          "text": "ZUD"
        }
      ],
      "part": "s2p1"
    },
    {
      "classId": "e_2",
      "confidence": {
        "prob": 1.0,
        "state": "",
        "who": [
          "ml:GNormPlus"
        ]
      },
      "fields": {},
      "normalizations": {
        "n_6": {
          "confidence": {
            "prob": 1.0,
            "state": "",
            "who": [
              "ml:GNormPlus"
            ]
          },
          "recName": "NFKB2",
          "source": {
            "id": "4791",
            "name": "gene",
            "url": "http://www.ncbi.nlm.nih.gov/gene/4791"
          }
        },
        "n_7": {
          "confidence": {
            "prob": 1.0,
            "state": "",
            "who": [
              "user:Ashish"
            ]
          },
          "recName": "Nuclear factor NF-kappa-B p100 subunit",
          "source": {
            "id": "Q8IV45",
            "name": "protein",
            "url": "http://www.uniprot.org/uniprot/Q8IV45"
          }
        }
      },
      "offsets": [
        {
          "start": 816,
          "text": "p105"
        }
      ],
      "part": "s2p1"
    },
    {
      "classId": "e_2",
      "confidence": {
        "prob": 1.0,
        "state": "",
        "who": [
          "ml:GNormPlus"
        ]
      },
      "fields": {},
      "normalizations": {
        "n_6": {
          "confidence": {
            "prob": 1.0,
            "state": "",
            "who": [
              "ml:GNormPlus"
            ]
          },
          "recName": "RELA",
          "source": {
            "id": "5970",
            "name": "gene",
            "url": "http://www.ncbi.nlm.nih.gov/gene/5970"
          }
        },
        "n_7": {
          "confidence": {
            "prob": 1.0,
            "state": "",
            "who": [
              "user:Ashish"
            ]
          },
          "recName": "Transcription factor p65",
          "source": {
            "id": "Q8IV45",
            "name": "protein",
            "url": "http://www.uniprot.org/uniprot/Q8IV45"
          }
        }
      },
      "offsets": [
        {
          "start": 840,
          "text": "p65"
        }
      ],
      "part": "s2p1"
    },
    {
      "classId": "e_1",
      "confidence": {
        "prob": 1.0,
        "state": "",
        "who": [
          "ml:GNormPlus"
        ]
      },
      "fields": {},
      "normalizations": {
        "n_6": {
          "confidence": {
            "prob": 1.0,
            "state": "",
            "who": [
              "ml:GNormPlus"
            ]
          },
          "recName": "UNC5CL",
          "source": {
            "id": "222643",
            "name": "gene",
            "url": "http://www.ncbi.nlm.nih.gov/gene/222643"
          }
        },
        "n_7": {
          "confidence": {
            "prob": 1.0,
            "state": "",
            "who": [
              "user:Ashish"
            ]
          },
          "recName": "UNC5C-like protein",
          "source": {
            "id": "Q8IV45",
            "name": "protein",
            "url": "http://www.uniprot.org/uniprot/Q8IV45"
          }
        }
      },
      "offsets": [
        {
          "start": 922,
          "text": "ZUD"
        }
      ],
      "part": "s2p1"
    },
    {
      "classId": "e_1",
      "confidence": {
        "prob": 1.0,
        "state": "",
        "who": [
          "ml:GNormPlus"
        ]
      },
      "fields": {},
      "normalizations": {
        "n_6": {
          "confidence": {
            "prob": 1.0,
            "state": "",
            "who": [
              "ml:GNormPlus"
            ]
          },
          "recName": "UNC5CL",
          "source": {
            "id": "222643",
            "name": "gene",
            "url": "http://www.ncbi.nlm.nih.gov/gene/222643"
          }
        },
        "n_7": {
          "confidence": {
            "prob": 1.0,
            "state": "",
            "who": [
              "user:Ashish"
            ]
          },
          "recName": "UNC5C-like protein",
          "source": {
            "id": "P50591",
            "name": "protein",
            "url": "http://www.uniprot.org/uniprot/P50591"
          }
        }
      },
      "offsets": [
        {
          "start": 1052,
          "text": "ZUD"
        }
      ],
      "part": "s2p1"
    }
  ],
  "metas": {},
  "relations": [
    {
      "classId": "r_4",
      "confidence": {
        "prob": 1,
        "state": "",
        "who": [
          "user:Ashish"
        ]
      },
      "directed": false,
      "entities": [
        "s2p1|774,777",
        "s2p1|816,820"
      ],
      "type": "linked"
    },
    {
      "classId": "r_4",
      "confidence": {
        "prob": 1,
        "state": "",
        "who": [
          "user:Ashish"
        ]
      },
      "directed": false,
      "entities": [
        "s2p1|774,777",
        "s2p1|840,843"
      ],
      "type": "linked"
    }
  ],
  "sources": [
    {
      "id": "14769797",
      "name": "MEDLINE",
      "url": "http://ncbi.nlm.nih.gov/pubmed/14769797"
    },
    {
      "id": "14769797",
      "name": "PMID",
      "url": "http://www.ncbi.nlm.nih.gov/pubmed/14769797"
    }
  ]
}