{
  "anncomplete": true,
  "annotatable": {
    "parts": [
      "s1h1",
      "s2h1",
      "s2p1"
    ]
  },
  "entities": [
    {
      "classId": "e_1",
      "confidence": {
        "prob": 1.0,
        "state": "",
        "who": [
          "ml:GNormPlus"
        ]
      },
      "fields": {},
      "normalizations": {
        "n_6": {
          "confidence": {
            "prob": 1.0,
            "state": "",
            "who": [
              "ml:GNormPlus"
            ]
          },
          "recName": "LAT2",
          "source": {
            "id": "7462",
            "name": "gene",
            "url": "http://www.ncbi.nlm.nih.gov/gene/7462"
          }
        },
        "n_7": {
          "confidence": {
            "prob": 1.0,
            "state": "",
            "who": [
              "user:Ashish"
            ]
          },
          "recName": "Linker for activation of T-cells family member 2",
          "source": {
            "id": "Q9GZY6",
            "name": "protein",
            "url": "http://www.uniprot.org/uniprot/Q9GZY6"
          }
        }
      },
      "offsets": [
        {
          "start": 0,
          "text": "Non-T cell activation linker"
        }
      ],
      "part": "s1h1"
    },
    {
      "classId": "e_1",
      "confidence": {
        "prob": 1.0,
        "state": "",
        "who": [
          "ml:GNormPlus"
        ]
      },
      "fields": {},
      "normalizations": {
        "n_6": {
          "confidence": {
            "prob": 1.0,
            "state": "",
            "who": [
              "ml:GNormPlus"
            ]
          },
          "recName": "LAT2",
          "source": {
            "id": "7462",
            "name": "gene",
            "url": "http://www.ncbi.nlm.nih.gov/gene/7462"
          }
        },
        "n_7": {
          "confidence": {
            "prob": 1.0,
            "state": "",
            "who": [
              "user:Ashish"
            ]
          },
          "recName": "Linker for activation of T-cells family member 2",
          "source": {
            "id": "Q9GZY6",
            "name": "protein",
            "url": "http://www.uniprot.org/uniprot/Q9GZY6"
          }
        }
      },
      "offsets": [
        {
          "start": 30,
          "text": "NTAL"
        }
      ],
      "part": "s1h1"
    },
    {
      "classId": "e_1",
      "confidence": {
        "prob": 1.0,
        "state": "",
        "who": [
          "ml:GNormPlus"
        ]
      },
      "fields": {},
      "normalizations": {
        "n_6": {
          "confidence": {
            "prob": 1.0,
            "state": "",
            "who": [
              "ml:GNormPlus"
            ]
          },
          "recName": "LAT2",
          "source": {
            "id": "7462",
            "name": "gene",
            "url": "http://www.ncbi.nlm.nih.gov/gene/7462"
          }
        },
        "n_7": {
          "confidence": {
            "prob": 1.0,
            "state": "",
            "who": [
              "user:Ashish"
            ]
          },
          "recName": "Linker for activation of T-cells family member 2",
          "source": {
            "id": "Q9GZY6",
            "name": "protein",
            "url": "http://www.uniprot.org/uniprot/Q9GZY6"
          }
        }
      },
      "offsets": [
        {
          "start": 744,
          "text": "NTAL"
        }
      ],
      "part": "s2p1"
    },
    {
      "classId": "e_1",
      "confidence": {
        "prob": 1.0,
        "state": "",
        "who": [
          "ml:GNormPlus"
        ]
      },
      "fields": {},
      "normalizations": {
        "n_6": {
          "confidence": {
            "prob": 1.0,
            "state": "",
            "who": [
              "ml:GNormPlus"
            ]
          },
          "recName": "LAT2",
          "source": {
            "id": "7462",
            "name": "gene",
            "url": "http://www.ncbi.nlm.nih.gov/gene/7462"
          }
        },
        "n_7": {
          "confidence": {
            "prob": 1.0,
            "state": "",
            "who": [
              "user:Ashish"
            ]
          },
          "recName": "Linker for activation of T-cells family member 2",
          "source": {
            "id": "Q9GZY6",
            "name": "protein",
            "url": "http://www.uniprot.org/uniprot/Q9GZY6"
          }
        }
      },
      "offsets": [
        {
          "start": 750,
          "text": "non-T cell activation linker"
        }
      ],
      "part": "s2p1"
    },
    {
      "classId": "e_1",
      "confidence": {
        "prob": 1.0,
        "state": "",
        "who": [
          "ml:GNormPlus"
        ]
      },
      "fields": {},
      "normalizations": {
        "n_6": {
          "confidence": {
            "prob": 1.0,
            "state": "",
            "who": [
              "ml:GNormPlus"
            ]
          },
          "recName": "LAT2",
          "source": {
            "id": "7462",
            "name": "gene",
            "url": "http://www.ncbi.nlm.nih.gov/gene/7462"
          }
        },
        "n_7": {
          "confidence": {
            "prob": 1.0,
            "state": "",
            "who": [
              "user:Ashish"
            ]
          },
          "recName": "Linker for activation of T-cells family member 2",
          "source": {
            "id": "Q9GZY6",
            "name": "protein",
            "url": "http://www.uniprot.org/uniprot/Q9GZY6"
          }
        }
      },
      "offsets": [
        {
          "start": 822,
          "text": "WBSCR5"
        }
      ],
      "part": "s2p1"
    },
    {
      "classId": "e_1",
      "confidence": {
        "prob": 1.0,
        "state": "",
        "who": [
          "ml:GNormPlus"
        ]
      },
      "fields": {},
      "normalizations": {
        "n_6": {
          "confidence": {
            "prob": 1.0,
            "state": "",
            "who": [
              "ml:GNormPlus"
            ]
          },
          "recName": "LAT2",
          "source": {
            "id": "7462",
            "name": "gene",
            "url": "http://www.ncbi.nlm.nih.gov/gene/7462"
          }
        },
        "n_7": {
          "confidence": {
            "prob": 1.0,
            "state": "",
            "who": [
              "user:Ashish"
            ]
          },
          "recName": "Linker for activation of T-cells family member 2",
          "source": {
            "id": "Q9GZY6",
            "name": "protein",
            "url": "http://www.uniprot.org/uniprot/Q9GZY6"
          }
        }
      },
      "offsets": [
        {
          "start": 862,
          "text": "NTAL"
        }
      ],
      "part": "s2p1"
    },
    {
      "classId": "e_1",
      "confidence": {
        "prob": 1.0,
        "state": "",
        "who": [
          "ml:GNormPlus"
        ]
      },
      "fields": {},
      "normalizations": {
        "n_6": {
          "confidence": {
            "prob": 1.0,
            "state": "",
            "who": [
              "ml:GNormPlus"
            ]
          },
          "recName": "GRB2",
          "source": {
            "id": "2885",
            "name": "gene",
            "url": "http://www.ncbi.nlm.nih.gov/gene/2885"
          }
        },
        "n_7": {
          "confidence": {
            "prob": 1.0,
            "state": "",
            "who": [
              "user:Ashish"
            ]
          },
          "recName": "Growth factor receptor-bound protein 2",
          "source": {
            "id": "P62993",
            "name": "protein",
            "url": "http://www.uniprot.org/uniprot/P62993"
          }
        }
      },
      "offsets": [
        {
          "start": 1088,
          "text": "Grb2"
        }
      ],
      "part": "s2p1"
    },
    {
      "classId": "e_1",
      "confidence": {
        "prob": 1.0,
        "state": "",
        "who": [
          "ml:GNormPlus"
        ]
      },
      "fields": {},
      "normalizations": {
        "n_6": {
          "confidence": {
            "prob": 1.0,
            "state": "",
            "who": [
              "ml:GNormPlus"
            ]
          },
          "recName": "SOS1",
          "source": {
            "id": "6654",
            "name": "gene",
            "url": "http://www.ncbi.nlm.nih.gov/gene/6654"
          }
        },
        "n_7": {
          "confidence": {
            "prob": 1.0,
            "state": "",
            "who": [
              "user:Ashish"
            ]
          },
          "recName": "Son of sevenless homolog 1",
          "source": {
            "id": "Q07889",
            "name": "protein",
            "url": "http://www.uniprot.org/uniprot/Q07889"
          }
        }
      },
      "offsets": [
        {
          "start": 1094,
          "text": "Sos1"
        }
      ],
      "part": "s2p1"
    },
    {
      "classId": "e_1",
      "confidence": {
        "prob": 1.0,
        "state": "",
        "who": [
          "ml:GNormPlus"
        ]
      },
      "fields": {},
      "normalizations": {
        "n_6": {
          "confidence": {
            "prob": 1.0,
            "state": "",
            "who": [
              "ml:GNormPlus"
            ]
          },
          "recName": "GAB1",
          "source": {
            "id": "2549",
            "name": "gene",
            "url": "http://www.ncbi.nlm.nih.gov/gene/2549"
          }
        },
        "n_7": {
          "confidence": {
            "prob": 1.0,
            "state": "",
            "who": [
              "user:Ashish"
            ]
          },
          "recName": "GRB2-associated-binding protein 1",
          "source": {
            "id": "Q13480",
            "name": "protein",
            "url": "http://www.uniprot.org/uniprot/Q13480"
          }
        }
      },
      "offsets": [
        {
          "start": 1100,
          "text": "Gab1"
        }
      ],
      "part": "s2p1"
    },
    {
      "classId": "e_2",
      "confidence": {
        "prob": 1.0,
        "state": "",
        "who": [
          "ml:GNormPlus"
        ]
      },
      "fields": {},
      "normalizations": {
        "n_6": {
          "confidence": {
            "prob": 1.0,
            "state": "",
            "who": [
              "ml:GNormPlus"
            ]
          },
          "recName": "CBL",
          "source": {
            "id": "867",
            "name": "gene",
            "url": "http://www.ncbi.nlm.nih.gov/gene/867"
          }
        },
        "n_7": {
          "confidence": {
            "prob": 1.0,
            "state": "",
            "who": [
              "user:Ashish"
            ]
          },
          "recName": "E3 ubiquitin-protein ligase CBL",
          "source": {
            "id": "P22681",
            "name": "protein",
            "url": "http://www.uniprot.org/uniprot/P22681"
          }
        }
      },
      "offsets": [
        {
          "start": 1110,
          "text": "c-Cbl"
        }
      ],
      "part": "s2p1"
    },
    {
      "classId": "e_1",
      "confidence": {
        "prob": 1.0,
        "state": "",
        "who": [
          "ml:GNormPlus"
        ]
      },
      "fields": {},
      "normalizations": {
        "n_6": {
          "confidence": {
            "prob": 1.0,
            "state": "",
            "who": [
              "ml:GNormPlus"
            ]
          },
          "recName": "LAT2",
          "source": {
            "id": "7462",
            "name": "gene",
            "url": "http://www.ncbi.nlm.nih.gov/gene/7462"
          }
        },
        "n_7": {
          "confidence": {
            "prob": 1.0,
            "state": "",
            "who": [
              "user:Ashish"
            ]
          },
          "recName": "Linker for activation of T-cells family member 2",
          "source": {
            "id": "P22681",
            "name": "protein",
            "url": "http://www.uniprot.org/uniprot/P22681"
          }
        }
      },
      "offsets": [
        {
          "start": 1117,
          "text": "NTAL"
        }
      ],
      "part": "s2p1"
    },
    {
      "classId": "e_2",
      "confidence": {
        "prob": 1.0,
        "state": "",
        "who": [
          "ml:GNormPlus"
        ]
      },
      "fields": {},
      "normalizations": {
        "n_6": {
          "confidence": {
            "prob": 1.0,
            "state": "",
            "who": [
              "ml:GNormPlus"
            ]
          },
          "recName": "MAPK1",
          "source": {
            "id": "5594",
            "name": "gene",
            "url": "http://www.ncbi.nlm.nih.gov/gene/5594"
          }
        },
        "n_7": {
          "confidence": {
            "prob": 1.0,
            "state": "",
            "who": [
              "user:Ashish"
            ]
          },
          "recName": "Mitogen-activated protein kinase 1",
          "source": {
            "id": "P27361",
            "name": "protein",
            "url": "http://www.uniprot.org/uniprot/P27361"
          }
        }
      },
      "offsets": [
        {
          "start": 1232,
          "text": "Erk1/2"
        }
      ],
      "part": "s2p1"
    },
    {
      "classId": "e_1",
      "confidence": {
        "prob": 1.0,
        "state": "",
        "who": [
          "ml:GNormPlus"
        ]
      },
      "fields": {},
      "normalizations": {
        "n_6": {
          "confidence": {
            "prob": 1.0,
            "state": "",
            "who": [
              "ml:GNormPlus"
            ]
          },
          "recName": "LAT2",
          "source": {
            "id": "7462",
            "name": "gene",
            "url": "http://www.ncbi.nlm.nih.gov/gene/7462"
          }
        },
        "n_7": {
          "confidence": {
            "prob": 1.0,
            "state": "",
            "who": [
              "user:Ashish"
            ]
          },
          "recName": "Linker for activation of T-cells family member 2",
          "source": {
            "id": "P27361",
            "name": "protein",
            "url": "http://www.uniprot.org/uniprot/P27361"
          }
        }
      },
      "offsets": [
        {
          "start": 1334,
          "text": "NTAL"
        }
      ],
      "part": "s2p1"
    }
  ],
  "metas": {},
  "relations": [
    {
      "classId": "r_4",
      "confidence": {
        "prob": 1,
        "state": "",
        "who": [
          "user:Ashish"
        ]
      },
      "directed": false,
      "entities": [
        "s2p1|862,866",
        "s2p1|1110,1115"
      ],
      "type": "linked"
    }
  ],
  "sources": [
    {
      "id": "12486104",
      "name": "MEDLINE",
      "url": "http://ncbi.nlm.nih.gov/pubmed/12486104"
    },
    {
      "id": "12486104",
      "name": "PMID",
      "url": "http://www.ncbi.nlm.nih.gov/pubmed/12486104"
    }
  ]
}