{
  "anncomplete": true,
  "annotatable": {
    "parts": [
      "s1h1",
      "s2h1",
      "s2p1"
    ]
  },
  "entities": [
    {
      "classId": "e_1",
      "confidence": {
        "prob": 1.0,
        "state": "",
        "who": [
          "ml:GNormPlus"
        ]
      },
      "fields": {},
      "normalizations": {
        "n_6": {
          "confidence": {
            "prob": 1.0,
            "state": "",
            "who": [
              "ml:GNormPlus"
            ]
          },
          "recName": "PELP1",
          "source": {
            "id": "27043",
            "name": "gene",
            "url": "http://www.ncbi.nlm.nih.gov/gene/27043"
          }
        },
        "n_7": {
          "confidence": {
            "prob": 1.0,
            "state": "",
            "who": [
              "user:Ashish"
            ]
          },
          "recName": "Proline-, glutamic acid- and leucine-rich protein 1",
          "source": {
            "id": "Q8IZL8",
            "name": "protein",
            "url": "http://www.uniprot.org/uniprot/Q8IZL8"
          }
        }
      },
      "offsets": [
        {
          "start": 75,
          "text": "PELP1"
        }
      ],
      "part": "s1h1"
    },
    {
      "classId": "e_2",
      "confidence": {
        "prob": 1.0,
        "state": "",
        "who": [
          "ml:GNormPlus"
        ]
      },
      "fields": {},
      "normalizations": {
        "n_6": {
          "confidence": {
            "prob": 1.0,
            "state": "",
            "who": [
              "ml:GNormPlus"
            ]
          },
          "recName": "RXRA",
          "source": {
            "id": "6256",
            "name": "gene",
            "url": "http://www.ncbi.nlm.nih.gov/gene/6256"
          }
        },
        "n_7": {
          "confidence": {
            "prob": 1.0,
            "state": "",
            "who": [
              "user:Ashish"
            ]
          },
          "recName": "Retinoic acid receptor RXR-alpha",
          "source": {
            "id": "P19793",
            "name": "protein",
            "url": "http://www.uniprot.org/uniprot/P19793"
          }
        }
      },
      "offsets": [
        {
          "start": 109,
          "text": "retinoid X receptor alpha"
        }
      ],
      "part": "s1h1"
    },
    {
      "classId": "e_2",
      "confidence": {
        "prob": 1.0,
        "state": "",
        "who": [
          "ml:GNormPlus"
        ]
      },
      "fields": {},
      "normalizations": {
        "n_6": {
          "confidence": {
            "prob": 1.0,
            "state": "",
            "who": [
              "ml:GNormPlus"
            ]
          },
          "recName": "RXRA",
          "source": {
            "id": "6256",
            "name": "gene",
            "url": "http://www.ncbi.nlm.nih.gov/gene/6256"
          }
        },
        "n_7": {
          "confidence": {
            "prob": 1.0,
            "state": "",
            "who": [
              "user:Ashish"
            ]
          },
          "recName": "Retinoic acid receptor RXR-alpha",
          "source": {
            "id": "P19793",
            "name": "protein",
            "url": "http://www.uniprot.org/uniprot/P19793"
          }
        }
      },
      "offsets": [
        {
          "start": 0,
          "text": "Retinoid X receptor alpha"
        }
      ],
      "part": "s2p1"
    },
    {
      "classId": "e_2",
      "confidence": {
        "prob": 1.0,
        "state": "",
        "who": [
          "ml:GNormPlus"
        ]
      },
      "fields": {},
      "normalizations": {
        "n_6": {
          "confidence": {
            "prob": 1.0,
            "state": "",
            "who": [
              "ml:GNormPlus"
            ]
          },
          "recName": "RXRA",
          "source": {
            "id": "6256",
            "name": "gene",
            "url": "http://www.ncbi.nlm.nih.gov/gene/6256"
          }
        },
        "n_7": {
          "confidence": {
            "prob": 1.0,
            "state": "",
            "who": [
              "user:Ashish"
            ]
          },
          "recName": "Retinoic acid receptor RXR-alpha",
          "source": {
            "id": "P19793",
            "name": "protein",
            "url": "http://www.uniprot.org/uniprot/P19793"
          }
        }
      },
      "offsets": [
        {
          "start": 27,
          "text": "RXRalpha"
        }
      ],
      "part": "s2p1"
    },
    {
      "classId": "e_2",
      "confidence": {
        "prob": 1.0,
        "state": "",
        "who": [
          "ml:GNormPlus"
        ]
      },
      "fields": {},
      "normalizations": {
        "n_6": {
          "confidence": {
            "prob": 1.0,
            "state": "",
            "who": [
              "ml:GNormPlus"
            ]
          },
          "recName": "RXRA",
          "source": {
            "id": "6256",
            "name": "gene",
            "url": "http://www.ncbi.nlm.nih.gov/gene/6256"
          }
        },
        "n_7": {
          "confidence": {
            "prob": 1.0,
            "state": "",
            "who": [
              "user:Ashish"
            ]
          },
          "recName": "Retinoic acid receptor RXR-alpha",
          "source": {
            "id": "P19793",
            "name": "protein",
            "url": "http://www.uniprot.org/uniprot/P19793"
          }
        }
      },
      "offsets": [
        {
          "start": 229,
          "text": "RXRalpha"
        }
      ],
      "part": "s2p1"
    },
    {
      "classId": "e_2",
      "confidence": {
        "prob": 1.0,
        "state": "",
        "who": [
          "ml:GNormPlus"
        ]
      },
      "fields": {},
      "normalizations": {
        "n_6": {
          "confidence": {
            "prob": 1.0,
            "state": "",
            "who": [
              "ml:GNormPlus"
            ]
          },
          "recName": "RXRA",
          "source": {
            "id": "6256",
            "name": "gene",
            "url": "http://www.ncbi.nlm.nih.gov/gene/6256"
          }
        },
        "n_7": {
          "confidence": {
            "prob": 1.0,
            "state": "",
            "who": [
              "user:Ashish"
            ]
          },
          "recName": "Retinoic acid receptor RXR-alpha",
          "source": {
            "id": "P19793",
            "name": "protein",
            "url": "http://www.uniprot.org/uniprot/P19793"
          }
        }
      },
      "offsets": [
        {
          "start": 398,
          "text": "RXRalpha"
        }
      ],
      "part": "s2p1"
    },
    {
      "classId": "e_1",
      "confidence": {
        "prob": 1.0,
        "state": "",
        "who": [
          "ml:GNormPlus"
        ]
      },
      "fields": {},
      "normalizations": {
        "n_6": {
          "confidence": {
            "prob": 1.0,
            "state": "",
            "who": [
              "ml:GNormPlus"
            ]
          },
          "recName": "PELP1",
          "source": {
            "id": "27043",
            "name": "gene",
            "url": "http://www.ncbi.nlm.nih.gov/gene/27043"
          }
        },
        "n_7": {
          "confidence": {
            "prob": 1.0,
            "state": "",
            "who": [
              "user:Ashish"
            ]
          },
          "recName": "Proline-, glutamic acid- and leucine-rich protein 1",
          "source": {
            "id": "P19793",
            "name": "protein",
            "url": "http://www.uniprot.org/uniprot/P19793"
          }
        }
      },
      "offsets": [
        {
          "start": 492,
          "text": "PELP1"
        }
      ],
      "part": "s2p1"
    },
    {
      "classId": "e_1",
      "confidence": {
        "prob": 1.0,
        "state": "",
        "who": [
          "ml:GNormPlus"
        ]
      },
      "fields": {},
      "normalizations": {
        "n_6": {
          "confidence": {
            "prob": 1.0,
            "state": "",
            "who": [
              "ml:GNormPlus"
            ]
          },
          "recName": "PELP1",
          "source": {
            "id": "27043",
            "name": "gene",
            "url": "http://www.ncbi.nlm.nih.gov/gene/27043"
          }
        },
        "n_7": {
          "confidence": {
            "prob": 1.0,
            "state": "",
            "who": [
              "user:Ashish"
            ]
          },
          "recName": "Proline-, glutamic acid- and leucine-rich protein 1",
          "source": {
            "id": "P19793",
            "name": "protein",
            "url": "http://www.uniprot.org/uniprot/P19793"
          }
        }
      },
      "offsets": [
        {
          "start": 554,
          "text": "PELP1"
        }
      ],
      "part": "s2p1"
    },
    {
      "classId": "e_2",
      "confidence": {
        "prob": 1.0,
        "state": "",
        "who": [
          "ml:GNormPlus"
        ]
      },
      "fields": {},
      "normalizations": {
        "n_6": {
          "confidence": {
            "prob": 1.0,
            "state": "",
            "who": [
              "ml:GNormPlus"
            ]
          },
          "recName": "RXRA",
          "source": {
            "id": "6256",
            "name": "gene",
            "url": "http://www.ncbi.nlm.nih.gov/gene/6256"
          }
        },
        "n_7": {
          "confidence": {
            "prob": 1.0,
            "state": "",
            "who": [
              "user:Ashish"
            ]
          },
          "recName": "Retinoic acid receptor RXR-alpha",
          "source": {
            "id": "P19793",
            "name": "protein",
            "url": "http://www.uniprot.org/uniprot/P19793"
          }
        }
      },
      "offsets": [
        {
          "start": 591,
          "text": "RXRalpha"
        }
      ],
      "part": "s2p1"
    },
    {
      "classId": "e_1",
      "confidence": {
        "prob": 1.0,
        "state": "",
        "who": [
          "ml:GNormPlus"
        ]
      },
      "fields": {},
      "normalizations": {
        "n_6": {
          "confidence": {
            "prob": 1.0,
            "state": "",
            "who": [
              "ml:GNormPlus"
            ]
          },
          "recName": "PELP1",
          "source": {
            "id": "27043",
            "name": "gene",
            "url": "http://www.ncbi.nlm.nih.gov/gene/27043"
          }
        },
        "n_7": {
          "confidence": {
            "prob": 1.0,
            "state": "",
            "who": [
              "user:Ashish"
            ]
          },
          "recName": "Proline-, glutamic acid- and leucine-rich protein 1",
          "source": {
            "id": "P19793",
            "name": "protein",
            "url": "http://www.uniprot.org/uniprot/P19793"
          }
        }
      },
      "offsets": [
        {
          "start": 739,
          "text": "PELP1"
        }
      ],
      "part": "s2p1"
    },
    {
      "classId": "e_2",
      "confidence": {
        "prob": 1.0,
        "state": "",
        "who": [
          "ml:GNormPlus"
        ]
      },
      "fields": {},
      "normalizations": {
        "n_6": {
          "confidence": {
            "prob": 1.0,
            "state": "",
            "who": [
              "ml:GNormPlus"
            ]
          },
          "recName": "RXRA",
          "source": {
            "id": "6256",
            "name": "gene",
            "url": "http://www.ncbi.nlm.nih.gov/gene/6256"
          }
        },
        "n_7": {
          "confidence": {
            "prob": 1.0,
            "state": "",
            "who": [
              "user:Ashish"
            ]
          },
          "recName": "Retinoic acid receptor RXR-alpha",
          "source": {
            "id": "P19793",
            "name": "protein",
            "url": "http://www.uniprot.org/uniprot/P19793"
          }
        }
      },
      "offsets": [
        {
          "start": 782,
          "text": "RXRalpha"
        }
      ],
      "part": "s2p1"
    },
    {
      "classId": "e_2",
      "confidence": {
        "prob": 1.0,
        "state": "",
        "who": [
          "ml:GNormPlus"
        ]
      },
      "fields": {},
      "normalizations": {
        "n_6": {
          "confidence": {
            "prob": 1.0,
            "state": "",
            "who": [
              "ml:GNormPlus"
            ]
          },
          "recName": "RXRA",
          "source": {
            "id": "6256",
            "name": "gene",
            "url": "http://www.ncbi.nlm.nih.gov/gene/6256"
          }
        },
        "n_7": {
          "confidence": {
            "prob": 1.0,
            "state": "",
            "who": [
              "user:Ashish"
            ]
          },
          "recName": "Retinoic acid receptor RXR-alpha",
          "source": {
            "id": "P19793",
            "name": "protein",
            "url": "http://www.uniprot.org/uniprot/P19793"
          }
        }
      },
      "offsets": [
        {
          "start": 945,
          "text": "RXRalpha"
        }
      ],
      "part": "s2p1"
    },
    {
      "classId": "e_1",
      "confidence": {
        "prob": 1.0,
        "state": "",
        "who": [
          "ml:GNormPlus"
        ]
      },
      "fields": {},
      "normalizations": {
        "n_6": {
          "confidence": {
            "prob": 1.0,
            "state": "",
            "who": [
              "ml:GNormPlus"
            ]
          },
          "recName": "PELP1",
          "source": {
            "id": "27043",
            "name": "gene",
            "url": "http://www.ncbi.nlm.nih.gov/gene/27043"
          }
        },
        "n_7": {
          "confidence": {
            "prob": 1.0,
            "state": "",
            "who": [
              "user:Ashish"
            ]
          },
          "recName": "Proline-, glutamic acid- and leucine-rich protein 1",
          "source": {
            "id": "P19793",
            "name": "protein",
            "url": "http://www.uniprot.org/uniprot/P19793"
          }
        }
      },
      "offsets": [
        {
          "start": 998,
          "text": "PELP1"
        }
      ],
      "part": "s2p1"
    },
    {
      "classId": "e_1",
      "confidence": {
        "prob": 1.0,
        "state": "",
        "who": [
          "ml:GNormPlus"
        ]
      },
      "fields": {},
      "normalizations": {
        "n_6": {
          "confidence": {
            "prob": 1.0,
            "state": "",
            "who": [
              "ml:GNormPlus"
            ]
          },
          "recName": "PELP1",
          "source": {
            "id": "27043",
            "name": "gene",
            "url": "http://www.ncbi.nlm.nih.gov/gene/27043"
          }
        },
        "n_7": {
          "confidence": {
            "prob": 1.0,
            "state": "",
            "who": [
              "user:Ashish"
            ]
          },
          "recName": "Proline-, glutamic acid- and leucine-rich protein 1",
          "source": {
            "id": "P19793",
            "name": "protein",
            "url": "http://www.uniprot.org/uniprot/P19793"
          }
        }
      },
      "offsets": [
        {
          "start": 1077,
          "text": "PELP1"
        }
      ],
      "part": "s2p1"
    },
    {
      "classId": "e_2",
      "confidence": {
        "prob": 1.0,
        "state": "",
        "who": [
          "ml:GNormPlus"
        ]
      },
      "fields": {},
      "normalizations": {
        "n_6": {
          "confidence": {
            "prob": 1.0,
            "state": "",
            "who": [
              "ml:GNormPlus"
            ]
          },
          "recName": "RXRA",
          "source": {
            "id": "6256",
            "name": "gene",
            "url": "http://www.ncbi.nlm.nih.gov/gene/6256"
          }
        },
        "n_7": {
          "confidence": {
            "prob": 1.0,
            "state": "",
            "who": [
              "user:Ashish"
            ]
          },
          "recName": "Retinoic acid receptor RXR-alpha",
          "source": {
            "id": "P19793",
            "name": "protein",
            "url": "http://www.uniprot.org/uniprot/P19793"
          }
        }
      },
      "offsets": [
        {
          "start": 1114,
          "text": "RXRalpha"
        }
      ],
      "part": "s2p1"
    },
    {
      "classId": "e_1",
      "confidence": {
        "prob": 1.0,
        "state": "",
        "who": [
          "ml:GNormPlus"
        ]
      },
      "fields": {},
      "normalizations": {
        "n_6": {
          "confidence": {
            "prob": 1.0,
            "state": "",
            "who": [
              "ml:GNormPlus"
            ]
          },
          "recName": "PELP1",
          "source": {
            "id": "27043",
            "name": "gene",
            "url": "http://www.ncbi.nlm.nih.gov/gene/27043"
          }
        },
        "n_7": {
          "confidence": {
            "prob": 1.0,
            "state": "",
            "who": [
              "user:Ashish"
            ]
          },
          "recName": "Proline-, glutamic acid- and leucine-rich protein 1",
          "source": {
            "id": "P19793",
            "name": "protein",
            "url": "http://www.uniprot.org/uniprot/P19793"
          }
        }
      },
      "offsets": [
        {
          "start": 1198,
          "text": "PELP1"
        }
      ],
      "part": "s2p1"
    },
    {
      "classId": "e_1",
      "confidence": {
        "prob": 1.0,
        "state": "",
        "who": [
          "ml:GNormPlus"
        ]
      },
      "fields": {},
      "normalizations": {
        "n_6": {
          "confidence": {
            "prob": 1.0,
            "state": "",
            "who": [
              "ml:GNormPlus"
            ]
          },
          "recName": "PELP1",
          "source": {
            "id": "27043",
            "name": "gene",
            "url": "http://www.ncbi.nlm.nih.gov/gene/27043"
          }
        },
        "n_7": {
          "confidence": {
            "prob": 1.0,
            "state": "",
            "who": [
              "user:Ashish"
            ]
          },
          "recName": "Proline-, glutamic acid- and leucine-rich protein 1",
          "source": {
            "id": "P19793",
            "name": "protein",
            "url": "http://www.uniprot.org/uniprot/P19793"
          }
        }
      },
      "offsets": [
        {
          "start": 1223,
          "text": "PELP1"
        }
      ],
      "part": "s2p1"
    },
    {
      "classId": "e_1",
      "confidence": {
        "prob": 1.0,
        "state": "",
        "who": [
          "ml:GNormPlus"
        ]
      },
      "fields": {},
      "normalizations": {
        "n_6": {
          "confidence": {
            "prob": 1.0,
            "state": "",
            "who": [
              "ml:GNormPlus"
            ]
          },
          "recName": "PELP1",
          "source": {
            "id": "27043",
            "name": "gene",
            "url": "http://www.ncbi.nlm.nih.gov/gene/27043"
          }
        },
        "n_7": {
          "confidence": {
            "prob": 1.0,
            "state": "",
            "who": [
              "user:Ashish"
            ]
          },
          "recName": "Proline-, glutamic acid- and leucine-rich protein 1",
          "source": {
            "id": "P19793",
            "name": "protein",
            "url": "http://www.uniprot.org/uniprot/P19793"
          }
        }
      },
      "offsets": [
        {
          "start": 1377,
          "text": "PELP1"
        }
      ],
      "part": "s2p1"
    },
    {
      "classId": "e_1",
      "confidence": {
        "prob": 1.0,
        "state": "",
        "who": [
          "ml:GNormPlus"
        ]
      },
      "fields": {},
      "normalizations": {
        "n_6": {
          "confidence": {
            "prob": 1.0,
            "state": "",
            "who": [
              "ml:GNormPlus"
            ]
          },
          "recName": "PELP1",
          "source": {
            "id": "27043",
            "name": "gene",
            "url": "http://www.ncbi.nlm.nih.gov/gene/27043"
          }
        },
        "n_7": {
          "confidence": {
            "prob": 1.0,
            "state": "",
            "who": [
              "user:Ashish"
            ]
          },
          "recName": "Proline-, glutamic acid- and leucine-rich protein 1",
          "source": {
            "id": "P19793",
            "name": "protein",
            "url": "http://www.uniprot.org/uniprot/P19793"
          }
        }
      },
      "offsets": [
        {
          "start": 1422,
          "text": "PELP1"
        }
      ],
      "part": "s2p1"
    },
    {
      "classId": "e_1",
      "confidence": {
        "prob": 1.0,
        "state": "",
        "who": [
          "ml:GNormPlus"
        ]
      },
      "fields": {},
      "normalizations": {
        "n_6": {
          "confidence": {
            "prob": 1.0,
            "state": "",
            "who": [
              "ml:GNormPlus"
            ]
          },
          "recName": "PELP1",
          "source": {
            "id": "27043",
            "name": "gene",
            "url": "http://www.ncbi.nlm.nih.gov/gene/27043"
          }
        },
        "n_7": {
          "confidence": {
            "prob": 1.0,
            "state": "",
            "who": [
              "user:Ashish"
            ]
          },
          "recName": "Proline-, glutamic acid- and leucine-rich protein 1",
          "source": {
            "id": "P19793",
            "name": "protein",
            "url": "http://www.uniprot.org/uniprot/P19793"
          }
        }
      },
      "offsets": [
        {
          "start": 1456,
          "text": "PELP1"
        }
      ],
      "part": "s2p1"
    },
    {
      "classId": "e_1",
      "confidence": {
        "prob": 1.0,
        "state": "",
        "who": [
          "ml:GNormPlus"
        ]
      },
      "fields": {},
      "normalizations": {
        "n_6": {
          "confidence": {
            "prob": 1.0,
            "state": "",
            "who": [
              "ml:GNormPlus"
            ]
          },
          "recName": "PELP1",
          "source": {
            "id": "27043",
            "name": "gene",
            "url": "http://www.ncbi.nlm.nih.gov/gene/27043"
          }
        },
        "n_7": {
          "confidence": {
            "prob": 1.0,
            "state": "",
            "who": [
              "user:Ashish"
            ]
          },
          "recName": "Proline-, glutamic acid- and leucine-rich protein 1",
          "source": {
            "id": "P19793",
            "name": "protein",
            "url": "http://www.uniprot.org/uniprot/P19793"
          }
        }
      },
      "offsets": [
        {
          "start": 1559,
          "text": "PELP1"
        }
      ],
      "part": "s2p1"
    },
    {
      "classId": "e_2",
      "confidence": {
        "prob": 1.0,
        "state": "",
        "who": [
          "ml:GNormPlus"
        ]
      },
      "fields": {},
      "normalizations": {
        "n_6": {
          "confidence": {
            "prob": 1.0,
            "state": "",
            "who": [
              "ml:GNormPlus"
            ]
          },
          "recName": "PPARG",
          "source": {
            "id": "5468",
            "name": "gene",
            "url": "http://www.ncbi.nlm.nih.gov/gene/5468"
          }
        },
        "n_7": {
          "confidence": {
            "prob": 1.0,
            "state": "",
            "who": [
              "user:Ashish"
            ]
          },
          "recName": "Peroxisome proliferator-activated receptor gamma",
          "source": {
            "id": "P37231",
            "name": "protein",
            "url": "http://www.uniprot.org/uniprot/P37231"
          }
        }
      },
      "offsets": [
        {
          "start": 1662,
          "text": "PPARgamma"
        }
      ],
      "part": "s2p1"
    },
    {
      "classId": "e_2",
      "confidence": {
        "prob": 1.0,
        "state": "",
        "who": [
          "ml:GNormPlus"
        ]
      },
      "fields": {},
      "normalizations": {
        "n_6": {
          "confidence": {
            "prob": 1.0,
            "state": "",
            "who": [
              "ml:GNormPlus"
            ]
          },
          "recName": "PPARG",
          "source": {
            "id": "5468",
            "name": "gene",
            "url": "http://www.ncbi.nlm.nih.gov/gene/5468"
          }
        },
        "n_7": {
          "confidence": {
            "prob": 1.0,
            "state": "",
            "who": [
              "user:Ashish"
            ]
          },
          "recName": "Peroxisome proliferator-activated receptor gamma",
          "source": {
            "id": "P37231",
            "name": "protein",
            "url": "http://www.uniprot.org/uniprot/P37231"
          }
        }
      },
      "offsets": [
        {
          "start": 1813,
          "text": "PPARgamma"
        }
      ],
      "part": "s2p1"
    },
    {
      "classId": "e_1",
      "confidence": {
        "prob": 1.0,
        "state": "",
        "who": [
          "ml:GNormPlus"
        ]
      },
      "fields": {},
      "normalizations": {
        "n_6": {
          "confidence": {
            "prob": 1.0,
            "state": "",
            "who": [
              "ml:GNormPlus"
            ]
          },
          "recName": "PELP1",
          "source": {
            "id": "27043",
            "name": "gene",
            "url": "http://www.ncbi.nlm.nih.gov/gene/27043"
          }
        },
        "n_7": {
          "confidence": {
            "prob": 1.0,
            "state": "",
            "who": [
              "user:Ashish"
            ]
          },
          "recName": "Proline-, glutamic acid- and leucine-rich protein 1",
          "source": {
            "id": "P37231",
            "name": "protein",
            "url": "http://www.uniprot.org/uniprot/P37231"
          }
        }
      },
      "offsets": [
        {
          "start": 1889,
          "text": "PELP1"
        }
      ],
      "part": "s2p1"
    },
    {
      "classId": "e_2",
      "confidence": {
        "prob": 1.0,
        "state": "",
        "who": [
          "ml:GNormPlus"
        ]
      },
      "fields": {},
      "normalizations": {
        "n_6": {
          "confidence": {
            "prob": 1.0,
            "state": "",
            "who": [
              "ml:GNormPlus"
            ]
          },
          "recName": "PPARG",
          "source": {
            "id": "5468",
            "name": "gene",
            "url": "http://www.ncbi.nlm.nih.gov/gene/5468"
          }
        },
        "n_7": {
          "confidence": {
            "prob": 1.0,
            "state": "",
            "who": [
              "user:Ashish"
            ]
          },
          "recName": "Peroxisome proliferator-activated receptor gamma",
          "source": {
            "id": "P37231",
            "name": "protein",
            "url": "http://www.uniprot.org/uniprot/P37231"
          }
        }
      },
      "offsets": [
        {
          "start": 1959,
          "text": "PPARgamma"
        }
      ],
      "part": "s2p1"
    },
    {
      "classId": "e_1",
      "confidence": {
        "prob": 1.0,
        "state": "",
        "who": [
          "ml:GNormPlus"
        ]
      },
      "fields": {},
      "normalizations": {
        "n_6": {
          "confidence": {
            "prob": 1.0,
            "state": "",
            "who": [
              "ml:GNormPlus"
            ]
          },
          "recName": "PELP1",
          "source": {
            "id": "27043",
            "name": "gene",
            "url": "http://www.ncbi.nlm.nih.gov/gene/27043"
          }
        },
        "n_7": {
          "confidence": {
            "prob": 1.0,
            "state": "",
            "who": [
              "user:Ashish"
            ]
          },
          "recName": "Proline-, glutamic acid- and leucine-rich protein 1",
          "source": {
            "id": "P37231",
            "name": "protein",
            "url": "http://www.uniprot.org/uniprot/P37231"
          }
        }
      },
      "offsets": [
        {
          "start": 2028,
          "text": "PELP1"
        }
      ],
      "part": "s2p1"
    },
    {
      "classId": "e_2",
      "confidence": {
        "prob": 1.0,
        "state": "",
        "who": [
          "ml:GNormPlus"
        ]
      },
      "fields": {},
      "normalizations": {
        "n_6": {
          "confidence": {
            "prob": 1.0,
            "state": "",
            "who": [
              "ml:GNormPlus"
            ]
          },
          "recName": "PPARG",
          "source": {
            "id": "5468",
            "name": "gene",
            "url": "http://www.ncbi.nlm.nih.gov/gene/5468"
          }
        },
        "n_7": {
          "confidence": {
            "prob": 1.0,
            "state": "",
            "who": [
              "user:Ashish"
            ]
          },
          "recName": "Peroxisome proliferator-activated receptor gamma",
          "source": {
            "id": "P37231",
            "name": "protein",
            "url": "http://www.uniprot.org/uniprot/P37231"
          }
        }
      },
      "offsets": [
        {
          "start": 2142,
          "text": "PPARgamma"
        }
      ],
      "part": "s2p1"
    }
  ],
  "metas": {},
  "relations": [
    {
      "classId": "r_4",
      "confidence": {
        "prob": 1,
        "state": "",
        "who": [
          "user:Ashish"
        ]
      },
      "directed": false,
      "entities": [
        "s1h1|75,80",
        "s1h1|109,134"
      ],
      "type": "linked"
    },
    {
      "classId": "r_4",
      "confidence": {
        "prob": 1,
        "state": "",
        "who": [
          "user:Ashish"
        ]
      },
      "directed": false,
      "entities": [
        "s2p1|554,559",
        "s2p1|591,599"
      ],
      "type": "linked"
    },
    {
      "classId": "r_4",
      "confidence": {
        "prob": 1,
        "state": "",
        "who": [
          "user:Ashish"
        ]
      },
      "directed": false,
      "entities": [
        "s2p1|739,744",
        "s2p1|782,790"
      ],
      "type": "linked"
    }
  ],
  "sources": [
    {
      "id": "16574651",
      "name": "MEDLINE",
      "url": "http://ncbi.nlm.nih.gov/pubmed/16574651"
    },
    {
      "id": "16574651",
      "name": "PMID",
      "url": "http://www.ncbi.nlm.nih.gov/pubmed/16574651"
    }
  ]
}